Mod:Item:MetaData, Localized Name
minecraft:air, Воздух
minecraft:stone:0, Камень
minecraft:stone:1, Гранит
minecraft:stone:2, Полированный гранит
minecraft:stone:3, Диорит
minecraft:stone:4, Полированный диорит
minecraft:stone:5, Андезит
minecraft:stone:6, Полированный андезит
minecraft:grass, Дёрн
minecraft:dirt:0, Земля
minecraft:dirt:1, Каменистая земля
minecraft:dirt:2, Подзол
minecraft:cobblestone, Булыжник
minecraft:planks:0, Дубовые доски
minecraft:planks:1, Еловые доски
minecraft:planks:2, Берёзовые доски
minecraft:planks:3, Доски из тропического дерева
minecraft:planks:4, Акациевые доски
minecraft:planks:5, Доски из тёмного дуба
minecraft:sapling:0, Саженец дуба
minecraft:sapling:1, Еловый саженец
minecraft:sapling:2, Саженец берёзы
minecraft:sapling:3, Саженец тропического дерева
minecraft:sapling:4, Саженец акации
minecraft:sapling:5, Саженец тёмного дуба
minecraft:bedrock, Бедрок
minecraft:sand:0, Песок
minecraft:sand:1, Красный песок
minecraft:gravel, Гравий
minecraft:gold_ore, Золотая руда
minecraft:iron_ore, Железная руда
minecraft:coal_ore, Каменный уголь
minecraft:log:0, Дуб
minecraft:log:1, Ель
minecraft:log:2, Берёза
minecraft:log:3, Тропическое дерево
minecraft:leaves:0, Дубовые листья
minecraft:leaves:1, Хвоя
minecraft:leaves:2, Берёзовые листья
minecraft:leaves:3, Листья тропического дерева
minecraft:sponge:0, Губка
minecraft:sponge:1, Мокрая губка
minecraft:glass, Стекло
minecraft:lapis_ore, Лазуритовая руда
minecraft:lapis_block, Лазуритовый блок
minecraft:dispenser, Раздатчик
minecraft:sandstone:0, Песчаник
minecraft:sandstone:1, Резной песчаник
minecraft:sandstone:2, Гладкий песчаник
minecraft:noteblock, Нотный блок
minecraft:golden_rail, Энергорельсы
minecraft:detector_rail, Рельсы с датчиком
minecraft:sticky_piston, Липкий поршень
minecraft:web, Паутина
minecraft:tallgrass:1, Трава
minecraft:tallgrass:2, Папоротник
minecraft:deadbush, Мёртвый куст
minecraft:piston, Поршень
minecraft:wool:0, Белая шерсть
minecraft:wool:1, Оранжевая шерсть
minecraft:wool:2, Пурпурная шерсть
minecraft:wool:3, Голубая шерсть
minecraft:wool:4, Жёлтая шерсть
minecraft:wool:5, Лаймовая шерсть
minecraft:wool:6, Розовая шерсть
minecraft:wool:7, Серая шерсть
minecraft:wool:8, Светло-серая шерсть
minecraft:wool:9, Бирюзовая шерсть
minecraft:wool:10, Фиолетовая шерсть
minecraft:wool:11, Синяя шерсть
minecraft:wool:12, Коричневая шерсть
minecraft:wool:13, Зелёная шерсть
minecraft:wool:14, Красная шерсть
minecraft:wool:15, Чёрная шерсть
minecraft:yellow_flower:0, Одуванчик
minecraft:red_flower:0, Мак
minecraft:red_flower:1, Синяя орхидея
minecraft:red_flower:2, Лук-батун
minecraft:red_flower:3, Голубой василёк
minecraft:red_flower:4, Красный тюльпан
minecraft:red_flower:5, Оранжевый тюльпан
minecraft:red_flower:6, Белый тюльпан
minecraft:red_flower:7, Розовый тюльпан
minecraft:red_flower:8, Ромашка
minecraft:brown_mushroom, Гриб
minecraft:red_mushroom, Гриб
minecraft:gold_block, Золотой блок
minecraft:iron_block, Железный блок
minecraft:stone_slab:0, Каменная плита
minecraft:stone_slab:1, Песчаниковая плита
minecraft:stone_slab:3, Булыжная плита
minecraft:stone_slab:4, Кирпичная плита
minecraft:stone_slab:5, Плита из каменных кирпичей
minecraft:stone_slab:6, Незеритовая плита
minecraft:stone_slab:7, Кварцевая плита
minecraft:brick_block, Кирпичи
minecraft:tnt, Динамит
minecraft:bookshelf, Книжная полка из дуба
minecraft:mossy_cobblestone, Замшелый булыжник
minecraft:obsidian, Обсидиан
minecraft:torch, Факел
minecraft:mob_spawner, Рассадник монстров
minecraft:oak_stairs, Дубовые ступеньки
minecraft:chest, Дубовый сундук
minecraft:diamond_ore, Алмазная руда
minecraft:diamond_block, Алмазный блок
minecraft:crafting_table, Верстак
minecraft:farmland, Пашня
minecraft:furnace, Печь
minecraft:ladder, Лестница
minecraft:rail, Рельсы
minecraft:stone_stairs, Булыжные ступеньки
minecraft:lever, Рычаг
minecraft:stone_pressure_plate, Каменная нажимная плита
minecraft:wooden_pressure_plate, Дубовая нажимная плита
minecraft:redstone_ore, Редстоуновая руда
minecraft:redstone_torch, Редстоуновый факел
minecraft:stone_button, Кнопка
minecraft:snow_layer, Снег
minecraft:ice, Лёд
minecraft:snow, Снег
minecraft:cactus, Кактус
minecraft:clay, Глина
minecraft:jukebox, Проигрыватель
minecraft:fence, Дубовый забор
minecraft:pumpkin, Тыква
minecraft:netherrack, Незерит
minecraft:soul_sand, Песок душ
minecraft:glowstone, Светокамень
minecraft:lit_pumpkin, Светильник Джека
minecraft:stained_glass:0, Белое стекло
minecraft:stained_glass:1, Оранжевое стекло
minecraft:stained_glass:2, Пурпурное стекло
minecraft:stained_glass:3, Голубое стекло
minecraft:stained_glass:4, Жёлтое стекло
minecraft:stained_glass:5, Лаймовое стекло
minecraft:stained_glass:6, Розовое стекло
minecraft:stained_glass:7, Серое стекло
minecraft:stained_glass:8, Светло-серое стекло
minecraft:stained_glass:9, Бирюзовое стекло
minecraft:stained_glass:10, Фиолетовое стекло
minecraft:stained_glass:11, Синее стекло
minecraft:stained_glass:12, Коричневое стекло
minecraft:stained_glass:13, Зелёное стекло
minecraft:stained_glass:14, Красное стекло
minecraft:stained_glass:15, Чёрное стекло
minecraft:trapdoor, Дубовый люк
minecraft:monster_egg:0, Камень с монстрами
minecraft:monster_egg:1, Булыжник с монстрами
minecraft:monster_egg:2, Каменный кирпич с монстрами
minecraft:monster_egg:3, Замшелый каменный кирпич с монстрами
minecraft:monster_egg:4, Потрескавшийся каменный кирпич с монстрами
minecraft:monster_egg:5, Резной каменный кирпич с монстрами
minecraft:stonebrick:0, Каменные кирпичи
minecraft:stonebrick:1, Замшелые каменные кирпичи
minecraft:stonebrick:2, Потрескавшиеся каменные кирпичи
minecraft:stonebrick:3, Резные каменные кирпичи
minecraft:brown_mushroom_block, Гриб
minecraft:red_mushroom_block, Гриб
minecraft:iron_bars, Железные прутья
minecraft:glass_pane, Стеклянная панель
minecraft:melon_block, Арбуз
minecraft:vine, Лианы
minecraft:fence_gate, Дубовая калитка
minecraft:brick_stairs, Кирпичные ступеньки
minecraft:stone_brick_stairs, Ступеньки из каменного кирпича
minecraft:mycelium, Мицелий
minecraft:waterlily, Кувшинка
minecraft:nether_brick, Незеритовые кирпичи
minecraft:nether_brick_fence, Незеритовый забор
minecraft:nether_brick_stairs, Незеритовые ступеньки
minecraft:enchanting_table, Чародейский стол
minecraft:end_portal_frame, Портал в Энд
minecraft:end_stone, Эндерняк
minecraft:dragon_egg, Яйцо дракона
minecraft:redstone_lamp, Редстоуновый фонарь
minecraft:wooden_slab:0, Дубовая плита
minecraft:wooden_slab:1, Еловая плита
minecraft:wooden_slab:2, Берёзовая плита
minecraft:wooden_slab:3, Плита из тропического дерева
minecraft:wooden_slab:4, Акациевая плита
minecraft:wooden_slab:5, Плита из тёмного дуба
minecraft:sandstone_stairs, Песчаниковые ступеньки
minecraft:emerald_ore, Изумрудная руда
minecraft:ender_chest, Эндер-сундук
minecraft:tripwire_hook, Крюк
minecraft:emerald_block, Изумрудный блок
minecraft:spruce_stairs, Еловые ступеньки
minecraft:birch_stairs, Берёзовые ступеньки
minecraft:jungle_stairs, Ступеньки из тропического дерева
minecraft:command_block, Командный блок
minecraft:beacon, Маяк
minecraft:cobblestone_wall:0, Булыжная ограда
minecraft:cobblestone_wall:1, Замшелая булыжная ограда
minecraft:wooden_button, Дубовая кнопка
minecraft:anvil:0, Наковальня
minecraft:anvil:1, Повреждённая наковальня
minecraft:anvil:2, Сильно повреждённая наковальня
minecraft:trapped_chest, Сундук-ловушка из дуба
minecraft:light_weighted_pressure_plate, Весовая пластина
minecraft:heavy_weighted_pressure_plate, Большегрузная весовая пластина
minecraft:daylight_detector, Датчик дневного света
minecraft:redstone_block, Редстоуновый блок
minecraft:quartz_ore, Незер-кварцевая руда
minecraft:hopper, Воронка
minecraft:quartz_block:0, Кварцевый блок
minecraft:quartz_block:1, Резной кварцевый блок
minecraft:quartz_block:2, Кварцевая колонна
minecraft:quartz_stairs, Кварцевые ступеньки
minecraft:activator_rail, Активирующие рельсы
minecraft:dropper, Выбрасыватель
minecraft:stained_hardened_clay:0, Белая керамика
minecraft:stained_hardened_clay:1, Оранжевая керамика
minecraft:stained_hardened_clay:2, Пурпурная керамика
minecraft:stained_hardened_clay:3, Голубая керамика
minecraft:stained_hardened_clay:4, Жёлтая керамика
minecraft:stained_hardened_clay:5, Лаймовая керамика
minecraft:stained_hardened_clay:6, Розовая керамика
minecraft:stained_hardened_clay:7, Серая керамика
minecraft:stained_hardened_clay:8, Светло-серая керамика
minecraft:stained_hardened_clay:9, Бирюзовая керамика
minecraft:stained_hardened_clay:10, Фиолетовая керамика
minecraft:stained_hardened_clay:11, Синяя керамика
minecraft:stained_hardened_clay:12, Коричневая керамика
minecraft:stained_hardened_clay:13, Зелёная керамика
minecraft:stained_hardened_clay:14, Красная керамика
minecraft:stained_hardened_clay:15, Чёрная керамика
minecraft:stained_glass_pane:0, Белая стеклянная панель
minecraft:stained_glass_pane:1, Оранжевая стеклянная панель
minecraft:stained_glass_pane:2, Пурпурная стеклянная панель
minecraft:stained_glass_pane:3, Голубая стеклянная панель
minecraft:stained_glass_pane:4, Жёлтая стеклянная панель
minecraft:stained_glass_pane:5, Лаймовая стеклянная панель
minecraft:stained_glass_pane:6, Розовая стеклянная панель
minecraft:stained_glass_pane:7, Серая стеклянная панель
minecraft:stained_glass_pane:8, Светло-серая стеклянная панель
minecraft:stained_glass_pane:9, Бирюзовая стеклянная панель
minecraft:stained_glass_pane:10, Фиолетовая стеклянная панель
minecraft:stained_glass_pane:11, Синяя стеклянная панель
minecraft:stained_glass_pane:12, Коричневая стеклянная панель
minecraft:stained_glass_pane:13, Зелёная стеклянная панель
minecraft:stained_glass_pane:14, Красная стеклянная панель
minecraft:stained_glass_pane:15, Чёрная стеклянная панель
minecraft:leaves2:0, Листья акации
minecraft:leaves2:1, Листья тёмного дуба
minecraft:log2:0, Акация
minecraft:log2:1, Тёмный дуб
minecraft:acacia_stairs, Акациевые ступеньки
minecraft:dark_oak_stairs, Ступеньки из тёмного дуба
minecraft:slime, Green Slime Block
minecraft:barrier, Барьер
minecraft:iron_trapdoor, Железный люк
minecraft:prismarine:0, Призмарин
minecraft:prismarine:1, Призмариновые кирпичи
minecraft:prismarine:2, Тёмный призмарин
minecraft:sea_lantern, Морской фонарь
minecraft:hay_block, Сноп сена
minecraft:carpet:0, Белый ковёр
minecraft:carpet:1, Оранжевый ковёр
minecraft:carpet:2, Пурпурный ковёр
minecraft:carpet:3, Голубой ковёр
minecraft:carpet:4, Жёлтый ковёр
minecraft:carpet:5, Лаймовый ковёр
minecraft:carpet:6, Розовый ковёр
minecraft:carpet:7, Серый ковёр
minecraft:carpet:8, Светло-серый ковёр
minecraft:carpet:9, Бирюзовый ковёр
minecraft:carpet:10, Фиолетовый ковёр
minecraft:carpet:11, Синий ковёр
minecraft:carpet:12, Коричневый ковёр
minecraft:carpet:13, Зелёный ковёр
minecraft:carpet:14, Красный ковёр
minecraft:carpet:15, Чёрный ковёр
minecraft:hardened_clay, Терракота
minecraft:coal_block, Угольный блок
minecraft:packed_ice, Плотный лёд
minecraft:double_plant:0, Подсолнух
minecraft:double_plant:1, Сирень
minecraft:double_plant:2, Высокая трава
minecraft:double_plant:3, Раскидистый папоротник
minecraft:double_plant:4, Розовый куст
minecraft:double_plant:5, Пион
minecraft:red_sandstone:0, Красный песчаник
minecraft:red_sandstone:1, Резной красный песчаник
minecraft:red_sandstone:2, Гладкий красный песчаник
minecraft:red_sandstone_stairs, Ступеньки из красного песчаника
minecraft:stone_slab2:0, Плита из красного песчаника
minecraft:spruce_fence_gate, Еловая калитка
minecraft:birch_fence_gate, Берёзовая калитка
minecraft:jungle_fence_gate, Калитка из тропического дерева
minecraft:dark_oak_fence_gate, Калитка из тёмного дуба
minecraft:acacia_fence_gate, Акациевая калитка
minecraft:spruce_fence, Еловый забор
minecraft:birch_fence, Берёзовый забор
minecraft:jungle_fence, Забор из тропического дерева
minecraft:dark_oak_fence, Забор из тёмного дуба
minecraft:acacia_fence, Акациевый забор
minecraft:end_rod, Стержень Энда
minecraft:chorus_plant, Хорус
minecraft:chorus_flower, Цветок хоруса
minecraft:purpur_block, Пурпур
minecraft:purpur_pillar, Пурпуровый пилон
minecraft:purpur_stairs, Пурпуровые ступеньки
minecraft:purpur_slab:0, Пурпуровая плита
minecraft:end_bricks, Эндерняковые кирпичи
minecraft:grass_path, Тропа
minecraft:repeating_command_block, Повторяющий командный блок
minecraft:chain_command_block, Последовательный командный блок
minecraft:magma, Магма
minecraft:nether_wart_block, Блок нароста из Незера
minecraft:red_nether_brick, Красный незеритовый кирпич
minecraft:bone_block, Костный блок
minecraft:structure_void, Пустой блок
minecraft:observer, Наблюдатель
minecraft:white_shulker_box, Белый шалкеровый ящик
minecraft:orange_shulker_box, Оранжевый шалкеровый ящик
minecraft:magenta_shulker_box, Пурпурный шалкеровый ящик
minecraft:light_blue_shulker_box, Голубой шалкеровый ящик
minecraft:yellow_shulker_box, Жёлтый шалкеровый ящик
minecraft:lime_shulker_box, Лаймовый шалкеровый ящик
minecraft:pink_shulker_box, Розовый шалкеровый ящик
minecraft:gray_shulker_box, Серый шалкеровый ящик
minecraft:silver_shulker_box, Светло-серый шалкеровый ящик
minecraft:cyan_shulker_box, Бирюзовый шалкеровый ящик
minecraft:purple_shulker_box, Фиолетовый шалкеровый ящик
minecraft:blue_shulker_box, Синий шалкеровый ящик
minecraft:brown_shulker_box, Коричневый шалкеровый ящик
minecraft:green_shulker_box, Зелёный шалкеровый ящик
minecraft:red_shulker_box, Красный шалкеровый ящик
minecraft:black_shulker_box, Чёрный шалкеровый ящик
minecraft:white_glazed_terracotta, Белая глазурованная керамика
minecraft:orange_glazed_terracotta, Оранжевая глазурованная керамика
minecraft:magenta_glazed_terracotta, Пурпурная глазурованная керамика
minecraft:light_blue_glazed_terracotta, Голубая глазурованная керамика
minecraft:yellow_glazed_terracotta, Жёлтая глазурованная керамика
minecraft:lime_glazed_terracotta, Лаймовая глазурованная керамика
minecraft:pink_glazed_terracotta, Розовая глазурованная керамика
minecraft:gray_glazed_terracotta, Серая глазурованная керамика
minecraft:silver_glazed_terracotta, Светло-серая глазурованная керамика
minecraft:cyan_glazed_terracotta, Бирюзовая глазурованная керамика
minecraft:purple_glazed_terracotta, Фиолетовая глазурованная керамика
minecraft:blue_glazed_terracotta, Синяя глазурованная керамика
minecraft:brown_glazed_terracotta, Коричневая глазурованная керамика
minecraft:green_glazed_terracotta, Зелёная глазурованная керамика
minecraft:red_glazed_terracotta, Красная глазурованная керамика
minecraft:black_glazed_terracotta, Чёрная глазурованная керамика
minecraft:concrete:0, Белый бетон
minecraft:concrete:1, Оранжевый бетон
minecraft:concrete:2, Пурпурный бетон
minecraft:concrete:3, Голубой бетон
minecraft:concrete:4, Жёлтый бетон
minecraft:concrete:5, Лаймовый бетон
minecraft:concrete:6, Розовый бетон
minecraft:concrete:7, Серый бетон
minecraft:concrete:8, Светло-серый бетон
minecraft:concrete:9, Бирюзовый бетон
minecraft:concrete:10, Фиолетовый бетон
minecraft:concrete:11, Синий бетон
minecraft:concrete:12, Коричневый бетон
minecraft:concrete:13, Зелёный бетон
minecraft:concrete:14, Красный бетон
minecraft:concrete:15, Чёрный бетон
minecraft:concrete_powder:0, Белый цемент
minecraft:concrete_powder:1, Оранжевый цемент
minecraft:concrete_powder:2, Пурпурный цемент
minecraft:concrete_powder:3, Голубой цемент
minecraft:concrete_powder:4, Жёлтый цемент
minecraft:concrete_powder:5, Лаймовый цемент
minecraft:concrete_powder:6, Розовый цемент
minecraft:concrete_powder:7, Серый цемент
minecraft:concrete_powder:8, Светло-серый цемент
minecraft:concrete_powder:9, Бирюзовый цемент
minecraft:concrete_powder:10, Фиолетовый цемент
minecraft:concrete_powder:11, Синий цемент
minecraft:concrete_powder:12, Коричневый цемент
minecraft:concrete_powder:13, Зелёный цемент
minecraft:concrete_powder:14, Красный цемент
minecraft:concrete_powder:15, Чёрный цемент
minecraft:structure_block, Блок-конструктор
minecraft:iron_shovel, Железная лопата
minecraft:iron_pickaxe, Железная кирка
minecraft:iron_axe, Железный топор
minecraft:flint_and_steel, Огниво
minecraft:apple, Яблоко
minecraft:bow, Лук
minecraft:arrow, Стрела
minecraft:coal:0, Уголь
minecraft:coal:1, Древесный уголь
minecraft:diamond, Алмаз
minecraft:iron_ingot, Железный слиток
minecraft:gold_ingot, Золотой слиток
minecraft:iron_sword, Железный меч
minecraft:wooden_sword, Деревянный меч
minecraft:wooden_shovel, Деревянная лопата
minecraft:wooden_pickaxe, Деревянная кирка
minecraft:wooden_axe, Деревянный топор
minecraft:stone_sword, Каменный меч
minecraft:stone_shovel, Каменная лопата
minecraft:stone_pickaxe, Каменная кирка
minecraft:stone_axe, Каменный топор
minecraft:diamond_sword, Алмазный меч
minecraft:diamond_shovel, Алмазная лопата
minecraft:diamond_pickaxe, Алмазная кирка
minecraft:diamond_axe, Алмазный топор
minecraft:stick, Палка
minecraft:bowl, Миска
minecraft:mushroom_stew, Тушёные грибы
minecraft:golden_sword, Золотой меч
minecraft:golden_shovel, Золотая лопата
minecraft:golden_pickaxe, Золотая кирка
minecraft:golden_axe, Золотой топор
minecraft:string, Нить
minecraft:feather, Перо
minecraft:gunpowder, Порох
minecraft:wooden_hoe, Деревянная мотыга
minecraft:stone_hoe, Каменная мотыга
minecraft:iron_hoe, Железная мотыга
minecraft:diamond_hoe, Алмазная мотыга
minecraft:golden_hoe, Золотая мотыга
minecraft:wheat_seeds, Семена пшеницы
minecraft:wheat, Пшеница
minecraft:bread, Хлеб
minecraft:leather_helmet, Кожаный шлем
minecraft:leather_chestplate, Кожаная куртка
minecraft:leather_leggings, Кожаные штаны
minecraft:leather_boots, Кожаные ботинки
minecraft:chainmail_helmet, Койф
minecraft:chainmail_chestplate, Кольчуга
minecraft:chainmail_leggings, Кольчужные поножи
minecraft:chainmail_boots, Кольчужные ботинки
minecraft:iron_helmet, Железный шлем
minecraft:iron_chestplate, Железный нагрудник
minecraft:iron_leggings, Железные поножи
minecraft:iron_boots, Железные ботинки
minecraft:diamond_helmet, Алмазный шлем
minecraft:diamond_chestplate, Алмазный нагрудник
minecraft:diamond_leggings, Алмазные поножи
minecraft:diamond_boots, Алмазные ботинки
minecraft:golden_helmet, Золотой шлем
minecraft:golden_chestplate, Золотой нагрудник
minecraft:golden_leggings, Золотые поножи
minecraft:golden_boots, Золотые ботинки
minecraft:flint, Кремень
minecraft:porkchop, Сырая свинина
minecraft:cooked_porkchop, Жареная свинина
minecraft:painting, Картина
minecraft:golden_apple:0, Золотое яблоко
minecraft:golden_apple:1, Золотое яблоко
minecraft:sign, Табличка
minecraft:wooden_door, Дубовая дверь
minecraft:bucket, Ведро
minecraft:water_bucket, Ведро воды
minecraft:lava_bucket, Ведро лавы
minecraft:minecart, Вагонетка
minecraft:saddle, Седло
minecraft:iron_door, Железная дверь
minecraft:redstone, Редстоун
minecraft:snowball, Снежок
minecraft:boat, Дубовая лодка
minecraft:leather, Кожа
minecraft:milk_bucket, Молоко
minecraft:brick, Кирпич
minecraft:clay_ball, Глина
minecraft:reeds, Сахарный тростник
minecraft:paper, Бумага
minecraft:book, Книга
minecraft:slime_ball, Сгусток слизи
minecraft:chest_minecart, Грузовая вагонетка
minecraft:furnace_minecart, Самоходная вагонетка
minecraft:egg, Яйцо
minecraft:compass, Компас
minecraft:fishing_rod, Удочка
minecraft:clock, Часы
minecraft:glowstone_dust, Светокаменная пыль
minecraft:fish:0, Сырая треска
minecraft:fish:1, Сырой лосось
minecraft:fish:2, Рыба-клоун
minecraft:fish:3, Иглобрюх
minecraft:cooked_fish:0, Жареная треска
minecraft:cooked_fish:1, Жареный лосось
minecraft:dye:0, Чернильный мешок
minecraft:dye:1, Красный краситель
minecraft:dye:2, Зелёный краситель
minecraft:dye:3, Какао-бобы
minecraft:dye:4, Лазурит
minecraft:dye:5, Фиолетовый краситель
minecraft:dye:6, Бирюзовый краситель
minecraft:dye:7, Светло-серый краситель
minecraft:dye:8, Серый краситель
minecraft:dye:9, Розовый краситель
minecraft:dye:10, Лаймовый краситель
minecraft:dye:11, Жёлтый краситель
minecraft:dye:12, Голубой краситель
minecraft:dye:13, Пурпурный краситель
minecraft:dye:14, Оранжевый краситель
minecraft:dye:15, Костная мука
minecraft:bone, Кость
minecraft:sugar, Сахар
minecraft:cake, Торт
minecraft:bed:0, Белая кровать
minecraft:bed:1, Оранжевая кровать
minecraft:bed:2, Пурпурная кровать
minecraft:bed:3, Голубая кровать
minecraft:bed:4, Жёлтая кровать
minecraft:bed:5, Лаймовая кровать
minecraft:bed:6, Розовая кровать
minecraft:bed:7, Серая кровать
minecraft:bed:8, Светло-серая кровать
minecraft:bed:9, Бирюзовая кровать
minecraft:bed:10, Фиолетовая кровать
minecraft:bed:11, Синяя кровать
minecraft:bed:12, Коричневая кровать
minecraft:bed:13, Зелёная кровать
minecraft:bed:14, Красная кровать
minecraft:bed:15, Чёрная кровать
minecraft:repeater, Редстоуновый повторитель
minecraft:cookie, Печенье
minecraft:filled_map:0, Карта
minecraft:shears, Ножницы
minecraft:melon, Арбуз
minecraft:pumpkin_seeds, Семена тыквы
minecraft:melon_seeds, Семена арбуза
minecraft:beef, Сырая говядина
minecraft:cooked_beef, Стейк
minecraft:chicken, Курятина
minecraft:cooked_chicken, Жареная курица
minecraft:rotten_flesh, Гнилая плоть
minecraft:ender_pearl, Эндер-жемчуг
minecraft:blaze_rod, Огненный стержень
minecraft:ghast_tear, Слеза гаста
minecraft:gold_nugget, Кусочек золота
minecraft:nether_wart, Нарост из Незера
minecraft:potion, Зелье
minecraft:glass_bottle, Пузырёк
minecraft:spider_eye, Паучий глаз
minecraft:fermented_spider_eye, Маринованный паучий глаз
minecraft:blaze_powder, Огненный порошок
minecraft:magma_cream, Сгусток магмы
minecraft:brewing_stand, Зельеварка
minecraft:cauldron, Котёл
minecraft:ender_eye, Око Эндера
minecraft:speckled_melon, Сверкающий арбуз
minecraft:spawn_egg, Яйцо призыва —
minecraft:experience_bottle, Пузырёк опыта
minecraft:fire_charge, Огненный заряд
minecraft:writable_book, Книга и перо
minecraft:written_book, Завершённая книга
minecraft:emerald, Изумруд
minecraft:item_frame, Рамка
minecraft:flower_pot, Цветочный горшок
minecraft:carrot, Морковь
minecraft:potato, Картофель
minecraft:baked_potato, Печёный картофель
minecraft:poisonous_potato, Ядовитый картофель
minecraft:map, Чистая карта
minecraft:golden_carrot, Золотая морковь
minecraft:skull:0, Череп
minecraft:skull:1, Череп визер-скелета
minecraft:skull:2, Голова зомби
minecraft:skull:3, Голова
minecraft:skull:4, Голова крипера
minecraft:skull:5, Голова дракона
minecraft:carrot_on_a_stick, Удочка с морковкой
minecraft:nether_star, Звезда из Незера
minecraft:pumpkin_pie, Тыквенный пирог
minecraft:fireworks, Фейерверк
minecraft:firework_charge, Пиротехническая звезда
minecraft:enchanted_book, Чародейская книга
minecraft:comparator, Редстоуновый компаратор
minecraft:netherbrick, Незеритовый кирпич
minecraft:quartz, Незер-кварц
minecraft:tnt_minecart, Вагонетка с динамитом
minecraft:hopper_minecart, Загрузочная вагонетка
minecraft:prismarine_shard, Осколок призмарина
minecraft:prismarine_crystals, Кристалл призмарина
minecraft:rabbit, Сырая крольчатина
minecraft:cooked_rabbit, Жареная крольчатина
minecraft:rabbit_stew, Тушёный кролик
minecraft:rabbit_foot, Кроличья лапка
minecraft:rabbit_hide, Кроличья шкурка
minecraft:armor_stand, Стойка для брони
minecraft:iron_horse_armor, Железная конская броня
minecraft:golden_horse_armor, Золотая конская броня
minecraft:diamond_horse_armor, Алмазная конская броня
minecraft:lead, Поводок
minecraft:name_tag, Бирка
minecraft:command_block_minecart, Вагонетка с командным блоком
minecraft:mutton, Сырая баранина
minecraft:cooked_mutton, Жареная баранина
minecraft:banner:15, Белый флаг
minecraft:banner:14, Оранжевый флаг
minecraft:banner:13, Пурпурный флаг
minecraft:banner:12, Голубой флаг
minecraft:banner:11, Жёлтый флаг
minecraft:banner:10, Лаймовый флаг
minecraft:banner:9, Розовый флаг
minecraft:banner:8, Серый флаг
minecraft:banner:7, Светло-серый флаг
minecraft:banner:6, Бирюзовый флаг
minecraft:banner:5, Фиолетовый флаг
minecraft:banner:4, Синий флаг
minecraft:banner:3, Коричневый флаг
minecraft:banner:2, Зелёный флаг
minecraft:banner:1, Красный флаг
minecraft:banner:0, Чёрный флаг
minecraft:end_crystal, Кристалл Энда
minecraft:spruce_door, Еловая дверь
minecraft:birch_door, Берёзовая дверь
minecraft:jungle_door, Дверь из тропического дерева
minecraft:acacia_door, Акациевая дверь
minecraft:dark_oak_door, Дверь из тёмного дуба
minecraft:chorus_fruit, Плод хоруса
minecraft:chorus_fruit_popped, Прожаренный плод хоруса
minecraft:beetroot, Свёкла
minecraft:beetroot_seeds, Семена свёклы
minecraft:beetroot_soup, Свекольный суп
minecraft:dragon_breath, Драконье дыхание
minecraft:splash_potion, Взрывное зелье
minecraft:spectral_arrow, Спектральная стрела
minecraft:tipped_arrow, Обработанная стрела
minecraft:lingering_potion, Туманное зелье
minecraft:shield, Щит
minecraft:elytra, Элитры
minecraft:spruce_boat, Еловая лодка
minecraft:birch_boat, Берёзовая лодка
minecraft:jungle_boat, Лодка из тропического дерева
minecraft:acacia_boat, Акациевая лодка
minecraft:dark_oak_boat, Лодка из тёмного дуба
minecraft:totem_of_undying, Тотем бессмертия
minecraft:shulker_shell, Панцирь шалкера
minecraft:iron_nugget, Кусочек железа
minecraft:knowledge_book, Книга знаний
minecraft:record_13, Пластинка
minecraft:record_cat, Пластинка
minecraft:record_blocks, Пластинка
minecraft:record_chirp, Пластинка
minecraft:record_far, Пластинка
minecraft:record_mall, Пластинка
minecraft:record_mellohi, Пластинка
minecraft:record_stal, Пластинка
minecraft:record_strad, Пластинка
minecraft:record_ward, Пластинка
minecraft:record_11, Пластинка
minecraft:record_wait, Пластинка
ic2:te:1, Промышленный динамит
ic2:te:2, Ядерная бомба
ic2:te:3, Генератор
ic2:te:4, Геотермальный генератор
ic2:te:5, Кинетический генератор
ic2:te:6, Радиоизотопный термоэлектрический генератор
ic2:te:7, Полужидкостный генератор
ic2:te:8, Солнечная панель
ic2:te:9, Генератор Стирлинга
ic2:te:10, Гидрогенератор
ic2:te:11, Ветрогенератор
ic2:te:12, Электрический теплогенератор
ic2:te:13, Жидкостный теплогенератор
ic2:te:14, Радиоизотопный теплогенератор
ic2:te:15, Твердотопливный теплогенератор
ic2:te:16, Электрический кинетический генератор
ic2:te:17, Ручной кинетический генератор
ic2:te:18, Кинетический парогенератор
ic2:te:19, Кинетический генератор Стирлинга
ic2:te:20, Кинетический гидрогенератор
ic2:te:21, Кинетический ветрогенератор
ic2:te:22, Ядерный реактор
ic2:te:23, Реакторный люк
ic2:te:24, Реакторная камера
ic2:te:25, Реакторный насос-порт
ic2:te:26, Реакторный проводник красного сигнала
ic2:te:27, Конденсатор пара
ic2:te:28, Разливочная машина
ic2:te:29, Жидкостный распределитель
ic2:te:30, Регулятор жидкости
ic2:te:31, Жидкостный теплообменник
ic2:te:32, Помпа
ic2:te:33, Солнечный опреснитель
ic2:te:34, Парогенератор
ic2:te:35, Предметный буфер
ic2:te:36, Электролампа
ic2:te:37, Намагничиватель
ic2:te:38, Электрическая сортирующая машина
ic2:te:39, Телепорт
ic2:te:40, Терраформер
ic2:te:41, Катушка Теслы
ic2:te:42, Наполнитель
ic2:te:43, Сжиматель
ic2:te:44, Электрическая печь
ic2:te:45, Экстрактор
ic2:te:46, Железная печь
ic2:te:47, Дробитель
ic2:te:48, Утилизатор
ic2:te:49, Консервирующая машина
ic2:te:50, Доменная печь
ic2:te:51, Режущая машина
ic2:te:52, Тепловая центрифуга
ic2:te:53, Ферментер
ic2:te:54, Индукционная печь
ic2:te:55, Металлоформовочная машина
ic2:te:56, Рудопромывочная машина
ic2:te:57, Улучшенная буровая установка
ic2:te:58, Сборщик урожая
ic2:te:59, Автосадовник
ic2:te:60, Буровая установка
ic2:te:92, Генератор материи
ic2:te:93, Сборочный стол для материи
ic2:te:61, Генератор жидкой материи
ic2:te:62, Хранилище шаблонов
ic2:te:63, Репликатор
ic2:te:64, Сканер
ic2:te:65, Энергообменник
ic2:te:66, Личный сейф
ic2:te:67, Ресурсообменник
ic2:te:94, Trading Terminal
ic2:te:68, Заряжающая плита (Эн.хр)
ic2:te:69, Заряжающая плита (МЭСН)
ic2:te:70, Заряжающая плита (МФЭ)
ic2:te:71, Заряжающая плита (МФСУ)
ic2:te:72, Энергохранилище
ic2:te:73, МЭСН
ic2:te:74, МФЭ
ic2:te:75, МФСУ
ic2:te:76, Электролизёр
ic2:te:77, Трансформатор НН
ic2:te:78, Трансформатор СН
ic2:te:79, Трансформатор ВН
ic2:te:80, Трансформатор СВН
ic2:te:81, Бак
ic2:te:82, Загрузчик чанков
ic2:te:83, Компактный предметный буфер
ic2:te:86, Творческий генератор
ic2:te:87, Преобразователь пара
ic2:te:90, Весовой жидкостный распределитель
ic2:te:91, Весовой предметный распределитель
ic2:te:84, Впрыскиватель реакторного хладагента (красного)
ic2:te:85, Впрыскиватель реакторного хладагента (лазуритового)
ic2:te:88, Промышленный верстак
ic2:te:89, Автоматический верстак
ic2:te:100, Коксовая батарея
ic2:te:101, Люк коксовой батареи
ic2:te:102, Поддон коксовой батареи
ic2:te:111, Деревянный контейнер
ic2:te:112, Железный контейнер
ic2:te:113, Бронзовый контейнер
ic2:te:114, Стальной контейнер
ic2:te:115, Иридиевый контейнер
ic2:te:131, Бронзовый бак
ic2:te:132, Железный бак
ic2:te:133, Стальной бак
ic2:te:134, Иридиевый бак
ic2:resource:0, Базальт
ic2:resource:1, Медная руда
ic2:resource:2, Свинцовая руда
ic2:resource:3, Оловянная руда
ic2:resource:4, Урановая руда
ic2:resource:5, Бронзовый блок
ic2:resource:6, Медный блок
ic2:resource:7, Свинцовый блок
ic2:resource:8, Стальной блок
ic2:resource:9, Оловянный блок
ic2:resource:10, Урановый блок
ic2:resource:11, Укреплённый камень
ic2:resource:12, Базовый корпус машины
ic2:resource:13, Улучшенный корпус машины
ic2:resource:14, Реакторный корпус
ic2:resource:15, Серебряный блок
ic2:leaves, ic2.leaves.name
ic2:rubber_wood, ic2.rubber_wood.name
ic2:sapling, ic2.sapling.rubber.name
ic2:scaffold:0, Леса
ic2:scaffold:1, Укреплённые леса
ic2:scaffold:2, Железные леса
ic2:scaffold:3, Укреплённые железные леса
ic2:fence:0, Железный забор
ic2:sheet:0, Латексный лист
ic2:sheet:1, Резиновый лист
ic2:sheet:2, Шерстяной лист
ic2:glass:0, Укреплённое стекло
ic2:foam:0, Строительная пена
ic2:foam:1, Укреплённая строительная пена
ic2:wall:0, Чёрный пенобетон
ic2:wall:1, Синий пенобетон
ic2:wall:2, Коричневый пенобетон
ic2:wall:3, Бирюзовый пенобетон
ic2:wall:4, Серый пенобетон
ic2:wall:5, Зелёный пенобетон
ic2:wall:6, Голубой пенобетон
ic2:wall:7, Светло-серый пенобетон
ic2:wall:8, Лаймовый пенобетон
ic2:wall:9, Сиреневый пенобетон
ic2:wall:10, Оранжевый пенобетон
ic2:wall:11, Розовый пенобетон
ic2:wall:12, Фиолетовый пенобетон
ic2:wall:13, Красный пенобетон
ic2:wall:14, Белый пенобетон
ic2:wall:15, Жёлтый пенобетон
ic2:mining_pipe:0, Буровая труба
ic2:reinforced_door, ic2.reinforced_door.name
ic2:refractory_bricks, ic2.refractory_bricks.name
ic2:uu_matter, ic2.uu_matter.name
ic2:construction_foam, ic2.construction_foam.name
ic2:coolant, ic2.coolant.name
ic2:creosote, ic2.creosote.name
ic2:hot_coolant, ic2.hot_coolant.name
ic2:pahoehoe_lava, ic2.pahoehoe_lava.name
ic2:biomass, ic2.biomass.name
ic2:biogas, ic2.biogas.name
ic2:distilled_water, ic2.distilled_water.name
ic2:superheated_steam, ic2.superheated_steam.name
ic2:steam, ic2.steam.name
ic2:hot_water, ic2.hot_water.name
ic2:weed_ex, ic2.weed_ex.name
ic2:air, ic2.air.name
ic2:hydrogen, ic2.hydrogen.name
ic2:oxygen, ic2.oxygen.name
ic2:heavy_water, ic2.heavy_water.name
ic2:milk, ic2.milk.name
ic2:advanced_batpack, ic2.advanced_batpack.name
ic2:alloy_chestplate, ic2.alloy_chestplate.name
ic2:batpack, ic2.batpack.name
ic2:bronze_boots, ic2.bronze_boots.name
ic2:bronze_chestplate, ic2.bronze_chestplate.name
ic2:bronze_helmet, ic2.bronze_helmet.name
ic2:bronze_leggings, ic2.bronze_leggings.name
ic2:cf_pack, ic2.cf_pack.name
ic2:energy_pack, ic2.energy_pack.name
ic2:hazmat_chestplate, ic2.hazmat_chestplate.name
ic2:hazmat_helmet, ic2.hazmat_helmet.name
ic2:hazmat_leggings, ic2.hazmat_leggings.name
ic2:jetpack, ic2.jetpack.name
ic2:jetpack_electric, ic2.jetpack_electric.name
ic2:lappack, ic2.lappack.name
ic2:nano_boots, item.null.name
ic2:nano_chestplate, item.null.name
ic2:nano_helmet, item.null.name
ic2:nano_leggings, item.null.name
ic2:nightvision_goggles, ic2.nightvision_goggles.name
ic2:quantum_boots, item.null.name
ic2:quantum_chestplate, item.null.name
ic2:quantum_helmet, item.null.name
ic2:quantum_leggings, item.null.name
ic2:rubber_boots, ic2.rubber_boots.name
ic2:solar_helmet, ic2.solar_helmet.name
ic2:static_boots, ic2.static_boots.name
ic2:boat:0, Повреждённая резиновая шлюпка
ic2:boat:1, Резиновая шлюпка
ic2:boat:2, Углепластиковое каноэ
ic2:boat:3, Электролодка
ic2:barrel, ic2.barrel.name
ic2:mug:0, Каменная кружка
ic2:mug:1, Холодный кофе
ic2:mug:2, Тёмный кофе
ic2:mug:3, Кофе
ic2:booze_mug, ic2.booze_mug.name
ic2:crushed:0, Измельчённая медная руда
ic2:crushed:1, Измельчённая золотая руда
ic2:crushed:2, Измельчённая железная руда
ic2:crushed:3, Измельчённая свинцовая руда
ic2:crushed:4, Измельчённая серебряная руда
ic2:crushed:5, Измельчённая оловянная руда
ic2:crushed:6, Измельчённая урановая руда
ic2:purified:0, Очищенная измельчённая медная руда
ic2:purified:1, Очищенная измельчённая золотая руда
ic2:purified:2, Очищенная измельчённая железная руда
ic2:purified:3, Очищенная измельчённая свинцовая руда
ic2:purified:4, Очищенная измельчённая серебряная руда
ic2:purified:5, Очищенная измельчённая оловянная руда
ic2:purified:6, Очищенная измельчённая урановая руда
ic2:dust:0, Бронзовая пыль
ic2:dust:1, Глиняная пыль
ic2:dust:2, Угольная пыль
ic2:dust:3, Гидратированная угольная пыль
ic2:dust:4, Медная пыль
ic2:dust:5, Алмазная пыль
ic2:dust:6, Энергетическая пыль
ic2:dust:7, Золотая пыль
ic2:dust:8, Железная пыль
ic2:dust:9, Лазуритовая пыль
ic2:dust:10, Свинцовая пыль
ic2:dust:11, Литиевая пыль
ic2:dust:12, Обсидиановая пыль
ic2:dust:13, Диоксид кремния
ic2:dust:14, Серебряная пыль
ic2:dust:15, Каменная пыль
ic2:dust:16, Серная пыль
ic2:dust:17, Оловянная пыль
ic2:dust:18, Небольшая кучка бронзовой пыли
ic2:dust:19, Небольшая кучка медной пыли
ic2:dust:20, Небольшая кучка золотой пыли
ic2:dust:21, Небольшая кучка железной пыли
ic2:dust:22, Небольшая кучка лазуритовой пыли
ic2:dust:23, Небольшая кучка свинцовой пыли
ic2:dust:24, Небольшая кучка литиевой пыли
ic2:dust:25, Небольшая кучка обсидиановой пыли
ic2:dust:26, Небольшая кучка серебряной пыли
ic2:dust:27, Небольшая кучка серной пыли
ic2:dust:28, Небольшая кучка оловянной пыли
ic2:dust:29, Гидратированная оловянная пыль
ic2:dust:30, Netherrack Dust
ic2:dust:31, Ender Pearl Dust
ic2:dust:32, Ender Eye Dust
ic2:dust:33, Milk Powder
ic2:dust:34, Emerald Dust
ic2:dust:35, Tiny Pile of Emerald Dust
ic2:dust:36, Tiny Pile of Diamond Dust
ic2:ingot:0, Композитный слиток
ic2:ingot:1, Бронзовый слиток
ic2:ingot:2, Медный слиток
ic2:ingot:3, Свинцовый слиток
ic2:ingot:4, Серебряный слиток
ic2:ingot:5, Стальной слиток
ic2:ingot:6, Оловянный слиток
ic2:plate:0, Бронзовая пластина
ic2:plate:1, Медная пластина
ic2:plate:2, Золотая пластина
ic2:plate:3, Железная пластина
ic2:plate:4, Лазуритовая пластина
ic2:plate:5, Свинцовая пластина
ic2:plate:6, Обсидиановая пластина
ic2:plate:7, Стальная пластина
ic2:plate:8, Оловянная пластина
ic2:plate:9, Плотная бронзовая пластина
ic2:plate:10, Плотная медная пластина
ic2:plate:11, Плотная золотая пластина
ic2:plate:12, Плотная железная пластина
ic2:plate:13, Плотная лазуритовая пластина
ic2:plate:14, Плотная свинцовая пластина
ic2:plate:15, Плотная обсидиановая пластина
ic2:plate:16, Плотная стальная пластина
ic2:plate:17, Плотная оловянная пластина
ic2:casing:0, Бронзовая оболочка
ic2:casing:1, Медная оболочка
ic2:casing:2, Золотая оболочка
ic2:casing:3, Железная оболочка
ic2:casing:4, Свинцовая оболочка
ic2:casing:5, Стальная оболочка
ic2:casing:6, Оловянная оболочка
ic2:nuclear:0, Обогащённое урановое ядерное топливо
ic2:nuclear:1, Уран-235
ic2:nuclear:2, Уран-238
ic2:nuclear:3, Плутоний
ic2:nuclear:4, Ядерное топливо MOX
ic2:nuclear:5, Кусочек урана-235
ic2:nuclear:6, Кусочек урана-238
ic2:nuclear:7, Кусочек плутония
ic2:nuclear:8, Пеллеты обогащённого уранового ядерного топлива
ic2:nuclear:9, Пеллеты ядерного топлива MOX
ic2:nuclear:10, Пеллета РИТЭГ-топлива
ic2:nuclear:11, Топливный стержень (Обеднённый уран)
ic2:nuclear:12, Сдвоенный топливный стержень (Обеднённый уран)
ic2:nuclear:13, Счетверённый топливный стержень (Обеднённый уран)
ic2:nuclear:14, Топливный стержень (Обеднённый MOX)
ic2:nuclear:15, Сдвоенный топливный стержень (Обеднённый MOX)
ic2:nuclear:16, Счетверённый топливный стержень (Обеднённый MOX)
ic2:misc_resource:0, Пепел
ic2:misc_resource:1, Иридиевая руда
ic2:misc_resource:2, Осколок иридия
ic2:misc_resource:3, Материя
ic2:misc_resource:4, Латекс
ic2:misc_resource:5, Шлак
ic2:misc_resource:6, Иод
ic2:misc_resource:7, Вода
ic2:misc_resource:8, Лава
ic2:crafting:0, Резина
ic2:crafting:1, Электросхема
ic2:crafting:2, Улучшенная электросхема
ic2:crafting:3, Композит
ic2:crafting:4, Укреплённая иридиевая пластина
ic2:crafting:5, Катушка
ic2:crafting:6, Электромотор
ic2:crafting:7, Теплопровод
ic2:crafting:8, Медный нагреватель
ic2:crafting:9, Топливный стержень (Пустой)
ic2:crafting:10, Консервная банка
ic2:crafting:11, Малый силовой агрегат
ic2:crafting:12, Силовой агрегат
ic2:crafting:13, Углеволокно
ic2:crafting:14, Углеткань
ic2:crafting:15, Углепластик
ic2:crafting:16, Угольный шарик
ic2:crafting:17, Сжатый угольный шарик
ic2:crafting:18, Угольная глыба
ic2:crafting:19, Промышленный алмаз
ic2:crafting:20, Биомасса
ic2:crafting:21, Отходы
ic2:crafting:23, Утильсырьё
ic2:crafting:24, Коробка утильсырья
ic2:crafting:25, Строительный порошок
ic2:crafting:27, Необработанный кристалл памяти
ic2:crafting:29, Железный стержень
ic2:crafting:30, Стальной стержень
ic2:crafting:31, Деревянная лопасть ротора
ic2:crafting:32, Железная лопасть ротора
ic2:crafting:33, Стальная лопасть ротора
ic2:crafting:34, Углеволоконная лопасть ротора
ic2:crafting:35, Лопасть паровой турбины
ic2:crafting:36, Паровая турбина
ic2:crafting:37, Крепёж для реактивного ранца
ic2:crafting:38, Промышленная монета
ic2:crafting:41, Бронзовая лопасть ротора
ic2:crafting:42, Бронзовый стержень
ic2:block_cutting_blade:0, Железный режущий диск
ic2:block_cutting_blade:1, Стальной режущий диск
ic2:block_cutting_blade:2, Алмазный режущий диск
ic2:upgrade_kit:0, Набор улучшения МФСУ
ic2:crop_stick, ic2.crop_stick.name
ic2:crop_res:0, Кофейные зёрна
ic2:crop_res:1, Молотый кофе
ic2:crop_res:2, Удобрение
ic2:crop_res:3, Токсичная пыль
ic2:crop_res:4, Хмель
ic2:crop_res:5, Сорняк
ic2:crop_res:6, Milk Wart
ic2:crop_res:7, Oil Berry
ic2:crop_res:8, Bobs-Yer-Uncle-Ranks Berry
ic2:terra_wart, ic2.terra_wart.name
ic2:cropnalyzer, ic2.cropnalyzer.name
ic2:re_battery, ic2.re_battery.name
ic2:advanced_re_battery, ic2.advanced_re_battery.name
ic2:energy_crystal, ic2.energy_crystal.name
ic2:lapotron_crystal, ic2.lapotron_crystal.name
ic2:single_use_battery, ic2.single_use_battery.name
ic2:charging_re_battery, ic2.charging_re_battery.name
ic2:advanced_charging_re_battery, ic2.advanced_charging_re_battery.name
ic2:charging_energy_crystal, ic2.charging_energy_crystal.name
ic2:charging_lapotron_crystal, ic2.charging_lapotron_crystal.name
ic2:heat_storage, ic2.heat_storage.name
ic2:tri_heat_storage, ic2.tri_heat_storage.name
ic2:hex_heat_storage, ic2.hex_heat_storage.name
ic2:plating, ic2.plating.name
ic2:heat_plating, ic2.heat_plating.name
ic2:containment_plating, ic2.containment_plating.name
ic2:heat_exchanger, ic2.heat_exchanger.name
ic2:reactor_heat_exchanger, ic2.reactor_heat_exchanger.name
ic2:component_heat_exchanger, ic2.component_heat_exchanger.name
ic2:advanced_heat_exchanger, ic2.advanced_heat_exchanger.name
ic2:heat_vent, ic2.heat_vent.name
ic2:reactor_heat_vent, ic2.reactor_heat_vent.name
ic2:overclocked_heat_vent, ic2.overclocked_heat_vent.name
ic2:component_heat_vent, ic2.component_heat_vent.name
ic2:advanced_heat_vent, ic2.advanced_heat_vent.name
ic2:neutron_reflector, ic2.neutron_reflector.name
ic2:thick_neutron_reflector, ic2.thick_neutron_reflector.name
ic2:iridium_reflector, ic2.iridium_reflector.name
ic2:rsh_condensator, ic2.rsh_condensator.name
ic2:lzh_condensator, ic2.lzh_condensator.name
ic2:heatpack, ic2.heatpack.name
ic2:uranium_fuel_rod, ic2.uranium_fuel_rod.name
ic2:dual_uranium_fuel_rod, ic2.dual_uranium_fuel_rod.name
ic2:quad_uranium_fuel_rod, ic2.quad_uranium_fuel_rod.name
ic2:mox_fuel_rod, ic2.mox_fuel_rod.name
ic2:dual_mox_fuel_rod, ic2.dual_mox_fuel_rod.name
ic2:quad_mox_fuel_rod, ic2.quad_mox_fuel_rod.name
ic2:lithium_fuel_rod, ic2.lithium_fuel_rod.name
ic2:depleted_isotope_fuel_rod, ic2.depleted_isotope_fuel_rod.name
ic2:tfbp:0, Террачип
ic2:tfbp:1, Террачип "Охлаждение"
ic2:tfbp:2, Террачип "Озеленение"
ic2:tfbp:3, Террачип "Опустынивание"
ic2:tfbp:4, Террачип "Выравнивание"
ic2:tfbp:5, Террачип "Орошение"
ic2:tfbp:6, Террачип "Грибы"
ic2:bronze_axe, ic2.bronze_axe.name
ic2:bronze_hoe, ic2.bronze_hoe.name
ic2:bronze_pickaxe, ic2.bronze_pickaxe.name
ic2:bronze_shovel, ic2.bronze_shovel.name
ic2:bronze_sword, ic2.bronze_sword.name
ic2:cutter, ic2.cutter.name
ic2:debug_item, ic2.debug_item.name
ic2:foam_sprayer:0, Распылитель строительной пены
ic2:foam_sprayer:0, Распылитель строительной пены
ic2:forge_hammer, ic2.forge_hammer.name
ic2:frequency_transmitter, ic2.frequency_transmitter.name
ic2:meter, ic2.meter.name
ic2:tool_box, ic2.tool_box.name
ic2:treetap, ic2.treetap.name
ic2:wrench, ic2.wrench.name
ic2:wrench_new, ic2.wrench_new.name
ic2:crowbar, ic2.crowbar.name
ic2:containment_box, ic2.containment_box.name
ic2:weeding_trowel, ic2.weeding_trowel.name
ic2:crop_seed_bag, ic2.crop_seed_bag.name
ic2:advanced_scanner, ic2.advanced_scanner.name
ic2:chainsaw, ic2.chainsaw.name
ic2:diamond_drill, ic2.diamond_drill.name
ic2:drill, ic2.drill.name
ic2:electric_hoe, ic2.electric_hoe.name
ic2:electric_treetap, ic2.electric_treetap.name
ic2:electric_wrench, ic2.electric_wrench.name
ic2:iridium_drill, ic2.iridium_drill.name
ic2:mining_laser, ic2.mining_laser.name
ic2:nano_saber, ic2.nano_saber.name
ic2:obscurator, ic2.obscurator.name
ic2:scanner, ic2.scanner.name
ic2:wind_meter, ic2.wind_meter.name
ic2:painter:0, Валик
ic2:painter:0, Чёрный валик
ic2:painter:0, Синий валик
ic2:painter:0, Коричневый валик
ic2:painter:0, Бирюзовый валик
ic2:painter:0, Тёмно-серый валик
ic2:painter:0, Зелёный валик
ic2:painter:0, Голубой валик
ic2:painter:0, Светло-серый валик
ic2:painter:0, Лаймовый валик
ic2:painter:0, Сиреневый валик
ic2:painter:0, Оранжевый валик
ic2:painter:0, Розовый валик
ic2:painter:0, Фиолетовый валик
ic2:painter:0, Красный валик
ic2:painter:0, Белый валик
ic2:painter:0, Жёлтый валик
ic2:fluid_cell:0, Универсальная жидкостная капсула
ic2:fluid_cell:0, Универсальная жидкостная капсула
ic2:fluid_cell:0, Универсальная жидкостная капсула
ic2:fluid_cell:0, Универсальная жидкостная капсула
ic2:fluid_cell:0, Универсальная жидкостная капсула
ic2:fluid_cell:0, Универсальная жидкостная капсула
ic2:fluid_cell:0, Универсальная жидкостная капсула
ic2:fluid_cell:0, Универсальная жидкостная капсула
ic2:fluid_cell:0, Универсальная жидкостная капсула
ic2:fluid_cell:0, Универсальная жидкостная капсула
ic2:fluid_cell:0, Универсальная жидкостная капсула
ic2:fluid_cell:0, Универсальная жидкостная капсула
ic2:fluid_cell:0, Универсальная жидкостная капсула
ic2:fluid_cell:0, Универсальная жидкостная капсула
ic2:fluid_cell:0, Универсальная жидкостная капсула
ic2:fluid_cell:0, Универсальная жидкостная капсула
ic2:fluid_cell:0, Универсальная жидкостная капсула
ic2:fluid_cell:0, Универсальная жидкостная капсула
ic2:fluid_cell:0, Универсальная жидкостная капсула
ic2:fluid_cell:0, Универсальная жидкостная капсула
ic2:fluid_cell:0, Универсальная жидкостная капсула
ic2:fluid_cell:0, Универсальная жидкостная капсула
ic2:fluid_cell:0, Универсальная жидкостная капсула
ic2:fluid_cell:0, Универсальная жидкостная капсула
ic2:fluid_cell:0, Универсальная жидкостная капсула
ic2:fluid_cell:0, Универсальная жидкостная капсула
ic2:fluid_cell:0, Универсальная жидкостная капсула
ic2:fluid_cell:0, Универсальная жидкостная капсула
ic2:fluid_cell:0, Универсальная жидкостная капсула
ic2:fluid_cell:0, Универсальная жидкостная капсула
ic2:fluid_cell:0, Универсальная жидкостная капсула
ic2:fluid_cell:0, Универсальная жидкостная капсула
ic2:fluid_cell:0, Универсальная жидкостная капсула
ic2:fluid_cell:0, Универсальная жидкостная капсула
ic2:fluid_cell:0, Универсальная жидкостная капсула
ic2:fluid_cell:0, Универсальная жидкостная капсула
ic2:fluid_cell:0, Универсальная жидкостная капсула
ic2:fluid_cell:0, Универсальная жидкостная капсула
ic2:fluid_cell:0, Универсальная жидкостная капсула
ic2:fluid_cell:0, Универсальная жидкостная капсула
ic2:fluid_cell:0, Универсальная жидкостная капсула
ic2:fluid_cell:0, Универсальная жидкостная капсула
ic2:fluid_cell:0, Универсальная жидкостная капсула
ic2:fluid_cell:0, Универсальная жидкостная капсула
ic2:fluid_cell:0, Универсальная жидкостная капсула
ic2:fluid_cell:0, Универсальная жидкостная капсула
ic2:fluid_cell:0, Универсальная жидкостная капсула
ic2:fluid_cell:0, Универсальная жидкостная капсула
ic2:fluid_cell:0, Универсальная жидкостная капсула
ic2:fluid_cell:0, Универсальная жидкостная капсула
ic2:fluid_cell:0, Универсальная жидкостная капсула
ic2:fluid_cell:0, Универсальная жидкостная капсула
ic2:fluid_cell:0, Универсальная жидкостная капсула
ic2:fluid_cell:0, Универсальная жидкостная капсула
ic2:fluid_cell:0, Универсальная жидкостная капсула
ic2:fluid_cell:0, Универсальная жидкостная капсула
ic2:fluid_cell:0, Универсальная жидкостная капсула
ic2:fluid_cell:0, Универсальная жидкостная капсула
ic2:fluid_cell:0, Универсальная жидкостная капсула
ic2:fluid_cell:0, Универсальная жидкостная капсула
ic2:fluid_cell:0, Универсальная жидкостная капсула
ic2:fluid_cell:0, Универсальная жидкостная капсула
ic2:fluid_cell:0, Универсальная жидкостная капсула
ic2:fluid_cell:0, Универсальная жидкостная капсула
ic2:fluid_cell:0, Универсальная жидкостная капсула
ic2:fluid_cell:0, Универсальная жидкостная капсула
ic2:fluid_cell:0, Универсальная жидкостная капсула
ic2:fluid_cell:0, Универсальная жидкостная капсула
ic2:fluid_cell:0, Универсальная жидкостная капсула
ic2:fluid_cell:0, Универсальная жидкостная капсула
ic2:fluid_cell:0, Универсальная жидкостная капсула
ic2:fluid_cell:0, Универсальная жидкостная капсула
ic2:fluid_cell:0, Универсальная жидкостная капсула
ic2:fluid_cell:0, Универсальная жидкостная капсула
ic2:fluid_cell:0, Универсальная жидкостная капсула
ic2:fluid_cell:0, Универсальная жидкостная капсула
ic2:fluid_cell:0, Универсальная жидкостная капсула
ic2:fluid_cell:0, Универсальная жидкостная капсула
ic2:fluid_cell:0, Универсальная жидкостная капсула
ic2:fluid_cell:0, Универсальная жидкостная капсула
ic2:fluid_cell:0, Универсальная жидкостная капсула
ic2:fluid_cell:0, Универсальная жидкостная капсула
ic2:fluid_cell:0, Универсальная жидкостная капсула
ic2:fluid_cell:0, Универсальная жидкостная капсула
ic2:fluid_cell:0, Универсальная жидкостная капсула
ic2:fluid_cell:0, Универсальная жидкостная капсула
ic2:fluid_cell:0, Универсальная жидкостная капсула
ic2:fluid_cell:0, Универсальная жидкостная капсула
ic2:fluid_cell:0, Универсальная жидкостная капсула
ic2:fluid_cell:0, Универсальная жидкостная капсула
ic2:fluid_cell:0, Универсальная жидкостная капсула
ic2:fluid_cell:0, Универсальная жидкостная капсула
ic2:fluid_cell:0, Универсальная жидкостная капсула
ic2:fluid_cell:0, Универсальная жидкостная капсула
ic2:fluid_cell:0, Универсальная жидкостная капсула
ic2:fluid_cell:0, Универсальная жидкостная капсула
ic2:fluid_cell:0, Универсальная жидкостная капсула
ic2:fluid_cell:0, Универсальная жидкостная капсула
ic2:fluid_cell:0, Универсальная жидкостная капсула
ic2:fluid_cell:0, Универсальная жидкостная капсула
ic2:fluid_cell:0, Универсальная жидкостная капсула
ic2:fluid_cell:0, Универсальная жидкостная капсула
ic2:fluid_cell:0, Универсальная жидкостная капсула
ic2:fluid_cell:0, Универсальная жидкостная капсула
ic2:fluid_cell:0, Универсальная жидкостная капсула
ic2:fluid_cell:0, Универсальная жидкостная капсула
ic2:fluid_cell:0, Универсальная жидкостная капсула
ic2:fluid_cell:0, Универсальная жидкостная капсула
ic2:fluid_cell:0, Универсальная жидкостная капсула
ic2:fluid_cell:0, Универсальная жидкостная капсула
ic2:fluid_cell:0, Универсальная жидкостная капсула
ic2:fluid_cell:0, Универсальная жидкостная капсула
ic2:fluid_cell:0, Универсальная жидкостная капсула
ic2:fluid_cell:0, Универсальная жидкостная капсула
ic2:fluid_cell:0, Универсальная жидкостная капсула
ic2:fluid_cell:0, Универсальная жидкостная капсула
ic2:fluid_cell:0, Универсальная жидкостная капсула
ic2:fluid_cell:0, Универсальная жидкостная капсула
ic2:fluid_cell:0, Универсальная жидкостная капсула
ic2:fluid_cell:0, Универсальная жидкостная капсула
ic2:fluid_cell:0, Универсальная жидкостная капсула
ic2:fluid_cell:0, Универсальная жидкостная капсула
ic2:fluid_cell:0, Универсальная жидкостная капсула
ic2:fluid_cell:0, Универсальная жидкостная капсула
ic2:fluid_cell:0, Универсальная жидкостная капсула
ic2:fluid_cell:0, Универсальная жидкостная капсула
ic2:fluid_cell:0, Универсальная жидкостная капсула
ic2:fluid_cell:0, Универсальная жидкостная капсула
ic2:fluid_cell:0, Универсальная жидкостная капсула
ic2:fluid_cell:0, Универсальная жидкостная капсула
ic2:fluid_cell:0, Универсальная жидкостная капсула
ic2:fluid_cell:0, Универсальная жидкостная капсула
ic2:fluid_cell:0, Универсальная жидкостная капсула
ic2:fluid_cell:0, Универсальная жидкостная капсула
ic2:fluid_cell:0, Универсальная жидкостная капсула
ic2:fluid_cell:0, Универсальная жидкостная капсула
ic2:fluid_cell:0, Универсальная жидкостная капсула
ic2:fluid_cell:0, Универсальная жидкостная капсула
ic2:fluid_cell:0, Универсальная жидкостная капсула
ic2:fluid_cell:0, Универсальная жидкостная капсула
ic2:fluid_cell:0, Универсальная жидкостная капсула
ic2:fluid_cell:0, Универсальная жидкостная капсула
ic2:fluid_cell:0, Универсальная жидкостная капсула
ic2:fluid_cell:0, Универсальная жидкостная капсула
ic2:fluid_cell:0, Универсальная жидкостная капсула
ic2:fluid_cell:0, Универсальная жидкостная капсула
ic2:fluid_cell:0, Универсальная жидкостная капсула
ic2:fluid_cell:0, Универсальная жидкостная капсула
ic2:fluid_cell:0, Универсальная жидкостная капсула
ic2:fluid_cell:0, Универсальная жидкостная капсула
ic2:fluid_cell:0, Универсальная жидкостная капсула
ic2:fluid_cell:0, Универсальная жидкостная капсула
ic2:fluid_cell:0, Универсальная жидкостная капсула
ic2:fluid_cell:0, Универсальная жидкостная капсула
ic2:fluid_cell:0, Универсальная жидкостная капсула
ic2:fluid_cell:0, Универсальная жидкостная капсула
ic2:fluid_cell:0, Универсальная жидкостная капсула
ic2:fluid_cell:0, Универсальная жидкостная капсула
ic2:fluid_cell:0, Универсальная жидкостная капсула
ic2:fluid_cell:0, Универсальная жидкостная капсула
ic2:fluid_cell:0, Универсальная жидкостная капсула
ic2:fluid_cell:0, Универсальная жидкостная капсула
ic2:fluid_cell:0, Универсальная жидкостная капсула
ic2:fluid_cell:0, Универсальная жидкостная капсула
ic2:fluid_cell:0, Универсальная жидкостная капсула
ic2:cable:0, Медный провод
ic2:cable:0, Изолированный медный провод
ic2:cable:1, Стекловолоконный провод
ic2:cable:2, Золотой провод
ic2:cable:2, Изолированный золотой провод
ic2:cable:2, Золотой провод с двойной изоляцией
ic2:cable:3, Высоковольтный провод
ic2:cable:3, Изолированный высоковольтный провод
ic2:cable:3, Высоковольтный провод с двойной изоляцией
ic2:cable:3, Высоковольтный провод с тройной изоляцией
ic2:cable:4, Оловянный провод
ic2:cable:4, Изолированный оловянный провод
ic2:cable:5, Провод-детектор
ic2:cable:6, Провод-разъединитель
ic2:upgrade:0, Улучшение "Ускоритель"
ic2:upgrade:1, Улучшение "Трансформатор"
ic2:upgrade:2, Улучшение "Энергохранитель"
ic2:upgrade:3, Улучшение "Инвертор сигнала красного камня"
ic2:upgrade:4, Улучшение "Выталкиватель"
ic2:upgrade:5, Улучшение "Улучшенный выталкиватель"
ic2:upgrade:6, Улучшение "Затягиватель"
ic2:upgrade:7, Улучшение "Улучшенный затягиватель"
ic2:upgrade:8, Улучшение "Выталкиватель жидкостей"
ic2:upgrade:9, Улучшение "Затягиватель жидкостей"
ic2:upgrade:10, Remote Interface Upgrade
ic2:filled_tin_can, ic2.filled_tin_can.name
ic2:filled_fuel_can, ic2.filled_fuel_can.name
ic2:iodine_tablet, ic2.iodine_tablet.name
ic2:crystal_memory, ic2.crystal_memory.name
ic2:rotor_wood, ic2.rotor_wood.name
ic2:rotor_bronze, ic2.rotor_bronze.name
ic2:rotor_iron, ic2.rotor_iron.name
ic2:rotor_steel, ic2.rotor_steel.name
ic2:rotor_carbon, ic2.rotor_carbon.name
ic2:dynamite, ic2.dynamite.name
ic2:dynamite_sticky, ic2.dynamite_sticky.name
ic2:remote, ic2.remote.name
ic2:pipe:0, Тонкая бронзовая труба
ic2:pipe:0, Малая бронзовая труба
ic2:pipe:0, Средняя бронзовая труба
ic2:pipe:0, Большая бронзовая труба
ic2:pipe:1, Тонкая стальная труба
ic2:pipe:1, Малая стальная труба
ic2:pipe:1, Средняя стальная труба
ic2:pipe:1, Большая стальная труба
ic2:cover:0, Накладной насос низкого напряжения
ic2:cover:1, Накладной насос среднего напряжения
ic2:coke, ic2.coke.name
aeadditions:part.base:0, Прикрепляющийся МЭ накопитель
aeadditions:part.base:1, Прикрепляющийся МЭ энергетическая ячейка
aeadditions:part.base:2, ME Fluid Interface
aeadditions:part.base:3, МЭ шина экспорта по словарю руд
aeadditions:part.base:4, МЭ шина импорта газа
aeadditions:part.base:5, МЭ шина экспорта газа
aeadditions:part.base:6, МЭ терминал газа
aeadditions:part.base:7, МЭ шина хранения газа
aeadditions:part.base:8, МЭ газовый излучатель уровня
aeadditions:part.base:9, МЭ газовый монитор хранения
aeadditions:part.base:10, МЭ газовый монитор преобразования
aeadditions:storage.fluid:0, ME 256k Fluid Storage Cell
aeadditions:storage.fluid:1, ME 1024k Fluid Storage Cell
aeadditions:storage.fluid:2, ME 4096k Fluid Storage Cell
aeadditions:storage.physical:0, МЭ 256Кб хранилище
aeadditions:storage.physical:1, МЭ 1024kб хранилище
aeadditions:storage.physical:2, МЭ 4096kб хранилище
aeadditions:storage.physical:3, МЭ 16384kб хранилище
aeadditions:storage.physical:4, МЭ блок-контейнер - Пусто
aeadditions:storage.physical:4, МЭ блок-контейнер - Пусто
aeadditions:storage.gas:0, ME 1k Gas Storage Cell
aeadditions:storage.gas:1, ME 4k Gas Storage Cell
aeadditions:storage.gas:2, ME 16k Gas Storage Cell
aeadditions:storage.gas:3, ME 64k Gas Storage Cell
aeadditions:storage.gas:4, ME 256k Gas Storage Cell
aeadditions:storage.gas:5, ME 1024k Gas Storage Cell
aeadditions:storage.gas:6, ME 4096k Gas Storage Cell
aeadditions:pattern.fluid:0, МЭ жидкостный шаблон
aeadditions:pattern.fluid:0, МЭ жидкостный шаблон: Вода
aeadditions:pattern.fluid:0, МЭ жидкостный шаблон: Лава
aeadditions:pattern.fluid:0, МЭ жидкостный шаблон: Жидкий водород
aeadditions:pattern.fluid:0, МЭ жидкостный шаблон: Жидкий кислород
aeadditions:pattern.fluid:0, МЭ жидкостный шаблон: Жидкий хлор
aeadditions:pattern.fluid:0, МЭ жидкостный шаблон: Жидкий диоксид серы
aeadditions:pattern.fluid:0, МЭ жидкостный шаблон: Жидкий триоксид серы
aeadditions:pattern.fluid:0, МЭ жидкостный шаблон: Серная кислота
aeadditions:pattern.fluid:0, МЭ жидкостный шаблон: Жидкий хлороводород
aeadditions:pattern.fluid:0, МЭ жидкостный шаблон: Жидкий этилен
aeadditions:pattern.fluid:0, МЭ жидкостный шаблон: Жидкий натрий
aeadditions:pattern.fluid:0, МЭ жидкостный шаблон: Рассол
aeadditions:pattern.fluid:0, МЭ жидкостный шаблон: Жидкий дейтерий
aeadditions:pattern.fluid:0, МЭ жидкостный шаблон: Жидкий тритий
aeadditions:pattern.fluid:0, МЭ жидкостный шаблон: Жидкое Д-Т топливо
aeadditions:pattern.fluid:0, МЭ жидкостный шаблон: Жидкий литий
aeadditions:pattern.fluid:0, МЭ жидкостный шаблон: Тяжёлая вода
aeadditions:pattern.fluid:0, МЭ жидкостный шаблон: Пар
aeadditions:pattern.fluid:0, МЭ жидкостный шаблон: Расплавленное железо
aeadditions:pattern.fluid:0, МЭ жидкостный шаблон: Расплавленное золото
aeadditions:pattern.fluid:0, МЭ жидкостный шаблон: Расплавленная свиносталь
aeadditions:pattern.fluid:0, МЭ жидкостный шаблон: Расплавленный кобальт
aeadditions:pattern.fluid:0, МЭ жидкостный шаблон: Расплавленный ардит
aeadditions:pattern.fluid:0, МЭ жидкостный шаблон: Расплавленный маньюлин
aeadditions:pattern.fluid:0, МЭ жидкостный шаблон: Расплавленная слизесталь
aeadditions:pattern.fluid:0, МЭ жидкостный шаблон: Жидкая алюминиевая латунь
aeadditions:pattern.fluid:0, МЭ жидкостный шаблон: Жидкая латунь
aeadditions:pattern.fluid:0, МЭ жидкостный шаблон: Жидкая медь
aeadditions:pattern.fluid:0, МЭ жидкостный шаблон: Жидкое олово
aeadditions:pattern.fluid:0, МЭ жидкостный шаблон: Жидкая бронза
aeadditions:pattern.fluid:0, МЭ жидкостный шаблон: Жидкий цинк
aeadditions:pattern.fluid:0, МЭ жидкостный шаблон: Жидкий свинец
aeadditions:pattern.fluid:0, МЭ жидкостный шаблон: Жидкий никель
aeadditions:pattern.fluid:0, МЭ жидкостный шаблон: Жидкое серебро
aeadditions:pattern.fluid:0, МЭ жидкостный шаблон: Жидкий электрум
aeadditions:pattern.fluid:0, МЭ жидкостный шаблон: Расплавленная сталь
aeadditions:pattern.fluid:0, МЭ жидкостный шаблон: Жидкий алюминий
aeadditions:pattern.fluid:0, МЭ жидкостный шаблон: Жидкая светящиеся пыль
aeadditions:pattern.fluid:0, МЭ жидкостный шаблон: Жидкая магма
aeadditions:pattern.fluid:0, МЭ жидкостный шаблон: Жидкий азот
aeadditions:pattern.fluid:0, МЭ жидкостный шаблон: Icy Water ##NEEDS TRANSLATE##
aeadditions:pattern.fluid:0, МЭ жидкостный шаблон: Жидкая кристаллическая вода
aeadditions:pattern.fluid:0, МЭ жидкостный шаблон: Радиоактивная вода
aeadditions:pattern.fluid:0, МЭ жидкостный шаблон: Чистая вода
aeadditions:pattern.fluid:0, МЭ жидкостный шаблон: Заражённая вода
aeadditions:pattern.fluid:0, МЭ жидкостный шаблон: Жидкий метан
aeadditions:pattern.fluid:0, МЭ жидкостный шаблон: Жидкий замёрзший азот
aeadditions:pattern.fluid:0, МЭ жидкостный шаблон: Жидкий углеводород
aeadditions:pattern.fluid:0, МЭ жидкостный шаблон: Жидкий шоколад
aeadditions:pattern.fluid:0, МЭ жидкостный шаблон: Жидкая карамель
aeadditions:pattern.fluid:0, МЭ жидкостный шаблон: Жидкая материя
aeadditions:pattern.fluid:0, МЭ жидкостный шаблон: Жидкая строительная пена
aeadditions:pattern.fluid:0, МЭ жидкостный шаблон: Хладагент
aeadditions:pattern.fluid:0, МЭ жидкостный шаблон: Креозот
aeadditions:pattern.fluid:0, МЭ жидкостный шаблон: Горячий хладагент
aeadditions:pattern.fluid:0, МЭ жидкостный шаблон: Базальтовая лава
aeadditions:pattern.fluid:0, МЭ жидкостный шаблон: Жидкая биомасса
aeadditions:pattern.fluid:0, МЭ жидкостный шаблон: Биогаз
aeadditions:pattern.fluid:0, МЭ жидкостный шаблон: Дистиллированная вода
aeadditions:pattern.fluid:0, МЭ жидкостный шаблон: Перегретый пар
aeadditions:pattern.fluid:0, МЭ жидкостный шаблон: Пар
aeadditions:pattern.fluid:0, МЭ жидкостный шаблон: Тёплая вода
aeadditions:pattern.fluid:0, МЭ жидкостный шаблон: Пестицид
aeadditions:pattern.fluid:0, МЭ жидкостный шаблон: Воздух
aeadditions:pattern.fluid:0, МЭ жидкостный шаблон: Водород
aeadditions:pattern.fluid:0, МЭ жидкостный шаблон: Кислород
aeadditions:pattern.fluid:0, МЭ жидкостный шаблон: Тяжёлая вода
aeadditions:pattern.fluid:0, МЭ жидкостный шаблон: Milk
aeadditions:pattern.fluid:0, МЭ жидкостный шаблон: Нефть (§bпрохладное§r)
aeadditions:pattern.fluid:0, МЭ жидкостный шаблон: Нефть (§6горячее§r)
aeadditions:pattern.fluid:0, МЭ жидкостный шаблон: Нефть (§cжгучее§r)
aeadditions:pattern.fluid:0, МЭ жидкостный шаблон: Остаток (§bпрохладное§r)
aeadditions:pattern.fluid:0, МЭ жидкостный шаблон: Остаток (§6горячее§r)
aeadditions:pattern.fluid:0, МЭ жидкостный шаблон: Остаток (§cжгучее§r)
aeadditions:pattern.fluid:0, МЭ жидкостный шаблон: Необработанная нефть (§bпрохладное§r)
aeadditions:pattern.fluid:0, МЭ жидкостный шаблон: Необработанная нефть (§6горячее§r)
aeadditions:pattern.fluid:0, МЭ жидкостный шаблон: Необработанная нефть (§cжгучее§r)
aeadditions:pattern.fluid:0, МЭ жидкостный шаблон: Плотная нефть (§bпрохладное§r)
aeadditions:pattern.fluid:0, МЭ жидкостный шаблон: Плотная нефть (§6горячее§r)
aeadditions:pattern.fluid:0, МЭ жидкостный шаблон: Плотная нефть (§cжгучее§r)
aeadditions:pattern.fluid:0, МЭ жидкостный шаблон: Дистиллированная нефть (§bпрохладное§r)
aeadditions:pattern.fluid:0, МЭ жидкостный шаблон: Дистиллированная нефть (§6горячее§r)
aeadditions:pattern.fluid:0, МЭ жидкостный шаблон: Дистиллированная нефть (§cжгучее§r)
aeadditions:pattern.fluid:0, МЭ жидкостный шаблон: Плотное топливо (§bпрохладное§r)
aeadditions:pattern.fluid:0, МЭ жидкостный шаблон: Плотное топливо (§6горячее§r)
aeadditions:pattern.fluid:0, МЭ жидкостный шаблон: Плотное топливо (§cжгучее§r)
aeadditions:pattern.fluid:0, МЭ жидкостный шаблон: Смешанное тяжелое топливо (§bпрохладное§r)
aeadditions:pattern.fluid:0, МЭ жидкостный шаблон: Смешанное тяжелое топливо (§6горячее§r)
aeadditions:pattern.fluid:0, МЭ жидкостный шаблон: Смешанное тяжелое топливо (§cжгучее§r)
aeadditions:pattern.fluid:0, МЭ жидкостный шаблон: Топливо (§bпрохладное§r)
aeadditions:pattern.fluid:0, МЭ жидкостный шаблон: Топливо (§6горячее§r)
aeadditions:pattern.fluid:0, МЭ жидкостный шаблон: Топливо (§cжгучее§r)
aeadditions:pattern.fluid:0, МЭ жидкостный шаблон: Смешанное легкое топливо (§bпрохладное§r)
aeadditions:pattern.fluid:0, МЭ жидкостный шаблон: Смешанное легкое топливо (§6горячее§r)
aeadditions:pattern.fluid:0, МЭ жидкостный шаблон: Смешанное легкое топливо (§cжгучее§r)
aeadditions:pattern.fluid:0, МЭ жидкостный шаблон: Газообразное топливо (§bпрохладное§r)
aeadditions:pattern.fluid:0, МЭ жидкостный шаблон: Газообразное топливо (§6горячее§r)
aeadditions:pattern.fluid:0, МЭ жидкостный шаблон: Газообразное топливо (§cжгучее§r)
aeadditions:pattern.fluid:0, МЭ жидкостный шаблон: Световой газ
aeadditions:pattern.fluid:0, МЭ жидкостный шаблон: Расплавленный редстоун
aeadditions:pattern.fluid:0, МЭ жидкостный шаблон: Расплавленный жемчуг Края
aeadditions:pattern.fluid:0, МЭ жидкостный шаблон: Расплавленная наэлектризованная сталь
aeadditions:pattern.fluid:0, МЭ жидкостный шаблон: Расплавленный энергетический сплав
aeadditions:pattern.fluid:0, МЭ жидкостный шаблон: Расплавленный вибрирующий сплав
aeadditions:pattern.fluid:0, МЭ жидкостный шаблон: Расплавленный сплав из красного камня
aeadditions:pattern.fluid:0, МЭ жидкостный шаблон: Расплавленное проводящее железо
aeadditions:pattern.fluid:0, МЭ жидкостный шаблон: Расплавленное пульсирующее железо
aeadditions:pattern.fluid:0, МЭ жидкостный шаблон: Расплавленная тёмная сталь
aeadditions:pattern.fluid:0, МЭ жидкостный шаблон: Расплавленный соуларий
aeadditions:pattern.fluid:0, МЭ жидкостный шаблон: Расплавленная сталь Края
aeadditions:pattern.fluid:0, МЭ жидкостный шаблон: Molten Iron Alloy
aeadditions:pattern.fluid:0, МЭ жидкостный шаблон: Топливо
aeadditions:pattern.fluid:0, МЭ жидкостный шаблон: Кислород
aeadditions:pattern.fluid:0, МЭ жидкостный шаблон: Водород
aeadditions:pattern.fluid:0, МЭ жидкостный шаблон: Бактериальный осадок
aeadditions:pattern.fluid:0, МЭ жидкостный шаблон: Метан
aeadditions:pattern.fluid:0, МЭ жидкостный шаблон: Атмосферные газы
aeadditions:pattern.fluid:0, МЭ жидкостный шаблон: Жидкий метан
aeadditions:pattern.fluid:0, МЭ жидкостный шаблон: Жидкий азот
aeadditions:pattern.fluid:0, МЭ жидкостный шаблон: Азот
aeadditions:pattern.fluid:0, МЭ жидкостный шаблон: Углекислый газ
aeadditions:pattern.fluid:0, МЭ жидкостный шаблон: Аргон
aeadditions:pattern.fluid:0, МЭ жидкостный шаблон: Жидкий аргон
aeadditions:pattern.fluid:0, МЭ жидкостный шаблон: Гелий
aeadditions:pattern.fluid:0, МЭ жидкостный шаблон: Серная кислота
aeadditions:pattern.fluid:0, МЭ жидкостный шаблон: Evil Infused Iron
aeadditions:pattern.fluid:0, МЭ жидкостный шаблон: Enchanted Metal
aeadditions:pattern.fluid:0, МЭ жидкостный шаблон: Molten Demon Metal
aeadditions:pattern.fluid:0, МЭ жидкостный шаблон: Пероксид Водорода
aeadditions:pattern.fluid:0, МЭ жидкостный шаблон: Серная Кислота
aeadditions:pattern.fluid:0, МЭ жидкостный шаблон: Композитная Суспензия
aeadditions:pattern.fluid:0, МЭ жидкостный шаблон: Тритий
aeadditions:pattern.fluid:0, МЭ жидкостный шаблон: Дейтерий
aeadditions:pattern.fluid:0, МЭ жидкостный шаблон: Дейтериево-Тритиевая Плазма
aeadditions:pattern.fluid:0, МЭ жидкостный шаблон: Сверхгорячий Пар
aeadditions:pattern.fluid:0, МЭ жидкостный шаблон: Креозот
aeadditions:pattern.fluid:0, МЭ жидкостный шаблон: Растительное масло
aeadditions:pattern.fluid:0, МЭ жидкостный шаблон: Этанол
aeadditions:pattern.fluid:0, МЭ жидкостный шаблон: Биодизель
aeadditions:pattern.fluid:0, МЭ жидкостный шаблон: Жидкий бетон
aeadditions:pattern.fluid:0, МЭ жидкостный шаблон: Зелье
aeadditions:pattern.fluid:0, МЭ жидкостный шаблон: Расплавленный уран
aeadditions:pattern.fluid:0, МЭ жидкостный шаблон: Расплавленный константан
aeadditions:pattern.fluid:0, МЭ жидкостный шаблон: Питательный дистиллят
aeadditions:pattern.fluid:0, МЭ жидкостный шаблон: Роса пустоты
aeadditions:pattern.fluid:0, МЭ жидкостный шаблон: Пар легкости
aeadditions:pattern.fluid:0, МЭ жидкостный шаблон: Самогон
aeadditions:pattern.fluid:0, МЭ жидкостный шаблон: Ракетное топливо
aeadditions:pattern.fluid:0, МЭ жидкостный шаблон: Огненная вода
aeadditions:pattern.fluid:0, МЭ жидкостный шаблон: Жидкий опыт
aeadditions:pattern.fluid:0, МЭ жидкостный шаблон: Жидкий солнечный свет
aeadditions:pattern.fluid:0, МЭ жидкостный шаблон: Облако семян
aeadditions:pattern.fluid:0, МЭ жидкостный шаблон: Концентрированное облако семян
aeadditions:pattern.fluid:0, МЭ жидкостный шаблон: Расплавленный камень
aeadditions:pattern.fluid:0, МЭ жидкостный шаблон: Расплавленный обсидиан
aeadditions:pattern.fluid:0, МЭ жидкостный шаблон: Расплавленная глина
aeadditions:pattern.fluid:0, МЭ жидкостный шаблон: Жидкая земля
aeadditions:pattern.fluid:0, МЭ жидкостный шаблон: Жидкий изумруд
aeadditions:pattern.fluid:0, МЭ жидкостный шаблон: Жидкое стекло
aeadditions:pattern.fluid:0, МЭ жидкостный шаблон: Кровь
aeadditions:pattern.fluid:0, МЭ жидкостный шаблон: Молоко
aeadditions:pattern.fluid:0, МЭ жидкостный шаблон: Синяя слизь
aeadditions:pattern.fluid:0, МЭ жидкостный шаблон: Фиолетовая слизь
aeadditions:pattern.fluid:0, МЭ жидкостный шаблон: Pure Metal
aeadditions:terminal.fluid.wireless, item.com.the9grounds.aeadditions.terminal.fluid.wireless.name
aeadditions:storage.component:0, 256k ME Storage Component
aeadditions:storage.component:1, 1024k ME Storage Component
aeadditions:storage.component:2, 4096k ME Storage Component
aeadditions:storage.component:3, 16384k ME Storage Component
aeadditions:storage.component:4, 256k ME Fluid Storage Component
aeadditions:storage.component:5, 1024k ME Fluid Storage Component
aeadditions:storage.component:6, 4096k ME Fluid Storage Component
aeadditions:storage.component:7, 1k ME Gas Storage Component
aeadditions:storage.component:8, 4k ME Gas Storage Component
aeadditions:storage.component:9, 16k ME Gas Storage Component
aeadditions:storage.component:10, 64k ME Gas Storage Component
aeadditions:storage.component:11, 256k ME Gas Storage Component
aeadditions:storage.component:12, 1024k ME Gas Storage Component
aeadditions:storage.component:13, 4096k ME Gas Storage Component
aeadditions:storage.casing:0, Продвинутый корпус хранилища
aeadditions:storage.casing:1, Жидкостный корпус хранилища
aeadditions:storage.casing:2, Газовый корпус хранилища
aeadditions:fluid.item, item.com.the9grounds.aeadditions.fluid.item.name
aeadditions:storage.fluid.portable:0, МЭ переносное жидкостное хранилище
aeadditions:storage.fluid.portable:0, МЭ переносное жидкостное хранилище
aeadditions:storage.gas.portable:0, МЭ переносное газовое хранилище
aeadditions:storage.gas.portable:0, МЭ переносное газовое хранилище
aeadditions:pattern.crafting, item.com.the9grounds.aeadditions.pattern.crafting.name
aeadditions:terminal.universal.wireless, item.com.the9grounds.aeadditions.terminal.universal.wireless.name
aeadditions:terminal.gas.wireless, item.com.the9grounds.aeadditions.terminal.gas.wireless.name
aeadditions:gas.item, item.com.the9grounds.aeadditions.gas.item.name
aeadditions:certustank, com.the9grounds.aeadditions.block.certustank.name
aeadditions:fluidcrafter, МЭ жидкостный сборщик
aeadditions:fluidfiller, МЭ жидкостный авто-заполнитель
aeadditions:hardmedrive, Взрывоустойчивый МЭ накопитель
aeadditions:vibrantchamberfluid, Жидкостная вибрационная камера
aeadditions:gas_interface, ME Gas Interface
carryon:tile_item, item.tile_item.name
carryon:entity_item, item.entity_item.name
extrautils2:snowglobe:0, Magical Snow Globe
extrautils2:snowglobe:1, Magical Snow Globe
extrautils2:wateringcan, Watering Can
extrautils2:itemcreativedestructionwand, Creative Destruction Wand
extrautils2:unstableingots:0, Unstable Ingot
extrautils2:unstableingots:1, Stable-'Unstable Nugget'
extrautils2:unstableingots:2, Stable-'Unstable Ingot'
extrautils2:itembuilderswand, Builders Wand
extrautils2:itemdestructionwand, Destruction Wand
extrautils2:itemcreativebuilderswand, Creative Builders Wand
extrautils2:soundmuffler, Sound Muffler
extrautils2:enderlilly, Ender Lilly
extrautils2:decorativesolidwood:0, Magical Planks
extrautils2:decorativesolidwood:1, Magical Wood
extrautils2:decorativesolidwood:2, Diagonal Wood
extrautils2:trashcan, Trash Can
extrautils2:trashcanfluid, Trash Can (Fluid)
extrautils2:trashcanenergy, Trash Can (Energy)
extrautils2:angelblock, Angel Block
extrautils2:passivegenerator:0, Solar Panel
extrautils2:passivegenerator:1, Lunar Panel
extrautils2:passivegenerator:2, Lava Mill
extrautils2:passivegenerator:3, Water Mill
extrautils2:passivegenerator:4, Wind Mill
extrautils2:passivegenerator:5, Fire Mill
extrautils2:passivegenerator:6, Creative Mill
extrautils2:passivegenerator:7, Manual Mill
extrautils2:passivegenerator:8, Dragon Egg Mill
extrautils2:supermobspawner, Resturbed Mob Spawner
extrautils2:cursedearth, Cursed Earth
extrautils2:redstoneclock, Redstone Clock
extrautils2:compressedcobblestone:0, Compressed Cobblestone
extrautils2:compressedcobblestone:1, Double Compressed Cobblestone
extrautils2:compressedcobblestone:2, Triple Compressed Cobblestone
extrautils2:compressedcobblestone:3, Quadruple Compressed Cobblestone
extrautils2:compressedcobblestone:4, Quintuple Compressed Cobblestone
extrautils2:compressedcobblestone:5, Sextuple Compressed Cobblestone
extrautils2:compressedcobblestone:6, Septuple Compressed Cobblestone
extrautils2:compressedcobblestone:7, Octuple Compressed Cobblestone
extrautils2:compresseddirt:0, Compressed Dirt
extrautils2:compresseddirt:1, Double Compressed Dirt
extrautils2:compresseddirt:2, Triple Compressed Dirt
extrautils2:compresseddirt:3, Quadruple Compressed Dirt
extrautils2:compressedsand:0, Compressed Sand
extrautils2:compressedsand:1, Double Compressed Sand
extrautils2:compressedgravel:0, Compressed Gravel
extrautils2:compressedgravel:1, Double Compressed Gravel
extrautils2:compressednetherrack:0, Compressed Netherrack
extrautils2:compressednetherrack:1, Double Compressed Netherrack
extrautils2:compressednetherrack:2, Triple Compressed Netherrack
extrautils2:compressednetherrack:3, Quadruple Compressed Netherrack
extrautils2:compressednetherrack:4, Quintuple Compressed Netherrack
extrautils2:compressednetherrack:5, Sextuple Compressed Netherrack
extrautils2:glasscutter, Glass Cutter
extrautils2:endershard, Ender Shard
extrautils2:redorchid, Red Orchid
extrautils2:sickle_wood, Wooden Sickle
extrautils2:sickle_stone, Stone Sickle
extrautils2:sickle_iron, Iron Sickle
extrautils2:sickle_gold, Golden Sickle
extrautils2:sickle_diamond, Diamond Sickle
extrautils2:poweroverload, Power Overload
extrautils2:resonator, Resonator
extrautils2:suncrystal, Sun Crystal
extrautils2:spotlight, Spotlight
extrautils2:screen, Screen
extrautils2:decorativesolid:0, Border Stone
extrautils2:decorativesolid:1, Crossed Stone
extrautils2:decorativesolid:2, Polished Stone
extrautils2:decorativesolid:3, Stoneburnt
extrautils2:decorativesolid:4, Sandy Glass
extrautils2:decorativesolid:5, Truchet
extrautils2:decorativesolid:6, Blue Quartz
extrautils2:decorativesolid:7, Quartzburnt
extrautils2:decorativesolid:8, Rainbow Stone
extrautils2:ingredients:0, Resonating Redstone Crystal
extrautils2:ingredients:1, Redstone Gear
extrautils2:ingredients:2, Eye of Redstone
extrautils2:ingredients:3, Lunar Reactive Dust
extrautils2:ingredients:4, Red Coal
extrautils2:ingredients:5, Moon Stone
extrautils2:ingredients:6, Upgrade Speed
extrautils2:ingredients:7, Upgrade Stack
extrautils2:ingredients:8, Upgrade Mining
extrautils2:ingredients:9, Upgrade Base
extrautils2:ingredients:10, Drop of Evil
extrautils2:ingredients:11, Demon Ingot
extrautils2:ingredients:12, Enchanted Ingot
extrautils2:ingredients:13, Wireless RF Heating Coil
extrautils2:ingredients:14, Blue Dye
extrautils2:ingredients:15, Upgrade Speed (Magical)
extrautils2:ingredients:16, Upgrade Speed (Ultimate)
extrautils2:ingredients:17, Evil Infused Iron Ingot
extrautils2:goldenlasso:0, Golden Lasso
extrautils2:goldenlasso:1, Cursed Lasso
extrautils2:chickenring:0, Chicken Wing Ring
extrautils2:chickenring:1, Ring of the Flying Squid
extrautils2:angelring:0, Angel Ring
extrautils2:angelring:1, Angel Ring
extrautils2:angelring:2, Angel Ring
extrautils2:angelring:3, Angel Ring
extrautils2:angelring:4, Angel Ring
extrautils2:angelring:5, Angel Ring
extrautils2:powermanager, Power Manager
extrautils2:bagofholding, Bag Of Holding
extrautils2:decorativeglass:0, Thickened Glass
extrautils2:decorativeglass:1, Thickened Glass (Bordered)
extrautils2:decorativeglass:2, Thickened Glass (Patterned)
extrautils2:decorativeglass:3, Dark Glass
extrautils2:decorativeglass:4, Glowing Glass
extrautils2:decorativeglass:5, Redstone Glass
extrautils2:ineffableglass:0, Ethereal Glass
extrautils2:ineffableglass:1, Reverse Ethereal Glass
extrautils2:ineffableglass:2, Ineffable Glass
extrautils2:ineffableglass:3, Dark Ineffable Glass
extrautils2:pipe, Transfer Pipe
extrautils2:playerchest, Player Chest
extrautils2:wrench, Wrench
extrautils2:boomerang, Magical Boomerang
extrautils2:book, Extra Utilities 2 Manual
extrautils2:contract, Contract
extrautils2:chunkloader, Chunk Loading Ward
extrautils2:filter, Filter
extrautils2:filterfluids, Filter Fluids
extrautils2:grocket:0, Transfer Node (Items)
extrautils2:grocket:1, Transfer Filter
extrautils2:grocket:2, Transfer Node (Fluids)
extrautils2:grocket:3, Retrieval Node (Items)
extrautils2:grocket:4, Retrieval Node (Fluids)
extrautils2:grocket:5, Transfer Pipe Filter
extrautils2:grocket:6, Transfer Node (Energy)
extrautils2:indexer, Indexer
extrautils2:indexerremote, Indexer Remote
extrautils2:crafter, Mechanical Crafter
extrautils2:scanner, Scanner
extrautils2:miner, Mechanical Miner
extrautils2:user, Mechanical User
extrautils2:klein:0, Klein Bottle
extrautils2:drum:0, Stone Drum
extrautils2:drum:1, Iron Drum
extrautils2:drum:2, Reinforced Large Drum
extrautils2:drum:3, Demonically Gargantuan Drum
extrautils2:drum:4, Creative Drum
extrautils2:machine:0, Machine Block
extrautils2:machine:0, Furnace
extrautils2:machine:0, Crusher
extrautils2:machine:0, Enchanter
extrautils2:machine:0, Survival Generator
extrautils2:machine:0, Furnace Generator
extrautils2:machine:0, Culinary Generator
extrautils2:machine:0, Magmatic Generator
extrautils2:machine:0, Heated Redstone Generator
extrautils2:machine:0, Ender Generator
extrautils2:machine:0, Potion Generator
extrautils2:machine:0, Pink Generator
extrautils2:machine:0, Overclocked Generator
extrautils2:machine:0, Explosive Generator
extrautils2:machine:0, Netherstar Generator
extrautils2:machine:0, Halitosis Generator
extrautils2:machine:0, Frosty Generator
extrautils2:machine:0, Death Generator
extrautils2:machine:0, Dischantment Generator
extrautils2:machine:0, Slimey Generator
extrautils2:teleporter:0, Overworld Portal
extrautils2:teleporter:1, Deep Dark Portal
extrautils2:powertransmitter, Wireless RF Transmitter
extrautils2:powerbattery, Wireless RF Battery
extrautils2:quarryproxy, Quantum Quarry Actuator
extrautils2:quarry, Quantum Quarry
extrautils2:spike_wood, Wooden Spikes
extrautils2:spike_stone, Stone Spikes
extrautils2:spike_iron, Iron Spikes
extrautils2:spike_gold, Golden Spikes
extrautils2:spike_diamond, Diamond Spikes
extrautils2:spike_creative, Creative Spikes
extrautils2:redstonelantern, Redstone Lantern
extrautils2:largishchest, Slightly-Larger Chest
extrautils2:minichest, Mini Chest
extrautils2:rainbowgenerator:0, Rainbow Generator!
extrautils2:rainbowgenerator:1, Rainbow Generator (bottom half)
extrautils2:rainbowgenerator:2, Rainbow Generator (top half)
extrautils2:magicapple, Magical Apple
extrautils2:simpledecorative:0, Block of Enchanted Metal
extrautils2:simpledecorative:1, Block of Demon Metal
extrautils2:simpledecorative:2, Block of Evil Infused Iron
extrautils2:creativechest, Creative Chest
extrautils2:creativeenergy, Creative Energy Source
extrautils2:creativeharvest, Creative Harvest
extrautils2:trowel, Trowel
extrautils2:biomemarker, Biome Marker
extrautils2:terraformer:0, Terraformer
extrautils2:terraformer:1, Antenna
extrautils2:terraformer:2, Humidifier
extrautils2:terraformer:3, Dehumidifier
extrautils2:terraformer:4, Heater
extrautils2:terraformer:5, Cooler
extrautils2:terraformer:6, Dehostilifier
extrautils2:terraformer:7, Magic Absorbtion
extrautils2:terraformer:8, Magic Infuser
extrautils2:terraformer:9, Climograph Base Unit
extrautils2:trashchest, Trash Chest
extrautils2:opinium:0, Opinium Core (Pathetic)
extrautils2:opinium:1, Opinium Core (Mediocre)
extrautils2:opinium:2, Opinium Core (Passable)
extrautils2:opinium:3, Opinium Core (Decent)
extrautils2:opinium:4, Opinium Core (Good)
extrautils2:opinium:5, Opinium Core (Damn Good)
extrautils2:opinium:6, Opinium Core (Amazing)
extrautils2:opinium:7, Opinium Core (Inspiring)
extrautils2:opinium:8, Opinium Core (Perfected)
extrautils2:lawsword, Kikoku
extrautils2:flattransfernode:0, Flat Transfer Node (Items)
extrautils2:flattransfernode:1, Flat Transfer Node (Fluids)
extrautils2:analogcrafter, Analog Crafter
extrautils2:decorativebedrock:0, Bedrock Bricks
extrautils2:decorativebedrock:1, Bedrock Slabs
extrautils2:decorativebedrock:2, Bedrock Cobblestone
extrautils2:compoundbow, Compound Bow
extrautils2:fireaxe, Fire Axe
extrautils2:interactionproxy, Ender Porcupine
extrautils2:luxsaber:0, Lux Saber
extrautils2:luxsaber:0, Lux Saber
extrautils2:luxsaber:1, Lux Saber
extrautils2:luxsaber:1, Lux Saber
extrautils2:luxsaber:2, Lux Saber
extrautils2:luxsaber:2, Lux Saber
extrautils2:luxsaber:3, Lux Saber
extrautils2:luxsaber:3, Lux Saber
extrautils2:luxsaber:4, Lux Saber
extrautils2:luxsaber:4, Lux Saber
extrautils2:luxsaber:5, Lux Saber
extrautils2:luxsaber:5, Lux Saber
extrautils2:luxsaber:6, Lux Saber
extrautils2:luxsaber:6, Lux Saber
extrautils2:luxsaber:7, Lux Saber
extrautils2:luxsaber:7, Lux Saber
extrautils2:ironwood_leaves:0, Ferrous-Juniper Leaves
extrautils2:ironwood_leaves:1, Burnt Ferrous-Juniper Leaves
extrautils2:ironwood_log:0, Ferrous-Juniper Log
extrautils2:ironwood_log:1, Ferrous-Juniper Log
extrautils2:ironwood_sapling:0, Ferrous-Juniper Sapling
extrautils2:ironwood_sapling:1, Dead Ferrous-Juniper Sapling
extrautils2:ironwood_planks:0, Ferrous-Juniper Planks
extrautils2:ironwood_planks:1, Raw Ferrous-Juniper Planks
gravisuite:advancedlappack, gravisuite.advancedLappack.name
gravisuite:advancedjetpack, gravisuite.advancedJetpack.name
gravisuite:advancednanochestplate, gravisuite.advancedNanoChestplate.name
gravisuite:ultimatelappack, gravisuite.ultimateLappack.name
gravisuite:gravichestplate, gravisuite.graviChestplate.name
gravisuite:advanceddrill, gravisuite.advancedDrill.name
gravisuite:advancedchainsaw, gravisuite.advancedChainsaw.name
gravisuite:gravitool, gravisuite.graviTool.name
gravisuite:vajra, gravisuite.vajra.name
gravisuite:crafting:0, Изоляция сверхпроводника
gravisuite:crafting:1, Сверхпроводник
gravisuite:crafting:2, Охлаждающий элемент
gravisuite:crafting:3, Гравитационный двигатель
gravisuite:crafting:4, Магнетрон
gravisuite:crafting:5, Ядро ваджры
gravisuite:crafting:6, Ускоритель двигателя
chisel:blockaluminum:0, Алюминиевый блок
chisel:blockaluminum:1, Алюминиевый блок
chisel:blockaluminum:2, Алюминиевый блок
chisel:blockaluminum:3, Алюминиевый блок
chisel:blockaluminum:4, Алюминиевый блок
chisel:blockaluminum:5, Алюминиевый блок
chisel:blockaluminum:6, Алюминиевый блок
chisel:andesite:0, Андезит
chisel:andesite:1, Андезит
chisel:andesite:2, Андезит
chisel:andesite:3, Андезит
chisel:andesite:4, Андезит
chisel:andesite:5, Андезит
chisel:andesite:6, Андезит
chisel:andesite:7, Андезит
chisel:andesite:8, Андезит
chisel:andesite:9, Андезит
chisel:andesite:10, Андезит
chisel:andesite:11, Андезит
chisel:andesite:12, Андезит
chisel:andesite:13, Андезит
chisel:andesite:14, Андезит
chisel:andesite:15, Андезит
chisel:andesite1:0, Андезит
chisel:andesite1:1, Андезит
chisel:andesite1:2, Андезит
chisel:andesite1:3, Андезит
chisel:andesite1:4, Андезит
chisel:andesite1:5, Андезит
chisel:andesite1:6, Андезит
chisel:andesite1:7, Андезит
chisel:andesite1:8, Андезит
chisel:andesite1:9, Андезит
chisel:andesite1:10, Андезит
chisel:andesite1:11, Андезит
chisel:andesite1:12, Андезит
chisel:andesite1:13, Андезит
chisel:andesite1:14, Андезит
chisel:andesite1:15, Андезит
chisel:andesite2:0, Андезит
chisel:antiblock:0, Анти-блок
chisel:antiblock:1, Анти-блок
chisel:antiblock:2, Анти-блок
chisel:antiblock:3, Анти-блок
chisel:antiblock:4, Анти-блок
chisel:antiblock:5, Анти-блок
chisel:antiblock:6, Анти-блок
chisel:antiblock:7, Анти-блок
chisel:antiblock:8, Анти-блок
chisel:antiblock:9, Анти-блок
chisel:antiblock:10, Анти-блок
chisel:antiblock:11, Анти-блок
chisel:antiblock:12, Анти-блок
chisel:antiblock:13, Анти-блок
chisel:antiblock:14, Анти-блок
chisel:antiblock:15, Анти-блок
chisel:basalt:0, Базальт
chisel:basalt:1, Базальт
chisel:basalt:2, Базальт
chisel:basalt:3, Базальт
chisel:basalt:4, Базальт
chisel:basalt:5, Базальт
chisel:basalt:6, Базальт
chisel:basalt:7, Базальт
chisel:basalt:8, Базальт
chisel:basalt:9, Базальт
chisel:basalt:10, Базальт
chisel:basalt:11, Базальт
chisel:basalt:12, Базальт
chisel:basalt:13, Базальт
chisel:basalt:14, Базальт
chisel:basalt:15, Базальт
chisel:basalt1:0, Базальт
chisel:basalt1:1, Базальт
chisel:basalt1:2, Базальт
chisel:basalt1:3, Базальт
chisel:basalt1:4, Базальт
chisel:basalt1:5, Базальт
chisel:basalt1:6, Базальт
chisel:basalt1:7, Базальт
chisel:basalt1:8, Базальт
chisel:basalt1:9, Базальт
chisel:basalt2:0, Базальт
chisel:basalt2:1, Базальт
chisel:basalt2:2, Базальт
chisel:basalt2:3, Базальт
chisel:basalt2:4, Базальт
chisel:basalt2:5, Базальт
chisel:basalt2:6, Базальт
chisel:basalt2:7, Базальт
chisel:bookshelf_oak:0, Oak Bookshelf
chisel:bookshelf_oak:1, Oak Bookshelf
chisel:bookshelf_oak:2, Oak Bookshelf
chisel:bookshelf_oak:3, Oak Bookshelf
chisel:bookshelf_oak:4, Oak Bookshelf
chisel:bookshelf_oak:5, Oak Bookshelf
chisel:bookshelf_oak:6, Oak Bookshelf
chisel:bookshelf_oak:7, Oak Bookshelf
chisel:bookshelf_oak:8, Oak Bookshelf
chisel:bookshelf_oak:9, Oak Bookshelf
chisel:bookshelf_spruce:0, Еловая книжная полка
chisel:bookshelf_spruce:1, Еловая книжная полка
chisel:bookshelf_spruce:2, Еловая книжная полка
chisel:bookshelf_spruce:3, Еловая книжная полка
chisel:bookshelf_spruce:4, Еловая книжная полка
chisel:bookshelf_spruce:5, Еловая книжная полка
chisel:bookshelf_spruce:6, Еловая книжная полка
chisel:bookshelf_spruce:7, Еловая книжная полка
chisel:bookshelf_spruce:8, Еловая книжная полка
chisel:bookshelf_spruce:9, Еловая книжная полка
chisel:bookshelf_birch:0, Берёзовая книжная полка
chisel:bookshelf_birch:1, Берёзовая книжная полка
chisel:bookshelf_birch:2, Берёзовая книжная полка
chisel:bookshelf_birch:3, Берёзовая книжная полка
chisel:bookshelf_birch:4, Берёзовая книжная полка
chisel:bookshelf_birch:5, Берёзовая книжная полка
chisel:bookshelf_birch:6, Берёзовая книжная полка
chisel:bookshelf_birch:7, Берёзовая книжная полка
chisel:bookshelf_birch:8, Берёзовая книжная полка
chisel:bookshelf_birch:9, Берёзовая книжная полка
chisel:bookshelf_jungle:0, Книжная полка из тропического дерева
chisel:bookshelf_jungle:1, Книжная полка из тропического дерева
chisel:bookshelf_jungle:2, Книжная полка из тропического дерева
chisel:bookshelf_jungle:3, Книжная полка из тропического дерева
chisel:bookshelf_jungle:4, Книжная полка из тропического дерева
chisel:bookshelf_jungle:5, Книжная полка из тропического дерева
chisel:bookshelf_jungle:6, Книжная полка из тропического дерева
chisel:bookshelf_jungle:7, Книжная полка из тропического дерева
chisel:bookshelf_jungle:8, Книжная полка из тропического дерева
chisel:bookshelf_jungle:9, Книжная полка из тропического дерева
chisel:bookshelf_acacia:0, Акациевая книжная полка
chisel:bookshelf_acacia:1, Акациевая книжная полка
chisel:bookshelf_acacia:2, Акациевая книжная полка
chisel:bookshelf_acacia:3, Акациевая книжная полка
chisel:bookshelf_acacia:4, Акациевая книжная полка
chisel:bookshelf_acacia:5, Акациевая книжная полка
chisel:bookshelf_acacia:6, Акациевая книжная полка
chisel:bookshelf_acacia:7, Акациевая книжная полка
chisel:bookshelf_acacia:8, Акациевая книжная полка
chisel:bookshelf_acacia:9, Акациевая книжная полка
chisel:bookshelf_darkoak:0, Dark Oak Bookshelf
chisel:bookshelf_darkoak:1, Dark Oak Bookshelf
chisel:bookshelf_darkoak:2, Dark Oak Bookshelf
chisel:bookshelf_darkoak:3, Dark Oak Bookshelf
chisel:bookshelf_darkoak:4, Dark Oak Bookshelf
chisel:bookshelf_darkoak:5, Dark Oak Bookshelf
chisel:bookshelf_darkoak:6, Dark Oak Bookshelf
chisel:bookshelf_darkoak:7, Dark Oak Bookshelf
chisel:bookshelf_darkoak:8, Dark Oak Bookshelf
chisel:bookshelf_darkoak:9, Dark Oak Bookshelf
chisel:bricks:0, Кирпичи
chisel:bricks:1, Кирпичи
chisel:bricks:2, Кирпичи
chisel:bricks:3, Кирпичи
chisel:bricks:4, Кирпичи
chisel:bricks:5, Кирпичи
chisel:bricks:6, Кирпичи
chisel:bricks:7, Кирпичи
chisel:bricks:8, Кирпичи
chisel:bricks:9, Кирпичи
chisel:bricks:10, Кирпичи
chisel:bricks:11, Кирпичи
chisel:bricks:12, Кирпичи
chisel:bricks:13, Кирпичи
chisel:bricks:14, Кирпичи
chisel:bricks:15, Кирпичи
chisel:bricks1:0, Кирпичи
chisel:bricks1:1, Кирпичи
chisel:bricks1:2, Кирпичи
chisel:bricks1:3, Кирпичи
chisel:bricks1:4, Кирпичи
chisel:bricks1:5, Кирпичи
chisel:bricks1:6, Кирпичи
chisel:bricks1:7, Кирпичи
chisel:bricks1:8, Кирпичи
chisel:bricks1:9, Кирпичи
chisel:bricks2:0, Кирпичи
chisel:bricks2:1, Кирпичи
chisel:bricks2:2, Кирпичи
chisel:bricks2:3, Кирпичи
chisel:bricks2:4, Кирпичи
chisel:bricks2:5, Кирпичи
chisel:blockbronze:0, Бронзовый блок
chisel:blockbronze:1, Бронзовый блок
chisel:blockbronze:2, Бронзовый блок
chisel:blockbronze:3, Бронзовый блок
chisel:blockbronze:4, Бронзовый блок
chisel:blockbronze:5, Бронзовый блок
chisel:blockbronze:6, Бронзовый блок
chisel:brownstone:0, Brownstone
chisel:brownstone:1, Brownstone
chisel:brownstone:2, Brownstone
chisel:brownstone:3, Brownstone
chisel:brownstone:4, Brownstone
chisel:brownstone:5, Brownstone
chisel:brownstone:6, Brownstone
chisel:brownstone:7, Brownstone
chisel:brownstone:8, Brownstone
chisel:brownstone:9, Brownstone
chisel:certus:0, Block of Certus Quartz
chisel:certus:1, Block of Certus Quartz
chisel:certus:2, Block of Certus Quartz
chisel:certus:3, Block of Certus Quartz
chisel:certus:4, Block of Certus Quartz
chisel:certus:5, Block of Certus Quartz
chisel:certus:6, Block of Certus Quartz
chisel:certus:7, Block of Certus Quartz
chisel:certus:8, Block of Certus Quartz
chisel:certus:9, Block of Certus Quartz
chisel:certus:10, Block of Certus Quartz
chisel:certus:11, Block of Certus Quartz
chisel:certus:12, Block of Certus Quartz
chisel:certus:13, Block of Certus Quartz
chisel:certus:14, Block of Certus Quartz
chisel:certus:15, Block of Certus Quartz
chisel:certus1:0, Block of Certus Quartz
chisel:certus1:1, Block of Certus Quartz
chisel:certus1:2, Block of Certus Quartz
chisel:certus1:3, Block of Certus Quartz
chisel:certus1:4, Block of Certus Quartz
chisel:certus1:5, Block of Certus Quartz
chisel:certus1:6, Block of Certus Quartz
chisel:certus1:7, Block of Certus Quartz
chisel:certus1:8, Block of Certus Quartz
chisel:certus1:9, Block of Certus Quartz
chisel:certus1:10, Block of Certus Quartz
chisel:certus1:11, Block of Certus Quartz
chisel:certus1:12, Block of Certus Quartz
chisel:certus1:13, Block of Certus Quartz
chisel:certus1:14, Block of Certus Quartz
chisel:certus1:15, Block of Certus Quartz
chisel:certus2:0, Block of Certus Quartz
chisel:certus2:1, Block of Certus Quartz
chisel:carpet_black:0, Black Carpet
chisel:carpet_black:1, Black Carpet
chisel:carpet_red:0, Red Carpet
chisel:carpet_red:1, Red Carpet
chisel:carpet_green:0, Green Carpet
chisel:carpet_green:1, Green Carpet
chisel:carpet_brown:0, Brown Carpet
chisel:carpet_brown:1, Brown Carpet
chisel:carpet_blue:0, Blue Carpet
chisel:carpet_blue:1, Blue Carpet
chisel:carpet_purple:0, Purple Carpet
chisel:carpet_purple:1, Purple Carpet
chisel:carpet_cyan:0, Cyan Carpet
chisel:carpet_cyan:1, Cyan Carpet
chisel:carpet_lightgray:0, Light Gray Carpet
chisel:carpet_lightgray:1, Light Gray Carpet
chisel:carpet_gray:0, Gray Carpet
chisel:carpet_gray:1, Gray Carpet
chisel:carpet_pink:0, Pink Carpet
chisel:carpet_pink:1, Pink Carpet
chisel:carpet_lime:0, Lime Carpet
chisel:carpet_lime:1, Lime Carpet
chisel:carpet_yellow:0, Yellow Carpet
chisel:carpet_yellow:1, Yellow Carpet
chisel:carpet_lightblue:0, Light Blue Carpet
chisel:carpet_lightblue:1, Light Blue Carpet
chisel:carpet_magenta:0, Magenta Carpet
chisel:carpet_magenta:1, Magenta Carpet
chisel:carpet_orange:0, Orange Carpet
chisel:carpet_orange:1, Orange Carpet
chisel:carpet_white:0, White Carpet
chisel:carpet_white:1, White Carpet
chisel:block_charcoal:0, Block of Charcoal
chisel:block_charcoal:1, Block of Charcoal
chisel:block_charcoal:2, Block of Charcoal
chisel:block_charcoal:3, Block of Charcoal
chisel:block_charcoal:4, Block of Charcoal
chisel:block_charcoal:5, Block of Charcoal
chisel:block_charcoal:6, Block of Charcoal
chisel:block_charcoal:7, Block of Charcoal
chisel:block_charcoal:8, Block of Charcoal
chisel:block_charcoal:9, Block of Charcoal
chisel:block_charcoal:10, Block of Charcoal
chisel:block_charcoal:11, Block of Charcoal
chisel:block_charcoal:12, Block of Charcoal
chisel:block_charcoal:13, Block of Charcoal
chisel:block_charcoal:14, Block of Charcoal
chisel:block_charcoal:15, Block of Charcoal
chisel:block_charcoal1:0, Block of Charcoal
chisel:block_charcoal1:1, Block of Charcoal
chisel:block_charcoal1:2, Block of Charcoal
chisel:block_charcoal1:3, Block of Charcoal
chisel:block_charcoal1:4, Block of Charcoal
chisel:block_charcoal1:5, Block of Charcoal
chisel:block_charcoal1:6, Block of Charcoal
chisel:block_charcoal1:7, Block of Charcoal
chisel:block_charcoal1:8, Block of Charcoal
chisel:block_charcoal1:9, Block of Charcoal
chisel:block_charcoal1:10, Block of Charcoal
chisel:block_charcoal1:11, Block of Charcoal
chisel:block_charcoal1:12, Block of Charcoal
chisel:block_charcoal1:13, Block of Charcoal
chisel:block_charcoal1:14, Block of Charcoal
chisel:block_charcoal1:15, Block of Charcoal
chisel:block_charcoal2:0, Block of Charcoal
chisel:block_charcoal2:1, Block of Charcoal
chisel:cloud:0, Облако
chisel:cloud:1, Облако
chisel:cloud:2, Облако
chisel:cloud:3, Облако
chisel:cloud:4, Облако
chisel:blockcobalt:0, Кобальтовый блок
chisel:blockcobalt:1, Кобальтовый блок
chisel:blockcobalt:2, Кобальтовый блок
chisel:blockcobalt:3, Кобальтовый блок
chisel:blockcobalt:4, Кобальтовый блок
chisel:blockcobalt:5, Кобальтовый блок
chisel:blockcobalt:6, Кобальтовый блок
chisel:cobblestone:0, Булыжник
chisel:cobblestone:1, Булыжник
chisel:cobblestone:2, Булыжник
chisel:cobblestone:3, Булыжник
chisel:cobblestone:4, Булыжник
chisel:cobblestone:5, Булыжник
chisel:cobblestone:6, Булыжник
chisel:cobblestone:7, Булыжник
chisel:cobblestone:8, Булыжник
chisel:cobblestone:9, Булыжник
chisel:cobblestone:10, Булыжник
chisel:cobblestone:11, Булыжник
chisel:cobblestone:12, Булыжник
chisel:cobblestone:13, Булыжник
chisel:cobblestone:14, Булыжник
chisel:cobblestone:15, Булыжник
chisel:cobblestone1:0, Булыжник
chisel:cobblestone1:1, Булыжник
chisel:cobblestone1:2, Булыжник
chisel:cobblestone1:3, Булыжник
chisel:cobblestone1:4, Булыжник
chisel:cobblestone1:5, Булыжник
chisel:cobblestone1:6, Булыжник
chisel:cobblestone1:7, Булыжник
chisel:cobblestone1:8, Булыжник
chisel:cobblestone1:9, Булыжник
chisel:cobblestone2:0, Булыжник
chisel:cobblestone2:1, Булыжник
chisel:cobblestone2:2, Булыжник
chisel:cobblestone2:3, Булыжник
chisel:cobblestone2:4, Булыжник
chisel:cobblestone2:5, Булыжник
chisel:cobblestone2:6, Булыжник
chisel:cobblestone2:7, Булыжник
chisel:cobblestone2:8, Булыжник
chisel:cobblestone2:9, Булыжник
chisel:block_coal:0, Block of Coal
chisel:block_coal:1, Block of Coal
chisel:block_coal:2, Block of Coal
chisel:block_coal:3, Block of Coal
chisel:block_coal:4, Block of Coal
chisel:block_coal:5, Block of Coal
chisel:block_coal:6, Block of Coal
chisel:block_coal:7, Block of Coal
chisel:block_coal:8, Block of Coal
chisel:block_coal:9, Block of Coal
chisel:block_coal:10, Block of Coal
chisel:block_coal:11, Block of Coal
chisel:block_coal:12, Block of Coal
chisel:block_coal:13, Block of Coal
chisel:block_coal:14, Block of Coal
chisel:block_coal:15, Block of Coal
chisel:block_coal1:0, Block of Coal
chisel:block_coal1:1, Block of Coal
chisel:block_coal1:2, Block of Coal
chisel:block_coal1:3, Block of Coal
chisel:block_coal1:4, Block of Coal
chisel:block_coal1:5, Block of Coal
chisel:block_coal1:6, Block of Coal
chisel:block_coal1:7, Block of Coal
chisel:block_coal1:8, Block of Coal
chisel:block_coal1:9, Block of Coal
chisel:block_coal1:10, Block of Coal
chisel:block_coal1:11, Block of Coal
chisel:block_coal1:12, Block of Coal
chisel:block_coal1:13, Block of Coal
chisel:block_coal1:14, Block of Coal
chisel:block_coal1:15, Block of Coal
chisel:block_coal2:0, Block of Coal
chisel:block_coal2:1, Block of Coal
chisel:block_coal_coke:0, Block of Coal Coke
chisel:block_coal_coke:1, Block of Coal Coke
chisel:block_coal_coke:2, Block of Coal Coke
chisel:block_coal_coke:3, Block of Coal Coke
chisel:block_coal_coke:4, Block of Coal Coke
chisel:block_coal_coke:5, Block of Coal Coke
chisel:block_coal_coke:6, Block of Coal Coke
chisel:block_coal_coke:7, Block of Coal Coke
chisel:block_coal_coke:8, Block of Coal Coke
chisel:block_coal_coke:9, Block of Coal Coke
chisel:block_coal_coke:10, Block of Coal Coke
chisel:block_coal_coke:11, Block of Coal Coke
chisel:block_coal_coke:12, Block of Coal Coke
chisel:block_coal_coke:13, Block of Coal Coke
chisel:block_coal_coke:14, Block of Coal Coke
chisel:block_coal_coke:15, Block of Coal Coke
chisel:block_coal_coke1:0, Block of Coal Coke
chisel:block_coal_coke1:1, Block of Coal Coke
chisel:block_coal_coke1:2, Block of Coal Coke
chisel:block_coal_coke1:3, Block of Coal Coke
chisel:block_coal_coke1:4, Block of Coal Coke
chisel:block_coal_coke1:5, Block of Coal Coke
chisel:block_coal_coke1:6, Block of Coal Coke
chisel:block_coal_coke1:7, Block of Coal Coke
chisel:block_coal_coke1:8, Block of Coal Coke
chisel:block_coal_coke1:9, Block of Coal Coke
chisel:block_coal_coke1:10, Block of Coal Coke
chisel:block_coal_coke1:11, Block of Coal Coke
chisel:block_coal_coke1:12, Block of Coal Coke
chisel:block_coal_coke1:13, Block of Coal Coke
chisel:block_coal_coke1:14, Block of Coal Coke
chisel:block_coal_coke1:15, Block of Coal Coke
chisel:block_coal_coke2:0, Block of Coal Coke
chisel:block_coal_coke2:1, Block of Coal Coke
chisel:cobblestonemossy:0, Замшелый булыжник
chisel:cobblestonemossy:1, Замшелый булыжник
chisel:cobblestonemossy:2, Замшелый булыжник
chisel:cobblestonemossy:3, Замшелый булыжник
chisel:cobblestonemossy:4, Замшелый булыжник
chisel:cobblestonemossy:5, Замшелый булыжник
chisel:cobblestonemossy:6, Замшелый булыжник
chisel:cobblestonemossy:7, Замшелый булыжник
chisel:cobblestonemossy:8, Замшелый булыжник
chisel:cobblestonemossy:9, Замшелый булыжник
chisel:cobblestonemossy:10, Замшелый булыжник
chisel:cobblestonemossy:11, Замшелый булыжник
chisel:cobblestonemossy:12, Замшелый булыжник
chisel:cobblestonemossy:13, Замшелый булыжник
chisel:cobblestonemossy:14, Замшелый булыжник
chisel:cobblestonemossy:15, Замшелый булыжник
chisel:cobblestonemossy1:0, Замшелый булыжник
chisel:cobblestonemossy1:1, Замшелый булыжник
chisel:cobblestonemossy1:2, Замшелый булыжник
chisel:cobblestonemossy1:3, Замшелый булыжник
chisel:cobblestonemossy1:4, Замшелый булыжник
chisel:cobblestonemossy1:5, Замшелый булыжник
chisel:cobblestonemossy1:6, Замшелый булыжник
chisel:cobblestonemossy1:7, Замшелый булыжник
chisel:cobblestonemossy1:8, Замшелый булыжник
chisel:cobblestonemossy1:9, Замшелый булыжник
chisel:cobblestonemossy1:10, Замшелый булыжник
chisel:cobblestonemossy1:11, Замшелый булыжник
chisel:cobblestonemossy1:12, Замшелый булыжник
chisel:cobblestonemossy1:13, Замшелый булыжник
chisel:cobblestonemossy1:14, Замшелый булыжник
chisel:cobblestonemossy1:15, Замшелый булыжник
chisel:cobblestonemossy2:0, Замшелый булыжник
chisel:concrete_black:0, Black Concrete
chisel:concrete_black:1, Black Concrete
chisel:concrete_black:2, Black Concrete
chisel:concrete_black:3, Black Concrete
chisel:concrete_black:4, Black Concrete
chisel:concrete_black:5, Black Concrete
chisel:concrete_black:6, Black Concrete
chisel:concrete_black:7, Black Concrete
chisel:concrete_black:8, Black Concrete
chisel:concrete_black:9, Black Concrete
chisel:concrete_black:10, Black Concrete
chisel:concrete_black:11, Black Concrete
chisel:concrete_black:12, Black Concrete
chisel:concrete_black:13, Black Concrete
chisel:concrete_black:14, Black Concrete
chisel:concrete_black:15, Black Concrete
chisel:concrete_black1:0, Black Concrete
chisel:concrete_black1:1, Black Concrete
chisel:concrete_black1:2, Black Concrete
chisel:concrete_black1:3, Black Concrete
chisel:concrete_black1:4, Black Concrete
chisel:concrete_black1:5, Black Concrete
chisel:concrete_black1:6, Black Concrete
chisel:concrete_black1:7, Black Concrete
chisel:concrete_black1:8, Black Concrete
chisel:concrete_black1:9, Black Concrete
chisel:concrete_black1:10, Black Concrete
chisel:concrete_black1:11, Black Concrete
chisel:concrete_black1:12, Black Concrete
chisel:concrete_black1:13, Black Concrete
chisel:concrete_black1:14, Black Concrete
chisel:concrete_black1:15, Black Concrete
chisel:concrete_black2:0, Black Concrete
chisel:concrete_red:0, Red Concrete
chisel:concrete_red:1, Red Concrete
chisel:concrete_red:2, Red Concrete
chisel:concrete_red:3, Red Concrete
chisel:concrete_red:4, Red Concrete
chisel:concrete_red:5, Red Concrete
chisel:concrete_red:6, Red Concrete
chisel:concrete_red:7, Red Concrete
chisel:concrete_red:8, Red Concrete
chisel:concrete_red:9, Red Concrete
chisel:concrete_red:10, Red Concrete
chisel:concrete_red:11, Red Concrete
chisel:concrete_red:12, Red Concrete
chisel:concrete_red:13, Red Concrete
chisel:concrete_red:14, Red Concrete
chisel:concrete_red:15, Red Concrete
chisel:concrete_red1:0, Red Concrete
chisel:concrete_red1:1, Red Concrete
chisel:concrete_red1:2, Red Concrete
chisel:concrete_red1:3, Red Concrete
chisel:concrete_red1:4, Red Concrete
chisel:concrete_red1:5, Red Concrete
chisel:concrete_red1:6, Red Concrete
chisel:concrete_red1:7, Red Concrete
chisel:concrete_red1:8, Red Concrete
chisel:concrete_red1:9, Red Concrete
chisel:concrete_red1:10, Red Concrete
chisel:concrete_red1:11, Red Concrete
chisel:concrete_red1:12, Red Concrete
chisel:concrete_red1:13, Red Concrete
chisel:concrete_red1:14, Red Concrete
chisel:concrete_red1:15, Red Concrete
chisel:concrete_red2:0, Red Concrete
chisel:concrete_green:0, Green Concrete
chisel:concrete_green:1, Green Concrete
chisel:concrete_green:2, Green Concrete
chisel:concrete_green:3, Green Concrete
chisel:concrete_green:4, Green Concrete
chisel:concrete_green:5, Green Concrete
chisel:concrete_green:6, Green Concrete
chisel:concrete_green:7, Green Concrete
chisel:concrete_green:8, Green Concrete
chisel:concrete_green:9, Green Concrete
chisel:concrete_green:10, Green Concrete
chisel:concrete_green:11, Green Concrete
chisel:concrete_green:12, Green Concrete
chisel:concrete_green:13, Green Concrete
chisel:concrete_green:14, Green Concrete
chisel:concrete_green:15, Green Concrete
chisel:concrete_green1:0, Green Concrete
chisel:concrete_green1:1, Green Concrete
chisel:concrete_green1:2, Green Concrete
chisel:concrete_green1:3, Green Concrete
chisel:concrete_green1:4, Green Concrete
chisel:concrete_green1:5, Green Concrete
chisel:concrete_green1:6, Green Concrete
chisel:concrete_green1:7, Green Concrete
chisel:concrete_green1:8, Green Concrete
chisel:concrete_green1:9, Green Concrete
chisel:concrete_green1:10, Green Concrete
chisel:concrete_green1:11, Green Concrete
chisel:concrete_green1:12, Green Concrete
chisel:concrete_green1:13, Green Concrete
chisel:concrete_green1:14, Green Concrete
chisel:concrete_green1:15, Green Concrete
chisel:concrete_green2:0, Green Concrete
chisel:concrete_brown:0, Brown Concrete
chisel:concrete_brown:1, Brown Concrete
chisel:concrete_brown:2, Brown Concrete
chisel:concrete_brown:3, Brown Concrete
chisel:concrete_brown:4, Brown Concrete
chisel:concrete_brown:5, Brown Concrete
chisel:concrete_brown:6, Brown Concrete
chisel:concrete_brown:7, Brown Concrete
chisel:concrete_brown:8, Brown Concrete
chisel:concrete_brown:9, Brown Concrete
chisel:concrete_brown:10, Brown Concrete
chisel:concrete_brown:11, Brown Concrete
chisel:concrete_brown:12, Brown Concrete
chisel:concrete_brown:13, Brown Concrete
chisel:concrete_brown:14, Brown Concrete
chisel:concrete_brown:15, Brown Concrete
chisel:concrete_brown1:0, Brown Concrete
chisel:concrete_brown1:1, Brown Concrete
chisel:concrete_brown1:2, Brown Concrete
chisel:concrete_brown1:3, Brown Concrete
chisel:concrete_brown1:4, Brown Concrete
chisel:concrete_brown1:5, Brown Concrete
chisel:concrete_brown1:6, Brown Concrete
chisel:concrete_brown1:7, Brown Concrete
chisel:concrete_brown1:8, Brown Concrete
chisel:concrete_brown1:9, Brown Concrete
chisel:concrete_brown1:10, Brown Concrete
chisel:concrete_brown1:11, Brown Concrete
chisel:concrete_brown1:12, Brown Concrete
chisel:concrete_brown1:13, Brown Concrete
chisel:concrete_brown1:14, Brown Concrete
chisel:concrete_brown1:15, Brown Concrete
chisel:concrete_brown2:0, Brown Concrete
chisel:concrete_blue:0, Blue Concrete
chisel:concrete_blue:1, Blue Concrete
chisel:concrete_blue:2, Blue Concrete
chisel:concrete_blue:3, Blue Concrete
chisel:concrete_blue:4, Blue Concrete
chisel:concrete_blue:5, Blue Concrete
chisel:concrete_blue:6, Blue Concrete
chisel:concrete_blue:7, Blue Concrete
chisel:concrete_blue:8, Blue Concrete
chisel:concrete_blue:9, Blue Concrete
chisel:concrete_blue:10, Blue Concrete
chisel:concrete_blue:11, Blue Concrete
chisel:concrete_blue:12, Blue Concrete
chisel:concrete_blue:13, Blue Concrete
chisel:concrete_blue:14, Blue Concrete
chisel:concrete_blue:15, Blue Concrete
chisel:concrete_blue1:0, Blue Concrete
chisel:concrete_blue1:1, Blue Concrete
chisel:concrete_blue1:2, Blue Concrete
chisel:concrete_blue1:3, Blue Concrete
chisel:concrete_blue1:4, Blue Concrete
chisel:concrete_blue1:5, Blue Concrete
chisel:concrete_blue1:6, Blue Concrete
chisel:concrete_blue1:7, Blue Concrete
chisel:concrete_blue1:8, Blue Concrete
chisel:concrete_blue1:9, Blue Concrete
chisel:concrete_blue1:10, Blue Concrete
chisel:concrete_blue1:11, Blue Concrete
chisel:concrete_blue1:12, Blue Concrete
chisel:concrete_blue1:13, Blue Concrete
chisel:concrete_blue1:14, Blue Concrete
chisel:concrete_blue1:15, Blue Concrete
chisel:concrete_blue2:0, Blue Concrete
chisel:concrete_purple:0, Purple Concrete
chisel:concrete_purple:1, Purple Concrete
chisel:concrete_purple:2, Purple Concrete
chisel:concrete_purple:3, Purple Concrete
chisel:concrete_purple:4, Purple Concrete
chisel:concrete_purple:5, Purple Concrete
chisel:concrete_purple:6, Purple Concrete
chisel:concrete_purple:7, Purple Concrete
chisel:concrete_purple:8, Purple Concrete
chisel:concrete_purple:9, Purple Concrete
chisel:concrete_purple:10, Purple Concrete
chisel:concrete_purple:11, Purple Concrete
chisel:concrete_purple:12, Purple Concrete
chisel:concrete_purple:13, Purple Concrete
chisel:concrete_purple:14, Purple Concrete
chisel:concrete_purple:15, Purple Concrete
chisel:concrete_purple1:0, Purple Concrete
chisel:concrete_purple1:1, Purple Concrete
chisel:concrete_purple1:2, Purple Concrete
chisel:concrete_purple1:3, Purple Concrete
chisel:concrete_purple1:4, Purple Concrete
chisel:concrete_purple1:5, Purple Concrete
chisel:concrete_purple1:6, Purple Concrete
chisel:concrete_purple1:7, Purple Concrete
chisel:concrete_purple1:8, Purple Concrete
chisel:concrete_purple1:9, Purple Concrete
chisel:concrete_purple1:10, Purple Concrete
chisel:concrete_purple1:11, Purple Concrete
chisel:concrete_purple1:12, Purple Concrete
chisel:concrete_purple1:13, Purple Concrete
chisel:concrete_purple1:14, Purple Concrete
chisel:concrete_purple1:15, Purple Concrete
chisel:concrete_purple2:0, Purple Concrete
chisel:concrete_cyan:0, Cyan Concrete
chisel:concrete_cyan:1, Cyan Concrete
chisel:concrete_cyan:2, Cyan Concrete
chisel:concrete_cyan:3, Cyan Concrete
chisel:concrete_cyan:4, Cyan Concrete
chisel:concrete_cyan:5, Cyan Concrete
chisel:concrete_cyan:6, Cyan Concrete
chisel:concrete_cyan:7, Cyan Concrete
chisel:concrete_cyan:8, Cyan Concrete
chisel:concrete_cyan:9, Cyan Concrete
chisel:concrete_cyan:10, Cyan Concrete
chisel:concrete_cyan:11, Cyan Concrete
chisel:concrete_cyan:12, Cyan Concrete
chisel:concrete_cyan:13, Cyan Concrete
chisel:concrete_cyan:14, Cyan Concrete
chisel:concrete_cyan:15, Cyan Concrete
chisel:concrete_cyan1:0, Cyan Concrete
chisel:concrete_cyan1:1, Cyan Concrete
chisel:concrete_cyan1:2, Cyan Concrete
chisel:concrete_cyan1:3, Cyan Concrete
chisel:concrete_cyan1:4, Cyan Concrete
chisel:concrete_cyan1:5, Cyan Concrete
chisel:concrete_cyan1:6, Cyan Concrete
chisel:concrete_cyan1:7, Cyan Concrete
chisel:concrete_cyan1:8, Cyan Concrete
chisel:concrete_cyan1:9, Cyan Concrete
chisel:concrete_cyan1:10, Cyan Concrete
chisel:concrete_cyan1:11, Cyan Concrete
chisel:concrete_cyan1:12, Cyan Concrete
chisel:concrete_cyan1:13, Cyan Concrete
chisel:concrete_cyan1:14, Cyan Concrete
chisel:concrete_cyan1:15, Cyan Concrete
chisel:concrete_cyan2:0, Cyan Concrete
chisel:concrete_lightgray:0, Light Gray Concrete
chisel:concrete_lightgray:1, Light Gray Concrete
chisel:concrete_lightgray:2, Light Gray Concrete
chisel:concrete_lightgray:3, Light Gray Concrete
chisel:concrete_lightgray:4, Light Gray Concrete
chisel:concrete_lightgray:5, Light Gray Concrete
chisel:concrete_lightgray:6, Light Gray Concrete
chisel:concrete_lightgray:7, Light Gray Concrete
chisel:concrete_lightgray:8, Light Gray Concrete
chisel:concrete_lightgray:9, Light Gray Concrete
chisel:concrete_lightgray:10, Light Gray Concrete
chisel:concrete_lightgray:11, Light Gray Concrete
chisel:concrete_lightgray:12, Light Gray Concrete
chisel:concrete_lightgray:13, Light Gray Concrete
chisel:concrete_lightgray:14, Light Gray Concrete
chisel:concrete_lightgray:15, Light Gray Concrete
chisel:concrete_lightgray1:0, Light Gray Concrete
chisel:concrete_lightgray1:1, Light Gray Concrete
chisel:concrete_lightgray1:2, Light Gray Concrete
chisel:concrete_lightgray1:3, Light Gray Concrete
chisel:concrete_lightgray1:4, Light Gray Concrete
chisel:concrete_lightgray1:5, Light Gray Concrete
chisel:concrete_lightgray1:6, Light Gray Concrete
chisel:concrete_lightgray1:7, Light Gray Concrete
chisel:concrete_lightgray1:8, Light Gray Concrete
chisel:concrete_lightgray1:9, Light Gray Concrete
chisel:concrete_lightgray1:10, Light Gray Concrete
chisel:concrete_lightgray1:11, Light Gray Concrete
chisel:concrete_lightgray1:12, Light Gray Concrete
chisel:concrete_lightgray1:13, Light Gray Concrete
chisel:concrete_lightgray1:14, Light Gray Concrete
chisel:concrete_lightgray1:15, Light Gray Concrete
chisel:concrete_lightgray2:0, Light Gray Concrete
chisel:concrete_gray:0, Gray Concrete
chisel:concrete_gray:1, Gray Concrete
chisel:concrete_gray:2, Gray Concrete
chisel:concrete_gray:3, Gray Concrete
chisel:concrete_gray:4, Gray Concrete
chisel:concrete_gray:5, Gray Concrete
chisel:concrete_gray:6, Gray Concrete
chisel:concrete_gray:7, Gray Concrete
chisel:concrete_gray:8, Gray Concrete
chisel:concrete_gray:9, Gray Concrete
chisel:concrete_gray:10, Gray Concrete
chisel:concrete_gray:11, Gray Concrete
chisel:concrete_gray:12, Gray Concrete
chisel:concrete_gray:13, Gray Concrete
chisel:concrete_gray:14, Gray Concrete
chisel:concrete_gray:15, Gray Concrete
chisel:concrete_gray1:0, Gray Concrete
chisel:concrete_gray1:1, Gray Concrete
chisel:concrete_gray1:2, Gray Concrete
chisel:concrete_gray1:3, Gray Concrete
chisel:concrete_gray1:4, Gray Concrete
chisel:concrete_gray1:5, Gray Concrete
chisel:concrete_gray1:6, Gray Concrete
chisel:concrete_gray1:7, Gray Concrete
chisel:concrete_gray1:8, Gray Concrete
chisel:concrete_gray1:9, Gray Concrete
chisel:concrete_gray1:10, Gray Concrete
chisel:concrete_gray1:11, Gray Concrete
chisel:concrete_gray1:12, Gray Concrete
chisel:concrete_gray1:13, Gray Concrete
chisel:concrete_gray1:14, Gray Concrete
chisel:concrete_gray1:15, Gray Concrete
chisel:concrete_gray2:0, Gray Concrete
chisel:concrete_pink:0, Pink Concrete
chisel:concrete_pink:1, Pink Concrete
chisel:concrete_pink:2, Pink Concrete
chisel:concrete_pink:3, Pink Concrete
chisel:concrete_pink:4, Pink Concrete
chisel:concrete_pink:5, Pink Concrete
chisel:concrete_pink:6, Pink Concrete
chisel:concrete_pink:7, Pink Concrete
chisel:concrete_pink:8, Pink Concrete
chisel:concrete_pink:9, Pink Concrete
chisel:concrete_pink:10, Pink Concrete
chisel:concrete_pink:11, Pink Concrete
chisel:concrete_pink:12, Pink Concrete
chisel:concrete_pink:13, Pink Concrete
chisel:concrete_pink:14, Pink Concrete
chisel:concrete_pink:15, Pink Concrete
chisel:concrete_pink1:0, Pink Concrete
chisel:concrete_pink1:1, Pink Concrete
chisel:concrete_pink1:2, Pink Concrete
chisel:concrete_pink1:3, Pink Concrete
chisel:concrete_pink1:4, Pink Concrete
chisel:concrete_pink1:5, Pink Concrete
chisel:concrete_pink1:6, Pink Concrete
chisel:concrete_pink1:7, Pink Concrete
chisel:concrete_pink1:8, Pink Concrete
chisel:concrete_pink1:9, Pink Concrete
chisel:concrete_pink1:10, Pink Concrete
chisel:concrete_pink1:11, Pink Concrete
chisel:concrete_pink1:12, Pink Concrete
chisel:concrete_pink1:13, Pink Concrete
chisel:concrete_pink1:14, Pink Concrete
chisel:concrete_pink1:15, Pink Concrete
chisel:concrete_pink2:0, Pink Concrete
chisel:concrete_lime:0, Lime Concrete
chisel:concrete_lime:1, Lime Concrete
chisel:concrete_lime:2, Lime Concrete
chisel:concrete_lime:3, Lime Concrete
chisel:concrete_lime:4, Lime Concrete
chisel:concrete_lime:5, Lime Concrete
chisel:concrete_lime:6, Lime Concrete
chisel:concrete_lime:7, Lime Concrete
chisel:concrete_lime:8, Lime Concrete
chisel:concrete_lime:9, Lime Concrete
chisel:concrete_lime:10, Lime Concrete
chisel:concrete_lime:11, Lime Concrete
chisel:concrete_lime:12, Lime Concrete
chisel:concrete_lime:13, Lime Concrete
chisel:concrete_lime:14, Lime Concrete
chisel:concrete_lime:15, Lime Concrete
chisel:concrete_lime1:0, Lime Concrete
chisel:concrete_lime1:1, Lime Concrete
chisel:concrete_lime1:2, Lime Concrete
chisel:concrete_lime1:3, Lime Concrete
chisel:concrete_lime1:4, Lime Concrete
chisel:concrete_lime1:5, Lime Concrete
chisel:concrete_lime1:6, Lime Concrete
chisel:concrete_lime1:7, Lime Concrete
chisel:concrete_lime1:8, Lime Concrete
chisel:concrete_lime1:9, Lime Concrete
chisel:concrete_lime1:10, Lime Concrete
chisel:concrete_lime1:11, Lime Concrete
chisel:concrete_lime1:12, Lime Concrete
chisel:concrete_lime1:13, Lime Concrete
chisel:concrete_lime1:14, Lime Concrete
chisel:concrete_lime1:15, Lime Concrete
chisel:concrete_lime2:0, Lime Concrete
chisel:concrete_yellow:0, Yellow Concrete
chisel:concrete_yellow:1, Yellow Concrete
chisel:concrete_yellow:2, Yellow Concrete
chisel:concrete_yellow:3, Yellow Concrete
chisel:concrete_yellow:4, Yellow Concrete
chisel:concrete_yellow:5, Yellow Concrete
chisel:concrete_yellow:6, Yellow Concrete
chisel:concrete_yellow:7, Yellow Concrete
chisel:concrete_yellow:8, Yellow Concrete
chisel:concrete_yellow:9, Yellow Concrete
chisel:concrete_yellow:10, Yellow Concrete
chisel:concrete_yellow:11, Yellow Concrete
chisel:concrete_yellow:12, Yellow Concrete
chisel:concrete_yellow:13, Yellow Concrete
chisel:concrete_yellow:14, Yellow Concrete
chisel:concrete_yellow:15, Yellow Concrete
chisel:concrete_yellow1:0, Yellow Concrete
chisel:concrete_yellow1:1, Yellow Concrete
chisel:concrete_yellow1:2, Yellow Concrete
chisel:concrete_yellow1:3, Yellow Concrete
chisel:concrete_yellow1:4, Yellow Concrete
chisel:concrete_yellow1:5, Yellow Concrete
chisel:concrete_yellow1:6, Yellow Concrete
chisel:concrete_yellow1:7, Yellow Concrete
chisel:concrete_yellow1:8, Yellow Concrete
chisel:concrete_yellow1:9, Yellow Concrete
chisel:concrete_yellow1:10, Yellow Concrete
chisel:concrete_yellow1:11, Yellow Concrete
chisel:concrete_yellow1:12, Yellow Concrete
chisel:concrete_yellow1:13, Yellow Concrete
chisel:concrete_yellow1:14, Yellow Concrete
chisel:concrete_yellow1:15, Yellow Concrete
chisel:concrete_yellow2:0, Yellow Concrete
chisel:concrete_lightblue:0, Light Blue Concrete
chisel:concrete_lightblue:1, Light Blue Concrete
chisel:concrete_lightblue:2, Light Blue Concrete
chisel:concrete_lightblue:3, Light Blue Concrete
chisel:concrete_lightblue:4, Light Blue Concrete
chisel:concrete_lightblue:5, Light Blue Concrete
chisel:concrete_lightblue:6, Light Blue Concrete
chisel:concrete_lightblue:7, Light Blue Concrete
chisel:concrete_lightblue:8, Light Blue Concrete
chisel:concrete_lightblue:9, Light Blue Concrete
chisel:concrete_lightblue:10, Light Blue Concrete
chisel:concrete_lightblue:11, Light Blue Concrete
chisel:concrete_lightblue:12, Light Blue Concrete
chisel:concrete_lightblue:13, Light Blue Concrete
chisel:concrete_lightblue:14, Light Blue Concrete
chisel:concrete_lightblue:15, Light Blue Concrete
chisel:concrete_lightblue1:0, Light Blue Concrete
chisel:concrete_lightblue1:1, Light Blue Concrete
chisel:concrete_lightblue1:2, Light Blue Concrete
chisel:concrete_lightblue1:3, Light Blue Concrete
chisel:concrete_lightblue1:4, Light Blue Concrete
chisel:concrete_lightblue1:5, Light Blue Concrete
chisel:concrete_lightblue1:6, Light Blue Concrete
chisel:concrete_lightblue1:7, Light Blue Concrete
chisel:concrete_lightblue1:8, Light Blue Concrete
chisel:concrete_lightblue1:9, Light Blue Concrete
chisel:concrete_lightblue1:10, Light Blue Concrete
chisel:concrete_lightblue1:11, Light Blue Concrete
chisel:concrete_lightblue1:12, Light Blue Concrete
chisel:concrete_lightblue1:13, Light Blue Concrete
chisel:concrete_lightblue1:14, Light Blue Concrete
chisel:concrete_lightblue1:15, Light Blue Concrete
chisel:concrete_lightblue2:0, Light Blue Concrete
chisel:concrete_magenta:0, Magenta Concrete
chisel:concrete_magenta:1, Magenta Concrete
chisel:concrete_magenta:2, Magenta Concrete
chisel:concrete_magenta:3, Magenta Concrete
chisel:concrete_magenta:4, Magenta Concrete
chisel:concrete_magenta:5, Magenta Concrete
chisel:concrete_magenta:6, Magenta Concrete
chisel:concrete_magenta:7, Magenta Concrete
chisel:concrete_magenta:8, Magenta Concrete
chisel:concrete_magenta:9, Magenta Concrete
chisel:concrete_magenta:10, Magenta Concrete
chisel:concrete_magenta:11, Magenta Concrete
chisel:concrete_magenta:12, Magenta Concrete
chisel:concrete_magenta:13, Magenta Concrete
chisel:concrete_magenta:14, Magenta Concrete
chisel:concrete_magenta:15, Magenta Concrete
chisel:concrete_magenta1:0, Magenta Concrete
chisel:concrete_magenta1:1, Magenta Concrete
chisel:concrete_magenta1:2, Magenta Concrete
chisel:concrete_magenta1:3, Magenta Concrete
chisel:concrete_magenta1:4, Magenta Concrete
chisel:concrete_magenta1:5, Magenta Concrete
chisel:concrete_magenta1:6, Magenta Concrete
chisel:concrete_magenta1:7, Magenta Concrete
chisel:concrete_magenta1:8, Magenta Concrete
chisel:concrete_magenta1:9, Magenta Concrete
chisel:concrete_magenta1:10, Magenta Concrete
chisel:concrete_magenta1:11, Magenta Concrete
chisel:concrete_magenta1:12, Magenta Concrete
chisel:concrete_magenta1:13, Magenta Concrete
chisel:concrete_magenta1:14, Magenta Concrete
chisel:concrete_magenta1:15, Magenta Concrete
chisel:concrete_magenta2:0, Magenta Concrete
chisel:concrete_orange:0, Orange Concrete
chisel:concrete_orange:1, Orange Concrete
chisel:concrete_orange:2, Orange Concrete
chisel:concrete_orange:3, Orange Concrete
chisel:concrete_orange:4, Orange Concrete
chisel:concrete_orange:5, Orange Concrete
chisel:concrete_orange:6, Orange Concrete
chisel:concrete_orange:7, Orange Concrete
chisel:concrete_orange:8, Orange Concrete
chisel:concrete_orange:9, Orange Concrete
chisel:concrete_orange:10, Orange Concrete
chisel:concrete_orange:11, Orange Concrete
chisel:concrete_orange:12, Orange Concrete
chisel:concrete_orange:13, Orange Concrete
chisel:concrete_orange:14, Orange Concrete
chisel:concrete_orange:15, Orange Concrete
chisel:concrete_orange1:0, Orange Concrete
chisel:concrete_orange1:1, Orange Concrete
chisel:concrete_orange1:2, Orange Concrete
chisel:concrete_orange1:3, Orange Concrete
chisel:concrete_orange1:4, Orange Concrete
chisel:concrete_orange1:5, Orange Concrete
chisel:concrete_orange1:6, Orange Concrete
chisel:concrete_orange1:7, Orange Concrete
chisel:concrete_orange1:8, Orange Concrete
chisel:concrete_orange1:9, Orange Concrete
chisel:concrete_orange1:10, Orange Concrete
chisel:concrete_orange1:11, Orange Concrete
chisel:concrete_orange1:12, Orange Concrete
chisel:concrete_orange1:13, Orange Concrete
chisel:concrete_orange1:14, Orange Concrete
chisel:concrete_orange1:15, Orange Concrete
chisel:concrete_orange2:0, Orange Concrete
chisel:concrete_white:0, White Concrete
chisel:concrete_white:1, White Concrete
chisel:concrete_white:2, White Concrete
chisel:concrete_white:3, White Concrete
chisel:concrete_white:4, White Concrete
chisel:concrete_white:5, White Concrete
chisel:concrete_white:6, White Concrete
chisel:concrete_white:7, White Concrete
chisel:concrete_white:8, White Concrete
chisel:concrete_white:9, White Concrete
chisel:concrete_white:10, White Concrete
chisel:concrete_white:11, White Concrete
chisel:concrete_white:12, White Concrete
chisel:concrete_white:13, White Concrete
chisel:concrete_white:14, White Concrete
chisel:concrete_white:15, White Concrete
chisel:concrete_white1:0, White Concrete
chisel:concrete_white1:1, White Concrete
chisel:concrete_white1:2, White Concrete
chisel:concrete_white1:3, White Concrete
chisel:concrete_white1:4, White Concrete
chisel:concrete_white1:5, White Concrete
chisel:concrete_white1:6, White Concrete
chisel:concrete_white1:7, White Concrete
chisel:concrete_white1:8, White Concrete
chisel:concrete_white1:9, White Concrete
chisel:concrete_white1:10, White Concrete
chisel:concrete_white1:11, White Concrete
chisel:concrete_white1:12, White Concrete
chisel:concrete_white1:13, White Concrete
chisel:concrete_white1:14, White Concrete
chisel:concrete_white1:15, White Concrete
chisel:concrete_white2:0, White Concrete
chisel:blockcopper:0, Медный блок
chisel:blockcopper:1, Медный блок
chisel:blockcopper:2, Медный блок
chisel:blockcopper:3, Медный блок
chisel:blockcopper:4, Медный блок
chisel:blockcopper:5, Медный блок
chisel:blockcopper:6, Медный блок
chisel:diamond:0, Алмазный блок
chisel:diamond:1, Алмазный блок
chisel:diamond:2, Алмазный блок
chisel:diamond:3, Алмазный блок
chisel:diamond:4, Алмазный блок
chisel:diamond:5, Алмазный блок
chisel:diamond:6, Алмазный блок
chisel:diamond:7, Алмазный блок
chisel:diamond:8, Алмазный блок
chisel:diamond:9, Алмазный блок
chisel:diamond:10, Алмазный блок
chisel:diamond:11, Алмазный блок
chisel:diorite:0, Диорит
chisel:diorite:1, Диорит
chisel:diorite:2, Диорит
chisel:diorite:3, Диорит
chisel:diorite:4, Диорит
chisel:diorite:5, Диорит
chisel:diorite:6, Диорит
chisel:diorite:7, Диорит
chisel:diorite:8, Диорит
chisel:diorite:9, Диорит
chisel:diorite:10, Диорит
chisel:diorite:11, Диорит
chisel:diorite:12, Диорит
chisel:diorite:13, Диорит
chisel:diorite:14, Диорит
chisel:diorite:15, Диорит
chisel:diorite1:0, Диорит
chisel:diorite1:1, Диорит
chisel:diorite1:2, Диорит
chisel:diorite1:3, Диорит
chisel:diorite1:4, Диорит
chisel:diorite1:5, Диорит
chisel:diorite1:6, Диорит
chisel:diorite1:7, Диорит
chisel:diorite1:8, Диорит
chisel:diorite1:9, Диорит
chisel:diorite1:10, Диорит
chisel:diorite1:11, Диорит
chisel:diorite1:12, Диорит
chisel:diorite1:13, Диорит
chisel:diorite1:14, Диорит
chisel:diorite1:15, Диорит
chisel:diorite2:0, Диорит
chisel:dirt:0, Земля
chisel:dirt:1, Земля
chisel:dirt:2, Земля
chisel:dirt:3, Земля
chisel:dirt:4, Земля
chisel:dirt:5, Земля
chisel:dirt:6, Земля
chisel:dirt:7, Земля
chisel:dirt:8, Земля
chisel:dirt:9, Земля
chisel:dirt:10, Земля
chisel:dirt:11, Земля
chisel:dirt:12, Земля
chisel:dirt:13, Земля
chisel:dirt:14, Земля
chisel:dirt:15, Земля
chisel:blockelectrum:0, Электрумовый блок
chisel:blockelectrum:1, Электрумовый блок
chisel:blockelectrum:2, Электрумовый блок
chisel:blockelectrum:3, Электрумовый блок
chisel:blockelectrum:4, Электрумовый блок
chisel:blockelectrum:5, Электрумовый блок
chisel:blockelectrum:6, Электрумовый блок
chisel:emerald:0, Изумрудный блок
chisel:emerald:1, Изумрудный блок
chisel:emerald:2, Изумрудный блок
chisel:emerald:3, Изумрудный блок
chisel:emerald:4, Изумрудный блок
chisel:emerald:5, Изумрудный блок
chisel:emerald:6, Изумрудный блок
chisel:emerald:7, Изумрудный блок
chisel:emerald:8, Изумрудный блок
chisel:emerald:9, Изумрудный блок
chisel:emerald:10, Изумрудный блок
chisel:emerald:11, Изумрудный блок
chisel:emerald:12, Изумрудный блок
chisel:emerald:13, Изумрудный блок
chisel:purpur:0, Пурпур-блок
chisel:purpur:1, Пурпур-блок
chisel:purpur:2, Пурпур-блок
chisel:purpur:3, Пурпур-блок
chisel:purpur:4, Пурпур-блок
chisel:purpur:5, Пурпур-блок
chisel:purpur:6, Пурпур-блок
chisel:purpur:7, Пурпур-блок
chisel:purpur:8, Пурпур-блок
chisel:purpur:9, Пурпур-блок
chisel:purpur:10, Пурпур-блок
chisel:purpur:11, Пурпур-блок
chisel:purpur:12, Пурпур-блок
chisel:purpur:13, Пурпур-блок
chisel:purpur:14, Пурпур-блок
chisel:purpur:15, Пурпур-блок
chisel:purpur1:0, Пурпур-блок
chisel:purpur1:1, Пурпур-блок
chisel:purpur1:2, Пурпур-блок
chisel:purpur1:3, Пурпур-блок
chisel:purpur1:4, Пурпур-блок
chisel:purpur1:5, Пурпур-блок
chisel:purpur1:6, Пурпур-блок
chisel:purpur1:7, Пурпур-блок
chisel:purpur1:8, Пурпур-блок
chisel:purpur1:9, Пурпур-блок
chisel:purpur2:0, Пурпур-блок
chisel:purpur2:1, Пурпур-блок
chisel:purpur2:2, Пурпур-блок
chisel:purpur2:3, Пурпур-блок
chisel:purpur2:4, Пурпур-блок
chisel:endstone:0, Эндерняк
chisel:endstone:1, Эндерняк
chisel:endstone:2, Эндерняк
chisel:endstone:3, Эндерняк
chisel:endstone:4, Эндерняк
chisel:endstone:5, Эндерняк
chisel:endstone:6, Эндерняк
chisel:endstone:7, Эндерняк
chisel:endstone:8, Эндерняк
chisel:endstone:9, Эндерняк
chisel:endstone:10, Эндерняк
chisel:endstone:11, Эндерняк
chisel:endstone:12, Эндерняк
chisel:endstone:13, Эндерняк
chisel:endstone:14, Эндерняк
chisel:endstone:15, Эндерняк
chisel:endstone1:0, Эндерняк
chisel:endstone1:1, Эндерняк
chisel:endstone1:2, Эндерняк
chisel:endstone1:3, Эндерняк
chisel:endstone1:4, Эндерняк
chisel:endstone1:5, Эндерняк
chisel:endstone1:6, Эндерняк
chisel:endstone1:7, Эндерняк
chisel:endstone1:8, Эндерняк
chisel:endstone1:9, Эндерняк
chisel:endstone2:0, Эндерняк
chisel:endstone2:1, Эндерняк
chisel:endstone2:2, Эндерняк
chisel:endstone2:3, Эндерняк
chisel:endstone2:4, Эндерняк
chisel:endstone2:5, Эндерняк
chisel:endstone2:6, Эндерняк
chisel:factory:0, Фабричный блок
chisel:factory:1, Фабричный блок
chisel:factory:2, Фабричный блок
chisel:factory:3, Фабричный блок
chisel:factory:4, Фабричный блок
chisel:factory:5, Фабричный блок
chisel:factory:6, Фабричный блок
chisel:factory:7, Фабричный блок
chisel:factory:8, Фабричный блок
chisel:factory:9, Фабричный блок
chisel:factory:10, Фабричный блок
chisel:factory:11, Фабричный блок
chisel:factory:12, Фабричный блок
chisel:factory:13, Фабричный блок
chisel:factory:14, Фабричный блок
chisel:factory:15, Фабричный блок
chisel:factory1:0, Фабричный блок
chisel:factory1:1, Фабричный блок
chisel:factory1:2, Фабричный блок
chisel:factory1:3, Фабричный блок
chisel:factory1:4, Фабричный блок
chisel:futura:0, Футура-блок
chisel:futura:1, Футура-блок
chisel:futura:2, Футура-блок
chisel:futura:3, Футура-блок
chisel:futura:4, Футура-блок
chisel:futura:5, Футура-блок
chisel:glass:0, Стекло
chisel:glass:1, Стекло
chisel:glass:2, Стекло
chisel:glass:3, Стекло
chisel:glass:4, Стекло
chisel:glass:5, Стекло
chisel:glass:6, Стекло
chisel:glass:7, Стекло
chisel:glass:8, Стекло
chisel:glass:9, Стекло
chisel:glass:10, Стекло
chisel:glass:11, Стекло
chisel:glass:12, Стекло
chisel:glass:13, Стекло
chisel:glass:14, Стекло
chisel:glass:15, Стекло
chisel:glass1:0, Стекло
chisel:glass1:1, Стекло
chisel:glasspane:0, Glass Pane
chisel:glasspane:1, Glass Pane
chisel:glasspane:2, Glass Pane
chisel:glasspane:3, Glass Pane
chisel:glasspane:4, Glass Pane
chisel:glasspane:5, Glass Pane
chisel:glasspane:6, Glass Pane
chisel:glasspane:7, Glass Pane
chisel:glasspane:8, Glass Pane
chisel:glasspane:9, Glass Pane
chisel:glasspane:10, Glass Pane
chisel:glasspane:11, Glass Pane
chisel:glasspane:12, Glass Pane
chisel:glasspane:13, Glass Pane
chisel:glasspane:14, Glass Pane
chisel:glasspane:15, Glass Pane
chisel:glasspane1:0, Glass Pane
chisel:glasspane1:1, Glass Pane
chisel:glassdyedblack:0, Чёрное стекло
chisel:glassdyedblack:1, Чёрное стекло
chisel:glassdyedblack:2, Чёрное стекло
chisel:glassdyedblack:3, Чёрное стекло
chisel:glassdyedblack:4, Чёрное стекло
chisel:glassdyedblack:5, Чёрное стекло
chisel:glasspanedyedblack:0, Black Stained Glass Pane
chisel:glasspanedyedblack:1, Black Stained Glass Pane
chisel:glasspanedyedblack:2, Black Stained Glass Pane
chisel:glasspanedyedblack:3, Black Stained Glass Pane
chisel:glasspanedyedblack:4, Black Stained Glass Pane
chisel:glasspanedyedblack:5, Black Stained Glass Pane
chisel:glassdyedred:0, Красное стекло
chisel:glassdyedred:1, Красное стекло
chisel:glassdyedred:2, Красное стекло
chisel:glassdyedred:3, Красное стекло
chisel:glassdyedred:4, Красное стекло
chisel:glassdyedred:5, Красное стекло
chisel:glasspanedyedred:0, Red Stained Glass Pane
chisel:glasspanedyedred:1, Red Stained Glass Pane
chisel:glasspanedyedred:2, Red Stained Glass Pane
chisel:glasspanedyedred:3, Red Stained Glass Pane
chisel:glasspanedyedred:4, Red Stained Glass Pane
chisel:glasspanedyedred:5, Red Stained Glass Pane
chisel:glassdyedgreen:0, Зелёное стекло
chisel:glassdyedgreen:1, Зелёное стекло
chisel:glassdyedgreen:2, Зелёное стекло
chisel:glassdyedgreen:3, Зелёное стекло
chisel:glassdyedgreen:4, Зелёное стекло
chisel:glassdyedgreen:5, Зелёное стекло
chisel:glasspanedyedgreen:0, Green Stained Glass Pane
chisel:glasspanedyedgreen:1, Green Stained Glass Pane
chisel:glasspanedyedgreen:2, Green Stained Glass Pane
chisel:glasspanedyedgreen:3, Green Stained Glass Pane
chisel:glasspanedyedgreen:4, Green Stained Glass Pane
chisel:glasspanedyedgreen:5, Green Stained Glass Pane
chisel:glassdyedbrown:0, Коричневое стекло
chisel:glassdyedbrown:1, Коричневое стекло
chisel:glassdyedbrown:2, Коричневое стекло
chisel:glassdyedbrown:3, Коричневое стекло
chisel:glassdyedbrown:4, Коричневое стекло
chisel:glassdyedbrown:5, Коричневое стекло
chisel:glasspanedyedbrown:0, Brown Stained Glass Pane
chisel:glasspanedyedbrown:1, Brown Stained Glass Pane
chisel:glasspanedyedbrown:2, Brown Stained Glass Pane
chisel:glasspanedyedbrown:3, Brown Stained Glass Pane
chisel:glasspanedyedbrown:4, Brown Stained Glass Pane
chisel:glasspanedyedbrown:5, Brown Stained Glass Pane
chisel:glassdyedblue:0, Синее стекло
chisel:glassdyedblue:1, Синее стекло
chisel:glassdyedblue:2, Синее стекло
chisel:glassdyedblue:3, Синее стекло
chisel:glassdyedblue:4, Синее стекло
chisel:glassdyedblue:5, Синее стекло
chisel:glasspanedyedblue:0, Blue Stained Glass Pane
chisel:glasspanedyedblue:1, Blue Stained Glass Pane
chisel:glasspanedyedblue:2, Blue Stained Glass Pane
chisel:glasspanedyedblue:3, Blue Stained Glass Pane
chisel:glasspanedyedblue:4, Blue Stained Glass Pane
chisel:glasspanedyedblue:5, Blue Stained Glass Pane
chisel:glassdyedpurple:0, Фиолетовое стекло
chisel:glassdyedpurple:1, Фиолетовое стекло
chisel:glassdyedpurple:2, Фиолетовое стекло
chisel:glassdyedpurple:3, Фиолетовое стекло
chisel:glassdyedpurple:4, Фиолетовое стекло
chisel:glassdyedpurple:5, Фиолетовое стекло
chisel:glasspanedyedpurple:0, Purple Stained Glass Pane
chisel:glasspanedyedpurple:1, Purple Stained Glass Pane
chisel:glasspanedyedpurple:2, Purple Stained Glass Pane
chisel:glasspanedyedpurple:3, Purple Stained Glass Pane
chisel:glasspanedyedpurple:4, Purple Stained Glass Pane
chisel:glasspanedyedpurple:5, Purple Stained Glass Pane
chisel:glassdyedcyan:0, Бирюзовое стекло
chisel:glassdyedcyan:1, Бирюзовое стекло
chisel:glassdyedcyan:2, Бирюзовое стекло
chisel:glassdyedcyan:3, Бирюзовое стекло
chisel:glassdyedcyan:4, Бирюзовое стекло
chisel:glassdyedcyan:5, Бирюзовое стекло
chisel:glasspanedyedcyan:0, Cyan Stained Glass Pane
chisel:glasspanedyedcyan:1, Cyan Stained Glass Pane
chisel:glasspanedyedcyan:2, Cyan Stained Glass Pane
chisel:glasspanedyedcyan:3, Cyan Stained Glass Pane
chisel:glasspanedyedcyan:4, Cyan Stained Glass Pane
chisel:glasspanedyedcyan:5, Cyan Stained Glass Pane
chisel:glassdyedlightgray:0, Светло-серое стекло
chisel:glassdyedlightgray:1, Светло-серое стекло
chisel:glassdyedlightgray:2, Светло-серое стекло
chisel:glassdyedlightgray:3, Светло-серое стекло
chisel:glassdyedlightgray:4, Светло-серое стекло
chisel:glassdyedlightgray:5, Светло-серое стекло
chisel:glasspanedyedlightgray:0, Light Gray Stained Glass Pane
chisel:glasspanedyedlightgray:1, Light Gray Stained Glass Pane
chisel:glasspanedyedlightgray:2, Light Gray Stained Glass Pane
chisel:glasspanedyedlightgray:3, Light Gray Stained Glass Pane
chisel:glasspanedyedlightgray:4, Light Gray Stained Glass Pane
chisel:glasspanedyedlightgray:5, Light Gray Stained Glass Pane
chisel:glassdyedgray:0, Серое стекло
chisel:glassdyedgray:1, Серое стекло
chisel:glassdyedgray:2, Серое стекло
chisel:glassdyedgray:3, Серое стекло
chisel:glassdyedgray:4, Серое стекло
chisel:glassdyedgray:5, Серое стекло
chisel:glasspanedyedgray:0, Gray Stained Glass Pane
chisel:glasspanedyedgray:1, Gray Stained Glass Pane
chisel:glasspanedyedgray:2, Gray Stained Glass Pane
chisel:glasspanedyedgray:3, Gray Stained Glass Pane
chisel:glasspanedyedgray:4, Gray Stained Glass Pane
chisel:glasspanedyedgray:5, Gray Stained Glass Pane
chisel:glassdyedpink:0, Розовое стекло
chisel:glassdyedpink:1, Розовое стекло
chisel:glassdyedpink:2, Розовое стекло
chisel:glassdyedpink:3, Розовое стекло
chisel:glassdyedpink:4, Розовое стекло
chisel:glassdyedpink:5, Розовое стекло
chisel:glasspanedyedpink:0, Pink Stained Glass Pane
chisel:glasspanedyedpink:1, Pink Stained Glass Pane
chisel:glasspanedyedpink:2, Pink Stained Glass Pane
chisel:glasspanedyedpink:3, Pink Stained Glass Pane
chisel:glasspanedyedpink:4, Pink Stained Glass Pane
chisel:glasspanedyedpink:5, Pink Stained Glass Pane
chisel:glassdyedlime:0, Лаймовое стекло
chisel:glassdyedlime:1, Лаймовое стекло
chisel:glassdyedlime:2, Лаймовое стекло
chisel:glassdyedlime:3, Лаймовое стекло
chisel:glassdyedlime:4, Лаймовое стекло
chisel:glassdyedlime:5, Лаймовое стекло
chisel:glasspanedyedlime:0, Lime Stained Glass Pane
chisel:glasspanedyedlime:1, Lime Stained Glass Pane
chisel:glasspanedyedlime:2, Lime Stained Glass Pane
chisel:glasspanedyedlime:3, Lime Stained Glass Pane
chisel:glasspanedyedlime:4, Lime Stained Glass Pane
chisel:glasspanedyedlime:5, Lime Stained Glass Pane
chisel:glassdyedyellow:0, Жёлтое стекло
chisel:glassdyedyellow:1, Жёлтое стекло
chisel:glassdyedyellow:2, Жёлтое стекло
chisel:glassdyedyellow:3, Жёлтое стекло
chisel:glassdyedyellow:4, Жёлтое стекло
chisel:glassdyedyellow:5, Жёлтое стекло
chisel:glasspanedyedyellow:0, Yellow Stained Glass Pane
chisel:glasspanedyedyellow:1, Yellow Stained Glass Pane
chisel:glasspanedyedyellow:2, Yellow Stained Glass Pane
chisel:glasspanedyedyellow:3, Yellow Stained Glass Pane
chisel:glasspanedyedyellow:4, Yellow Stained Glass Pane
chisel:glasspanedyedyellow:5, Yellow Stained Glass Pane
chisel:glassdyedlightblue:0, Голубое стекло
chisel:glassdyedlightblue:1, Голубое стекло
chisel:glassdyedlightblue:2, Голубое стекло
chisel:glassdyedlightblue:3, Голубое стекло
chisel:glassdyedlightblue:4, Голубое стекло
chisel:glassdyedlightblue:5, Голубое стекло
chisel:glasspanedyedlightblue:0, Light Blue Stained Glass Pane
chisel:glasspanedyedlightblue:1, Light Blue Stained Glass Pane
chisel:glasspanedyedlightblue:2, Light Blue Stained Glass Pane
chisel:glasspanedyedlightblue:3, Light Blue Stained Glass Pane
chisel:glasspanedyedlightblue:4, Light Blue Stained Glass Pane
chisel:glasspanedyedlightblue:5, Light Blue Stained Glass Pane
chisel:glassdyedmagenta:0, Пурпурное стекло
chisel:glassdyedmagenta:1, Пурпурное стекло
chisel:glassdyedmagenta:2, Пурпурное стекло
chisel:glassdyedmagenta:3, Пурпурное стекло
chisel:glassdyedmagenta:4, Пурпурное стекло
chisel:glassdyedmagenta:5, Пурпурное стекло
chisel:glasspanedyedmagenta:0, Magenta Stained Glass Pane
chisel:glasspanedyedmagenta:1, Magenta Stained Glass Pane
chisel:glasspanedyedmagenta:2, Magenta Stained Glass Pane
chisel:glasspanedyedmagenta:3, Magenta Stained Glass Pane
chisel:glasspanedyedmagenta:4, Magenta Stained Glass Pane
chisel:glasspanedyedmagenta:5, Magenta Stained Glass Pane
chisel:glassdyedorange:0, Оранжевое стекло
chisel:glassdyedorange:1, Оранжевое стекло
chisel:glassdyedorange:2, Оранжевое стекло
chisel:glassdyedorange:3, Оранжевое стекло
chisel:glassdyedorange:4, Оранжевое стекло
chisel:glassdyedorange:5, Оранжевое стекло
chisel:glasspanedyedorange:0, Orange Stained Glass Pane
chisel:glasspanedyedorange:1, Orange Stained Glass Pane
chisel:glasspanedyedorange:2, Orange Stained Glass Pane
chisel:glasspanedyedorange:3, Orange Stained Glass Pane
chisel:glasspanedyedorange:4, Orange Stained Glass Pane
chisel:glasspanedyedorange:5, Orange Stained Glass Pane
chisel:glassdyedwhite:0, Белое стекло
chisel:glassdyedwhite:1, Белое стекло
chisel:glassdyedwhite:2, Белое стекло
chisel:glassdyedwhite:3, Белое стекло
chisel:glassdyedwhite:4, Белое стекло
chisel:glassdyedwhite:5, Белое стекло
chisel:glasspanedyedwhite:0, White Stained Glass Pane
chisel:glasspanedyedwhite:1, White Stained Glass Pane
chisel:glasspanedyedwhite:2, White Stained Glass Pane
chisel:glasspanedyedwhite:3, White Stained Glass Pane
chisel:glasspanedyedwhite:4, White Stained Glass Pane
chisel:glasspanedyedwhite:5, White Stained Glass Pane
chisel:glowstone:0, Светокамень
chisel:glowstone:1, Светокамень
chisel:glowstone:2, Светокамень
chisel:glowstone:3, Светокамень
chisel:glowstone:4, Светокамень
chisel:glowstone:5, Светокамень
chisel:glowstone:6, Светокамень
chisel:glowstone:7, Светокамень
chisel:glowstone:8, Светокамень
chisel:glowstone:9, Светокамень
chisel:glowstone:10, Светокамень
chisel:glowstone:11, Светокамень
chisel:glowstone:12, Светокамень
chisel:glowstone:13, Светокамень
chisel:glowstone:14, Светокамень
chisel:glowstone:15, Светокамень
chisel:glowstone1:0, Светокамень
chisel:glowstone1:1, Светокамень
chisel:glowstone1:2, Светокамень
chisel:glowstone1:3, Светокамень
chisel:glowstone1:4, Светокамень
chisel:glowstone1:5, Светокамень
chisel:glowstone1:6, Светокамень
chisel:glowstone1:7, Светокамень
chisel:glowstone1:8, Светокамень
chisel:glowstone1:9, Светокамень
chisel:glowstone1:10, Светокамень
chisel:glowstone1:11, Светокамень
chisel:glowstone1:12, Светокамень
chisel:glowstone1:13, Светокамень
chisel:glowstone1:14, Светокамень
chisel:glowstone1:15, Светокамень
chisel:glowstone2:0, Светокамень
chisel:blockgold:0, Золотой блок
chisel:blockgold:1, Золотой блок
chisel:blockgold:2, Золотой блок
chisel:blockgold:3, Золотой блок
chisel:blockgold:4, Золотой блок
chisel:blockgold:5, Золотой блок
chisel:blockgold:6, Золотой блок
chisel:gold:0, Золотой блок
chisel:gold:1, Золотой блок
chisel:gold:2, Золотой блок
chisel:gold:3, Золотой блок
chisel:gold:4, Золотой блок
chisel:gold:5, Золотой блок
chisel:gold:6, Золотой блок
chisel:gold:7, Золотой блок
chisel:gold:8, Золотой блок
chisel:gold:9, Золотой блок
chisel:gold:10, Золотой блок
chisel:gold:11, Золотой блок
chisel:gold:12, Золотой блок
chisel:gold:13, Золотой блок
chisel:granite:0, Гранит
chisel:granite:1, Гранит
chisel:granite:2, Гранит
chisel:granite:3, Гранит
chisel:granite:4, Гранит
chisel:granite:5, Гранит
chisel:granite:6, Гранит
chisel:granite:7, Гранит
chisel:granite:8, Гранит
chisel:granite:9, Гранит
chisel:granite:10, Гранит
chisel:granite:11, Гранит
chisel:granite:12, Гранит
chisel:granite:13, Гранит
chisel:granite:14, Гранит
chisel:granite:15, Гранит
chisel:granite1:0, Гранит
chisel:granite1:1, Гранит
chisel:granite1:2, Гранит
chisel:granite1:3, Гранит
chisel:granite1:4, Гранит
chisel:granite1:5, Гранит
chisel:granite1:6, Гранит
chisel:granite1:7, Гранит
chisel:granite1:8, Гранит
chisel:granite1:9, Гранит
chisel:granite1:10, Гранит
chisel:granite1:11, Гранит
chisel:granite1:12, Гранит
chisel:granite1:13, Гранит
chisel:granite1:14, Гранит
chisel:granite1:15, Гранит
chisel:granite2:0, Гранит
chisel:hardenedclay:0, Обожжёная глина
chisel:hardenedclay:1, Обожжёная глина
chisel:hardenedclay:2, Обожжёная глина
chisel:hardenedclay:3, Обожжёная глина
chisel:hardenedclay:4, Обожжёная глина
chisel:hardenedclay:5, Обожжёная глина
chisel:hardenedclay:6, Обожжёная глина
chisel:hardenedclay:7, Обожжёная глина
chisel:hardenedclay:8, Обожжёная глина
chisel:hardenedclay:9, Обожжёная глина
chisel:hardenedclay:10, Обожжёная глина
chisel:hardenedclay:11, Обожжёная глина
chisel:hardenedclay:12, Обожжёная глина
chisel:hardenedclay:13, Обожжёная глина
chisel:hardenedclay:14, Обожжёная глина
chisel:hardenedclay:15, Обожжёная глина
chisel:hardenedclay1:0, Обожжёная глина
chisel:hardenedclay1:1, Обожжёная глина
chisel:hardenedclay1:2, Обожжёная глина
chisel:hardenedclay1:3, Обожжёная глина
chisel:hardenedclay1:4, Обожжёная глина
chisel:hardenedclay1:5, Обожжёная глина
chisel:hardenedclay1:6, Обожжёная глина
chisel:hardenedclay1:7, Обожжёная глина
chisel:hardenedclay1:8, Обожжёная глина
chisel:hardenedclay1:9, Обожжёная глина
chisel:hardenedclay2:0, Обожжёная глина
chisel:hardenedclay2:1, Обожжёная глина
chisel:hardenedclay2:2, Обожжёная глина
chisel:hardenedclay2:3, Обожжёная глина
chisel:hardenedclay2:4, Обожжёная глина
chisel:hardenedclay2:5, Обожжёная глина
chisel:hardenedclay2:6, Обожжёная глина
chisel:ice:0, Ice
chisel:ice:1, Ice
chisel:ice:2, Ice
chisel:ice:3, Ice
chisel:ice:4, Ice
chisel:ice:5, Ice
chisel:ice:6, Ice
chisel:ice:7, Ice
chisel:ice:8, Ice
chisel:ice:9, Ice
chisel:ice:10, Ice
chisel:ice:11, Ice
chisel:ice:12, Ice
chisel:ice:13, Ice
chisel:ice:14, Ice
chisel:ice:15, Ice
chisel:ice1:0, Ice
chisel:ice1:1, Ice
chisel:ice1:2, Ice
chisel:ice1:3, Ice
chisel:ice1:4, Ice
chisel:ice1:5, Ice
chisel:ice1:6, Ice
chisel:ice1:7, Ice
chisel:ice1:8, Ice
chisel:ice1:9, Ice
chisel:ice1:10, Ice
chisel:ice1:11, Ice
chisel:ice1:12, Ice
chisel:ice1:13, Ice
chisel:ice1:14, Ice
chisel:ice1:15, Ice
chisel:ice2:0, Ice
chisel:icepillar:0, Ледяная колонна
chisel:icepillar:1, Ледяная колонна
chisel:icepillar:2, Ледяная колонна
chisel:icepillar:3, Ледяная колонна
chisel:icepillar:4, Ледяная колонна
chisel:icepillar:5, Ледяная колонна
chisel:icepillar:6, Ледяная колонна
chisel:blockinvar:0, Инваровый блок
chisel:blockinvar:1, Инваровый блок
chisel:blockinvar:2, Инваровый блок
chisel:blockinvar:3, Инваровый блок
chisel:blockinvar:4, Инваровый блок
chisel:blockinvar:5, Инваровый блок
chisel:blockinvar:6, Инваровый блок
chisel:blockiron:0, Железный блок
chisel:blockiron:1, Железный блок
chisel:blockiron:2, Железный блок
chisel:blockiron:3, Железный блок
chisel:blockiron:4, Железный блок
chisel:blockiron:5, Железный блок
chisel:blockiron:6, Железный блок
chisel:iron:0, Железный блок
chisel:iron:1, Железный блок
chisel:iron:2, Железный блок
chisel:iron:3, Железный блок
chisel:iron:4, Железный блок
chisel:iron:5, Железный блок
chisel:iron:6, Железный блок
chisel:iron:7, Железный блок
chisel:iron:8, Железный блок
chisel:iron:9, Железный блок
chisel:iron:10, Железный блок
chisel:iron:11, Железный блок
chisel:iron:12, Железный блок
chisel:iron:13, Железный блок
chisel:iron:14, Железный блок
chisel:ironpane:0, Железные прутья (WIP!)
chisel:ironpane:1, Железные прутья (WIP!)
chisel:ironpane:2, Железные прутья (WIP!)
chisel:ironpane:3, Железные прутья (WIP!)
chisel:ironpane:4, Железные прутья (WIP!)
chisel:ironpane:5, Железные прутья (WIP!)
chisel:ironpane:6, Железные прутья (WIP!)
chisel:ironpane:7, Железные прутья (WIP!)
chisel:ironpane:8, Железные прутья (WIP!)
chisel:ironpane:9, Железные прутья (WIP!)
chisel:ironpane:10, Железные прутья (WIP!)
chisel:ironpane:11, Железные прутья (WIP!)
chisel:ironpane:12, Железные прутья (WIP!)
chisel:laboratory:0, Лабораторный блок
chisel:laboratory:1, Лабораторный блок
chisel:laboratory:2, Лабораторный блок
chisel:laboratory:3, Лабораторный блок
chisel:laboratory:4, Лабораторный блок
chisel:laboratory:5, Лабораторный блок
chisel:laboratory:6, Лабораторный блок
chisel:laboratory:7, Лабораторный блок
chisel:laboratory:8, Лабораторный блок
chisel:laboratory:9, Лабораторный блок
chisel:laboratory:10, Лабораторный блок
chisel:laboratory:11, Лабораторный блок
chisel:laboratory:12, Лабораторный блок
chisel:laboratory:13, Лабораторный блок
chisel:laboratory:14, Лабораторный блок
chisel:laboratory:15, Лабораторный блок
chisel:lapis:0, Лазуритный блок
chisel:lapis:1, Лазуритный блок
chisel:lapis:2, Лазуритный блок
chisel:lapis:3, Лазуритный блок
chisel:lapis:4, Лазуритный блок
chisel:lapis:5, Лазуритный блок
chisel:lapis:6, Лазуритный блок
chisel:lapis:7, Лазуритный блок
chisel:lapis:8, Лазуритный блок
chisel:lavastone:0, Лавовый камень
chisel:lavastone:1, Лавовый камень
chisel:lavastone:2, Лавовый камень
chisel:lavastone:3, Лавовый камень
chisel:lavastone:4, Лавовый камень
chisel:lavastone:5, Лавовый камень
chisel:lavastone:6, Лавовый камень
chisel:lavastone:7, Лавовый камень
chisel:lavastone:8, Лавовый камень
chisel:lavastone:9, Лавовый камень
chisel:lavastone:10, Лавовый камень
chisel:lavastone:11, Лавовый камень
chisel:lavastone:12, Лавовый камень
chisel:lavastone:13, Лавовый камень
chisel:lavastone:14, Лавовый камень
chisel:lavastone:15, Лавовый камень
chisel:lavastone1:0, Лавовый камень
chisel:lavastone1:1, Лавовый камень
chisel:lavastone1:2, Лавовый камень
chisel:lavastone1:3, Лавовый камень
chisel:lavastone1:4, Лавовый камень
chisel:lavastone1:5, Лавовый камень
chisel:lavastone1:6, Лавовый камень
chisel:lavastone1:7, Лавовый камень
chisel:lavastone1:8, Лавовый камень
chisel:lavastone1:9, Лавовый камень
chisel:lavastone1:10, Лавовый камень
chisel:lavastone1:11, Лавовый камень
chisel:lavastone1:12, Лавовый камень
chisel:lavastone1:13, Лавовый камень
chisel:lavastone1:14, Лавовый камень
chisel:lavastone1:15, Лавовый камень
chisel:lavastone2:0, Лавовый камень
chisel:blocklead:0, Свинцовый блок
chisel:blocklead:1, Свинцовый блок
chisel:blocklead:2, Свинцовый блок
chisel:blocklead:3, Свинцовый блок
chisel:blocklead:4, Свинцовый блок
chisel:blocklead:5, Свинцовый блок
chisel:blocklead:6, Свинцовый блок
chisel:limestone:0, Известняк
chisel:limestone:1, Известняк
chisel:limestone:2, Известняк
chisel:limestone:3, Известняк
chisel:limestone:4, Известняк
chisel:limestone:5, Известняк
chisel:limestone:6, Известняк
chisel:limestone:7, Известняк
chisel:limestone:8, Известняк
chisel:limestone:9, Известняк
chisel:limestone:10, Известняк
chisel:limestone:11, Известняк
chisel:limestone:12, Известняк
chisel:limestone:13, Известняк
chisel:limestone:14, Известняк
chisel:limestone:15, Известняк
chisel:limestone1:0, Известняк
chisel:limestone1:1, Известняк
chisel:limestone1:2, Известняк
chisel:limestone1:3, Известняк
chisel:limestone1:4, Известняк
chisel:limestone1:5, Известняк
chisel:limestone1:6, Известняк
chisel:limestone1:7, Известняк
chisel:limestone1:8, Известняк
chisel:limestone1:9, Известняк
chisel:limestone2:0, Известняк
chisel:limestone2:1, Известняк
chisel:limestone2:2, Известняк
chisel:limestone2:3, Известняк
chisel:limestone2:4, Известняк
chisel:limestone2:5, Известняк
chisel:limestone2:6, Известняк
chisel:limestone2:7, Известняк
chisel:marble:0, Мрамор
chisel:marble:1, Мрамор
chisel:marble:2, Мрамор
chisel:marble:3, Мрамор
chisel:marble:4, Мрамор
chisel:marble:5, Мрамор
chisel:marble:6, Мрамор
chisel:marble:7, Мрамор
chisel:marble:8, Мрамор
chisel:marble:9, Мрамор
chisel:marble:10, Мрамор
chisel:marble:11, Мрамор
chisel:marble:12, Мрамор
chisel:marble:13, Мрамор
chisel:marble:14, Мрамор
chisel:marble:15, Мрамор
chisel:marble1:0, Мрамор
chisel:marble1:1, Мрамор
chisel:marble1:2, Мрамор
chisel:marble1:3, Мрамор
chisel:marble1:4, Мрамор
chisel:marble1:5, Мрамор
chisel:marble1:6, Мрамор
chisel:marble1:7, Мрамор
chisel:marble1:8, Мрамор
chisel:marble1:9, Мрамор
chisel:marble2:0, Мрамор
chisel:marble2:1, Мрамор
chisel:marble2:2, Мрамор
chisel:marble2:3, Мрамор
chisel:marble2:4, Мрамор
chisel:marble2:5, Мрамор
chisel:marble2:6, Мрамор
chisel:marble2:7, Мрамор
chisel:marblepillar:0, Мраморная колонна
chisel:marblepillar:1, Мраморная колонна
chisel:marblepillar:2, Мраморная колонна
chisel:marblepillar:3, Мраморная колонна
chisel:marblepillar:4, Мраморная колонна
chisel:marblepillar:5, Мраморная колонна
chisel:marblepillar:6, Мраморная колонна
chisel:marblepillar:7, Мраморная колонна
chisel:marblepillar:8, Мраморная колонна
chisel:marblepillar:9, Мраморная колонна
chisel:marblepillar:10, Мраморная колонна
chisel:marblepillar:11, Мраморная колонна
chisel:marblepillar:12, Мраморная колонна
chisel:marblepillar:13, Мраморная колонна
chisel:marblepillar:14, Мраморная колонна
chisel:marblepillar:15, Мраморная колонна
chisel:netherbrick:0, Незеритовый кирпич
chisel:netherbrick:1, Незеритовый кирпич
chisel:netherbrick:2, Незеритовый кирпич
chisel:netherbrick:3, Незеритовый кирпич
chisel:netherbrick:4, Незеритовый кирпич
chisel:netherbrick:5, Незеритовый кирпич
chisel:netherbrick:6, Незеритовый кирпич
chisel:netherbrick:7, Незеритовый кирпич
chisel:netherbrick:8, Незеритовый кирпич
chisel:netherbrick:9, Незеритовый кирпич
chisel:netherbrick:10, Незеритовый кирпич
chisel:netherbrick:11, Незеритовый кирпич
chisel:netherbrick:12, Незеритовый кирпич
chisel:netherbrick:13, Незеритовый кирпич
chisel:netherbrick:14, Незеритовый кирпич
chisel:netherbrick:15, Незеритовый кирпич
chisel:netherrack:0, Незерит
chisel:netherrack:1, Незерит
chisel:netherrack:2, Незерит
chisel:netherrack:3, Незерит
chisel:netherrack:4, Незерит
chisel:netherrack:5, Незерит
chisel:netherrack:6, Незерит
chisel:netherrack:7, Незерит
chisel:netherrack:8, Незерит
chisel:netherrack:9, Незерит
chisel:netherrack:10, Незерит
chisel:netherrack:11, Незерит
chisel:netherrack:12, Незерит
chisel:netherrack:13, Незерит
chisel:blocknickel:0, Никелевый блок
chisel:blocknickel:1, Никелевый блок
chisel:blocknickel:2, Никелевый блок
chisel:blocknickel:3, Никелевый блок
chisel:blocknickel:4, Никелевый блок
chisel:blocknickel:5, Никелевый блок
chisel:blocknickel:6, Никелевый блок
chisel:obsidian:0, Обсидиан
chisel:obsidian:1, Обсидиан
chisel:obsidian:2, Обсидиан
chisel:obsidian:3, Обсидиан
chisel:obsidian:4, Обсидиан
chisel:obsidian:5, Обсидиан
chisel:obsidian:6, Обсидиан
chisel:obsidian:7, Обсидиан
chisel:obsidian:8, Обсидиан
chisel:obsidian:9, Обсидиан
chisel:obsidian:10, Обсидиан
chisel:obsidian:11, Обсидиан
chisel:obsidian:12, Обсидиан
chisel:obsidian:13, Обсидиан
chisel:obsidian:14, Обсидиан
chisel:paper:0, Бумажная стена
chisel:paper:1, Бумажная стена
chisel:paper:2, Бумажная стена
chisel:paper:3, Бумажная стена
chisel:paper:4, Бумажная стена
chisel:paper:5, Бумажная стена
chisel:paper:6, Бумажная стена
chisel:paper:7, Бумажная стена
chisel:paper:8, Бумажная стена
chisel:planks-oak:0, Дубовые доски
chisel:planks-oak:1, Дубовые доски
chisel:planks-oak:2, Дубовые доски
chisel:planks-oak:3, Дубовые доски
chisel:planks-oak:4, Дубовые доски
chisel:planks-oak:5, Дубовые доски
chisel:planks-oak:6, Дубовые доски
chisel:planks-oak:7, Дубовые доски
chisel:planks-oak:8, Дубовые доски
chisel:planks-oak:9, Дубовые доски
chisel:planks-oak:10, Дубовые доски
chisel:planks-oak:11, Дубовые доски
chisel:planks-oak:12, Дубовые доски
chisel:planks-oak:13, Дубовые доски
chisel:planks-oak:14, Дубовые доски
chisel:planks-spruce:0, Еловые доски
chisel:planks-spruce:1, Еловые доски
chisel:planks-spruce:2, Еловые доски
chisel:planks-spruce:3, Еловые доски
chisel:planks-spruce:4, Еловые доски
chisel:planks-spruce:5, Еловые доски
chisel:planks-spruce:6, Еловые доски
chisel:planks-spruce:7, Еловые доски
chisel:planks-spruce:8, Еловые доски
chisel:planks-spruce:9, Еловые доски
chisel:planks-spruce:10, Еловые доски
chisel:planks-spruce:11, Еловые доски
chisel:planks-spruce:12, Еловые доски
chisel:planks-spruce:13, Еловые доски
chisel:planks-spruce:14, Еловые доски
chisel:planks-birch:0, Берёзовые доски
chisel:planks-birch:1, Берёзовые доски
chisel:planks-birch:2, Берёзовые доски
chisel:planks-birch:3, Берёзовые доски
chisel:planks-birch:4, Берёзовые доски
chisel:planks-birch:5, Берёзовые доски
chisel:planks-birch:6, Берёзовые доски
chisel:planks-birch:7, Берёзовые доски
chisel:planks-birch:8, Берёзовые доски
chisel:planks-birch:9, Берёзовые доски
chisel:planks-birch:10, Берёзовые доски
chisel:planks-birch:11, Берёзовые доски
chisel:planks-birch:12, Берёзовые доски
chisel:planks-birch:13, Берёзовые доски
chisel:planks-birch:14, Берёзовые доски
chisel:planks-jungle:0, Доски из тропического дерева
chisel:planks-jungle:1, Доски из тропического дерева
chisel:planks-jungle:2, Доски из тропического дерева
chisel:planks-jungle:3, Доски из тропического дерева
chisel:planks-jungle:4, Доски из тропического дерева
chisel:planks-jungle:5, Доски из тропического дерева
chisel:planks-jungle:6, Доски из тропического дерева
chisel:planks-jungle:7, Доски из тропического дерева
chisel:planks-jungle:8, Доски из тропического дерева
chisel:planks-jungle:9, Доски из тропического дерева
chisel:planks-jungle:10, Доски из тропического дерева
chisel:planks-jungle:11, Доски из тропического дерева
chisel:planks-jungle:12, Доски из тропического дерева
chisel:planks-jungle:13, Доски из тропического дерева
chisel:planks-jungle:14, Доски из тропического дерева
chisel:planks-acacia:0, Доски из акации
chisel:planks-acacia:1, Доски из акации
chisel:planks-acacia:2, Доски из акации
chisel:planks-acacia:3, Доски из акации
chisel:planks-acacia:4, Доски из акации
chisel:planks-acacia:5, Доски из акации
chisel:planks-acacia:6, Доски из акации
chisel:planks-acacia:7, Доски из акации
chisel:planks-acacia:8, Доски из акации
chisel:planks-acacia:9, Доски из акации
chisel:planks-acacia:10, Доски из акации
chisel:planks-acacia:11, Доски из акации
chisel:planks-acacia:12, Доски из акации
chisel:planks-acacia:13, Доски из акации
chisel:planks-acacia:14, Доски из акации
chisel:planks-dark-oak:0, Доски из тёмного дуба
chisel:planks-dark-oak:1, Доски из тёмного дуба
chisel:planks-dark-oak:2, Доски из тёмного дуба
chisel:planks-dark-oak:3, Доски из тёмного дуба
chisel:planks-dark-oak:4, Доски из тёмного дуба
chisel:planks-dark-oak:5, Доски из тёмного дуба
chisel:planks-dark-oak:6, Доски из тёмного дуба
chisel:planks-dark-oak:7, Доски из тёмного дуба
chisel:planks-dark-oak:8, Доски из тёмного дуба
chisel:planks-dark-oak:9, Доски из тёмного дуба
chisel:planks-dark-oak:10, Доски из тёмного дуба
chisel:planks-dark-oak:11, Доски из тёмного дуба
chisel:planks-dark-oak:12, Доски из тёмного дуба
chisel:planks-dark-oak:13, Доски из тёмного дуба
chisel:planks-dark-oak:14, Доски из тёмного дуба
chisel:blockplatinum:0, Платиновый блок
chisel:blockplatinum:1, Платиновый блок
chisel:blockplatinum:2, Платиновый блок
chisel:blockplatinum:3, Платиновый блок
chisel:blockplatinum:4, Платиновый блок
chisel:blockplatinum:5, Платиновый блок
chisel:blockplatinum:6, Платиновый блок
chisel:prismarine:0, Призмарин
chisel:prismarine:1, Призмарин
chisel:prismarine:2, Призмарин
chisel:prismarine:3, Призмарин
chisel:prismarine:4, Призмарин
chisel:prismarine:5, Призмарин
chisel:prismarine:6, Призмарин
chisel:prismarine:7, Призмарин
chisel:prismarine:8, Призмарин
chisel:prismarine:9, Призмарин
chisel:prismarine:10, Призмарин
chisel:prismarine:11, Призмарин
chisel:prismarine:12, Призмарин
chisel:prismarine:13, Призмарин
chisel:prismarine:14, Призмарин
chisel:prismarine:15, Призмарин
chisel:prismarine1:0, Призмарин
chisel:prismarine1:1, Призмарин
chisel:prismarine1:2, Призмарин
chisel:prismarine1:3, Призмарин
chisel:prismarine1:4, Призмарин
chisel:prismarine1:5, Призмарин
chisel:prismarine1:6, Призмарин
chisel:prismarine1:7, Призмарин
chisel:prismarine1:8, Призмарин
chisel:prismarine1:9, Призмарин
chisel:prismarine2:0, Призмарин
chisel:prismarine2:1, Призмарин
chisel:prismarine2:2, Призмарин
chisel:prismarine2:3, Призмарин
chisel:prismarine2:4, Призмарин
chisel:prismarine2:5, Призмарин
chisel:quartz:0, Кварцевый блок
chisel:quartz:1, Кварцевый блок
chisel:quartz:2, Кварцевый блок
chisel:quartz:3, Кварцевый блок
chisel:quartz:4, Кварцевый блок
chisel:quartz:5, Кварцевый блок
chisel:quartz:6, Кварцевый блок
chisel:quartz:7, Кварцевый блок
chisel:quartz:8, Кварцевый блок
chisel:quartz:9, Кварцевый блок
chisel:quartz:10, Кварцевый блок
chisel:quartz:11, Кварцевый блок
chisel:quartz:12, Кварцевый блок
chisel:quartz:13, Кварцевый блок
chisel:quartz:14, Кварцевый блок
chisel:quartz:15, Кварцевый блок
chisel:quartz1:0, Кварцевый блок
chisel:quartz1:1, Кварцевый блок
chisel:quartz1:2, Кварцевый блок
chisel:quartz1:3, Кварцевый блок
chisel:quartz1:4, Кварцевый блок
chisel:quartz1:5, Кварцевый блок
chisel:quartz1:6, Кварцевый блок
chisel:quartz1:7, Кварцевый блок
chisel:quartz1:8, Кварцевый блок
chisel:quartz1:9, Кварцевый блок
chisel:quartz1:10, Кварцевый блок
chisel:quartz1:11, Кварцевый блок
chisel:quartz1:12, Кварцевый блок
chisel:quartz1:13, Кварцевый блок
chisel:quartz1:14, Кварцевый блок
chisel:quartz1:15, Кварцевый блок
chisel:redstone:0, Редстоуновый блок
chisel:redstone:1, Редстоуновый блок
chisel:redstone:2, Редстоуновый блок
chisel:redstone:3, Редстоуновый блок
chisel:redstone:4, Редстоуновый блок
chisel:redstone:5, Редстоуновый блок
chisel:redstone:6, Редстоуновый блок
chisel:redstone:7, Редстоуновый блок
chisel:redstone:8, Редстоуновый блок
chisel:redstone:9, Редстоуновый блок
chisel:redstone:10, Редстоуновый блок
chisel:redstone:11, Редстоуновый блок
chisel:redstone:12, Редстоуновый блок
chisel:redstone:13, Редстоуновый блок
chisel:redstone:14, Редстоуновый блок
chisel:redstone:15, Редстоуновый блок
chisel:redstone1:0, Редстоуновый блок
chisel:redstone1:1, Редстоуновый блок
chisel:redstone1:2, Редстоуновый блок
chisel:redstone1:3, Редстоуновый блок
chisel:redstone1:4, Редстоуновый блок
chisel:redstone1:5, Редстоуновый блок
chisel:redstone1:6, Редстоуновый блок
chisel:redstone1:7, Редстоуновый блок
chisel:redstone1:8, Редстоуновый блок
chisel:redstone1:9, Редстоуновый блок
chisel:redstone1:10, Редстоуновый блок
chisel:redstone1:11, Редстоуновый блок
chisel:sandstoneyellow:0, Песчаник
chisel:sandstoneyellow:1, Песчаник
chisel:sandstoneyellow:2, Песчаник
chisel:sandstoneyellow:3, Песчаник
chisel:sandstoneyellow:4, Песчаник
chisel:sandstoneyellow:5, Песчаник
chisel:sandstoneyellow:6, Песчаник
chisel:sandstoneyellow:7, Песчаник
chisel:sandstoneyellow:8, Песчаник
chisel:sandstoneyellow:9, Песчаник
chisel:sandstoneyellow:10, Песчаник
chisel:sandstoneyellow:11, Песчаник
chisel:sandstoneyellow:12, Песчаник
chisel:sandstoneyellow:13, Песчаник
chisel:sandstoneyellow:14, Песчаник
chisel:sandstoneyellow:15, Песчаник
chisel:sandstoneyellow1:0, Песчаник
chisel:sandstoneyellow1:1, Песчаник
chisel:sandstoneyellow1:2, Песчаник
chisel:sandstoneyellow1:3, Песчаник
chisel:sandstoneyellow1:4, Песчаник
chisel:sandstoneyellow1:5, Песчаник
chisel:sandstoneyellow1:6, Песчаник
chisel:sandstoneyellow1:7, Песчаник
chisel:sandstoneyellow1:8, Песчаник
chisel:sandstoneyellow1:9, Песчаник
chisel:sandstoneyellow2:0, Песчаник
chisel:sandstoneyellow2:1, Песчаник
chisel:sandstoneyellow2:2, Песчаник
chisel:sandstoneyellow2:3, Песчаник
chisel:sandstoneyellow2:4, Песчаник
chisel:sandstoneyellow2:5, Песчаник
chisel:sandstoneyellow2:6, Песчаник
chisel:sandstoneyellow2:7, Песчаник
chisel:sandstonered:0, Красный песчаник
chisel:sandstonered:1, Красный песчаник
chisel:sandstonered:2, Красный песчаник
chisel:sandstonered:3, Красный песчаник
chisel:sandstonered:4, Красный песчаник
chisel:sandstonered:5, Красный песчаник
chisel:sandstonered:6, Красный песчаник
chisel:sandstonered:7, Красный песчаник
chisel:sandstonered:8, Красный песчаник
chisel:sandstonered:9, Красный песчаник
chisel:sandstonered:10, Красный песчаник
chisel:sandstonered:11, Красный песчаник
chisel:sandstonered:12, Красный песчаник
chisel:sandstonered:13, Красный песчаник
chisel:sandstonered:14, Красный песчаник
chisel:sandstonered:15, Красный песчаник
chisel:sandstonered1:0, Красный песчаник
chisel:sandstonered1:1, Красный песчаник
chisel:sandstonered1:2, Красный песчаник
chisel:sandstonered1:3, Красный песчаник
chisel:sandstonered1:4, Красный песчаник
chisel:sandstonered1:5, Красный песчаник
chisel:sandstonered1:6, Красный песчаник
chisel:sandstonered1:7, Красный песчаник
chisel:sandstonered1:8, Красный песчаник
chisel:sandstonered1:9, Красный песчаник
chisel:sandstonered2:0, Красный песчаник
chisel:sandstonered2:1, Красный песчаник
chisel:sandstonered2:2, Красный песчаник
chisel:sandstonered2:3, Красный песчаник
chisel:sandstonered2:4, Красный песчаник
chisel:sandstonered2:5, Красный песчаник
chisel:sandstonered2:6, Красный песчаник
chisel:sandstonered2:7, Красный песчаник
chisel:sandstone-scribbles:0, Песчаник с каракулями
chisel:sandstone-scribbles:1, Песчаник с каракулями
chisel:sandstone-scribbles:2, Песчаник с каракулями
chisel:sandstone-scribbles:3, Песчаник с каракулями
chisel:sandstone-scribbles:4, Песчаник с каракулями
chisel:sandstone-scribbles:5, Песчаник с каракулями
chisel:sandstone-scribbles:6, Песчаник с каракулями
chisel:sandstone-scribbles:7, Песчаник с каракулями
chisel:sandstone-scribbles:8, Песчаник с каракулями
chisel:sandstone-scribbles:9, Песчаник с каракулями
chisel:sandstone-scribbles:10, Песчаник с каракулями
chisel:sandstone-scribbles:11, Песчаник с каракулями
chisel:sandstone-scribbles:12, Песчаник с каракулями
chisel:sandstone-scribbles:13, Песчаник с каракулями
chisel:sandstone-scribbles:14, Песчаник с каракулями
chisel:sandstone-scribbles:15, Песчаник с каракулями
chisel:sandstonered-scribbles:0, Red Sandstone Scribbles
chisel:sandstonered-scribbles:1, Red Sandstone Scribbles
chisel:sandstonered-scribbles:2, Red Sandstone Scribbles
chisel:sandstonered-scribbles:3, Red Sandstone Scribbles
chisel:sandstonered-scribbles:4, Red Sandstone Scribbles
chisel:sandstonered-scribbles:5, Red Sandstone Scribbles
chisel:sandstonered-scribbles:6, Red Sandstone Scribbles
chisel:sandstonered-scribbles:7, Red Sandstone Scribbles
chisel:sandstonered-scribbles:8, Red Sandstone Scribbles
chisel:sandstonered-scribbles:9, Red Sandstone Scribbles
chisel:sandstonered-scribbles:10, Red Sandstone Scribbles
chisel:sandstonered-scribbles:11, Red Sandstone Scribbles
chisel:sandstonered-scribbles:12, Red Sandstone Scribbles
chisel:sandstonered-scribbles:13, Red Sandstone Scribbles
chisel:sandstonered-scribbles:14, Red Sandstone Scribbles
chisel:sandstonered-scribbles:15, Red Sandstone Scribbles
chisel:blocksilver:0, Серебряный блок
chisel:blocksilver:1, Серебряный блок
chisel:blocksilver:2, Серебряный блок
chisel:blocksilver:3, Серебряный блок
chisel:blocksilver:4, Серебряный блок
chisel:blocksilver:5, Серебряный блок
chisel:blocksilver:6, Серебряный блок
chisel:blocksteel:0, Стальной блок
chisel:blocksteel:1, Стальной блок
chisel:blocksteel:2, Стальной блок
chisel:blocksteel:3, Стальной блок
chisel:blocksteel:4, Стальной блок
chisel:blocksteel:5, Стальной блок
chisel:blocksteel:6, Стальной блок
chisel:stonebrick:0, Резной камень
chisel:stonebrick:1, Резной камень
chisel:stonebrick:2, Резной камень
chisel:stonebrick:3, Резной камень
chisel:stonebrick:4, Резной камень
chisel:stonebrick:5, Резной камень
chisel:stonebrick:6, Резной камень
chisel:stonebrick:7, Резной камень
chisel:stonebrick:8, Резной камень
chisel:stonebrick:9, Резной камень
chisel:stonebrick:10, Резной камень
chisel:stonebrick:11, Резной камень
chisel:stonebrick:12, Резной камень
chisel:stonebrick:13, Резной камень
chisel:stonebrick:14, Резной камень
chisel:stonebrick:15, Резной камень
chisel:stonebrick1:0, Резной камень
chisel:stonebrick1:1, Резной камень
chisel:stonebrick1:2, Резной камень
chisel:stonebrick1:3, Резной камень
chisel:stonebrick1:4, Резной камень
chisel:stonebrick1:5, Резной камень
chisel:stonebrick1:6, Резной камень
chisel:stonebrick1:7, Резной камень
chisel:stonebrick1:8, Резной камень
chisel:stonebrick1:9, Резной камень
chisel:stonebrick2:0, Резной камень
chisel:stonebrick2:1, Резной камень
chisel:stonebrick2:2, Резной камень
chisel:stonebrick2:3, Резной камень
chisel:stonebrick2:4, Резной камень
chisel:stonebrick2:5, Резной камень
chisel:stonebrick2:6, Резной камень
chisel:stonebrick2:7, Резной камень
chisel:stonebrick2:8, Резной камень
chisel:stonebrick2:9, Резной камень
chisel:technical:0, Фабричный блок
chisel:technical:1, Фабричный блок
chisel:technical:2, Фабричный блок
chisel:technical:3, Фабричный блок
chisel:technical:4, Фабричный блок
chisel:technical:5, Фабричный блок
chisel:technical:6, Фабричный блок
chisel:technical:7, Фабричный блок
chisel:technical:8, Фабричный блок
chisel:technical:9, Фабричный блок
chisel:technical:10, Фабричный блок
chisel:technical:11, Фабричный блок
chisel:technical:12, Фабричный блок
chisel:technical:13, Фабричный блок
chisel:technical:14, Фабричный блок
chisel:technical:15, Фабричный блок
chisel:technical1:0, Фабричный блок
chisel:technical1:1, Фабричный блок
chisel:technical1:2, Фабричный блок
chisel:technical1:3, Фабричный блок
chisel:technical1:4, Фабричный блок
chisel:technicalnew:0, Фабричный блок
chisel:technicalnew:1, Фабричный блок
chisel:technicalnew:2, Фабричный блок
chisel:technicalnew:3, Фабричный блок
chisel:technicalnew:4, Фабричный блок
chisel:technicalnew:5, Фабричный блок
chisel:technicalnew:6, Фабричный блок
chisel:technicalnew:7, Фабричный блок
chisel:technicalnew:8, Фабричный блок
chisel:temple:0, Храмовый блок
chisel:temple:1, Храмовый блок
chisel:temple:2, Храмовый блок
chisel:temple:3, Храмовый блок
chisel:temple:4, Храмовый блок
chisel:temple:5, Храмовый блок
chisel:temple:6, Храмовый блок
chisel:temple:7, Храмовый блок
chisel:temple:8, Храмовый блок
chisel:temple:9, Храмовый блок
chisel:temple:10, Храмовый блок
chisel:temple:11, Храмовый блок
chisel:temple:12, Храмовый блок
chisel:temple:13, Храмовый блок
chisel:temple:14, Храмовый блок
chisel:temple:15, Храмовый блок
chisel:templemossy:0, Замшелый храмовый блок
chisel:templemossy:1, Замшелый храмовый блок
chisel:templemossy:2, Замшелый храмовый блок
chisel:templemossy:3, Замшелый храмовый блок
chisel:templemossy:4, Замшелый храмовый блок
chisel:templemossy:5, Замшелый храмовый блок
chisel:templemossy:6, Замшелый храмовый блок
chisel:templemossy:7, Замшелый храмовый блок
chisel:templemossy:8, Замшелый храмовый блок
chisel:templemossy:9, Замшелый храмовый блок
chisel:templemossy:10, Замшелый храмовый блок
chisel:templemossy:11, Замшелый храмовый блок
chisel:templemossy:12, Замшелый храмовый блок
chisel:templemossy:13, Замшелый храмовый блок
chisel:templemossy:14, Замшелый храмовый блок
chisel:templemossy:15, Замшелый храмовый блок
chisel:blocktin:0, Оловянный блок
chisel:blocktin:1, Оловянный блок
chisel:blocktin:2, Оловянный блок
chisel:blocktin:3, Оловянный блок
chisel:blocktin:4, Оловянный блок
chisel:blocktin:5, Оловянный блок
chisel:blocktin:6, Оловянный блок
chisel:tyrian:0, Тириан
chisel:tyrian:1, Тириан
chisel:tyrian:2, Тириан
chisel:tyrian:3, Тириан
chisel:tyrian:4, Тириан
chisel:tyrian:5, Тириан
chisel:tyrian:6, Тириан
chisel:tyrian:7, Тириан
chisel:tyrian:8, Тириан
chisel:tyrian:9, Тириан
chisel:tyrian:10, Тириан
chisel:tyrian:11, Тириан
chisel:tyrian:12, Тириан
chisel:tyrian:13, Тириан
chisel:tyrian:14, Тириан
chisel:tyrian:15, Тириан
chisel:blockuranium:0, Урановый блок
chisel:blockuranium:1, Урановый блок
chisel:blockuranium:2, Урановый блок
chisel:blockuranium:3, Урановый блок
chisel:blockuranium:4, Урановый блок
chisel:blockuranium:5, Урановый блок
chisel:blockuranium:6, Урановый блок
chisel:valentines:0, Блок Валентина
chisel:valentines:1, Блок Валентина
chisel:valentines:2, Блок Валентина
chisel:valentines:3, Блок Валентина
chisel:valentines:4, Блок Валентина
chisel:valentines:5, Блок Валентина
chisel:valentines:6, Блок Валентина
chisel:valentines:7, Блок Валентина
chisel:valentines:8, Блок Валентина
chisel:valentines:9, Блок Валентина
chisel:voidstone:0, Пустотный камень
chisel:voidstone:1, Пустотный камень
chisel:voidstone:2, Пустотный камень
chisel:voidstone:3, Пустотный камень
chisel:voidstone:4, Пустотный камень
chisel:voidstone:5, Пустотный камень
chisel:voidstone:6, Пустотный камень
chisel:voidstone:7, Пустотный камень
chisel:energizedvoidstone:0, Первичный пустотный камень
chisel:energizedvoidstone:1, Первичный пустотный камень
chisel:energizedvoidstone:2, Первичный пустотный камень
chisel:energizedvoidstone:3, Первичный пустотный камень
chisel:energizedvoidstone:4, Первичный пустотный камень
chisel:energizedvoidstone:5, Первичный пустотный камень
chisel:energizedvoidstone:6, Первичный пустотный камень
chisel:energizedvoidstone:7, Первичный пустотный камень
chisel:voidstonerunic:0, Рунический пустотный камень
chisel:voidstonerunic:1, Рунический пустотный камень
chisel:voidstonerunic:2, Рунический пустотный камень
chisel:voidstonerunic:3, Рунический пустотный камень
chisel:voidstonerunic:4, Рунический пустотный камень
chisel:voidstonerunic:5, Рунический пустотный камень
chisel:voidstonerunic:6, Рунический пустотный камень
chisel:voidstonerunic:7, Рунический пустотный камень
chisel:voidstonerunic:8, Рунический пустотный камень
chisel:voidstonerunic:9, Рунический пустотный камень
chisel:voidstonerunic:10, Рунический пустотный камень
chisel:voidstonerunic:11, Рунический пустотный камень
chisel:voidstonerunic:12, Рунический пустотный камень
chisel:voidstonerunic:13, Рунический пустотный камень
chisel:voidstonerunic:14, Рунический пустотный камень
chisel:waterstone:0, Водный камень
chisel:waterstone:1, Водный камень
chisel:waterstone:2, Водный камень
chisel:waterstone:3, Водный камень
chisel:waterstone:4, Водный камень
chisel:waterstone:5, Водный камень
chisel:waterstone:6, Водный камень
chisel:waterstone:7, Водный камень
chisel:waterstone:8, Водный камень
chisel:waterstone:9, Водный камень
chisel:waterstone:10, Водный камень
chisel:waterstone:11, Водный камень
chisel:waterstone:12, Водный камень
chisel:waterstone:13, Водный камень
chisel:waterstone:14, Водный камень
chisel:waterstone:15, Водный камень
chisel:waterstone1:0, Водный камень
chisel:waterstone1:1, Водный камень
chisel:waterstone1:2, Водный камень
chisel:waterstone1:3, Водный камень
chisel:waterstone1:4, Водный камень
chisel:waterstone1:5, Водный камень
chisel:waterstone1:6, Водный камень
chisel:waterstone1:7, Водный камень
chisel:waterstone1:8, Водный камень
chisel:waterstone1:9, Водный камень
chisel:waterstone1:10, Водный камень
chisel:waterstone1:11, Водный камень
chisel:waterstone1:12, Водный камень
chisel:waterstone1:13, Водный камень
chisel:waterstone1:14, Водный камень
chisel:waterstone1:15, Водный камень
chisel:waterstone2:0, Водный камень
chisel:wool_black:0, Black Wool
chisel:wool_black:1, Black Wool
chisel:wool_red:0, Red Wool
chisel:wool_red:1, Red Wool
chisel:wool_green:0, Green Wool
chisel:wool_green:1, Green Wool
chisel:wool_brown:0, Brown Wool
chisel:wool_brown:1, Brown Wool
chisel:wool_blue:0, Blue Wool
chisel:wool_blue:1, Blue Wool
chisel:wool_purple:0, Purple Wool
chisel:wool_purple:1, Purple Wool
chisel:wool_cyan:0, Cyan Wool
chisel:wool_cyan:1, Cyan Wool
chisel:wool_lightgray:0, Light Gray Wool
chisel:wool_lightgray:1, Light Gray Wool
chisel:wool_gray:0, Gray Wool
chisel:wool_gray:1, Gray Wool
chisel:wool_pink:0, Pink Wool
chisel:wool_pink:1, Pink Wool
chisel:wool_lime:0, Lime Wool
chisel:wool_lime:1, Lime Wool
chisel:wool_yellow:0, Yellow Wool
chisel:wool_yellow:1, Yellow Wool
chisel:wool_lightblue:0, Light Blue Wool
chisel:wool_lightblue:1, Light Blue Wool
chisel:wool_magenta:0, Magenta Wool
chisel:wool_magenta:1, Magenta Wool
chisel:wool_orange:0, Orange Wool
chisel:wool_orange:1, Orange Wool
chisel:wool_white:0, Wool
chisel:wool_white:1, Wool
spacex:falcon9:0, FalconCraft 9
spacex:falcon9:4, FalconCraft 9
spacex:falcon9_used:0, FalconCraft 9
spacex:dragon:0, DragonCraft capsule
spacex:dragon:4, DragonCraft capsule
spacex:dragon_used:0, DragonCraft capsule
spacex:trunk:0, DragonCraft trunk
spacex:trunk_used:0, DragonCraft trunk
spacex:secondstage:0, FalconCraft 9 second stage
spacex:secondstage:4, FalconCraft 9 second stage
spacex:secondstage_used:0, FalconCraft 9 second stage
spacex:merlin1d, Merlin1D engine
spacex:draco, Draco engine
spacex:gridfin, Grids fins
spacex:leg, Landing legs
spacex:seat, Seat
spacex:oxygen_tank, Liquid oxygen tank
spacex:rp1_tank, RP1 tank
spacex:nozzle, Engine nozzle
spacex:combustion_chamber, Engine combustion chamber
spacex:turbopump, Engine turbopump
spacex:ingot_lithium, Lithium ingot
spacex:compressed_alli, Compressed aluminium-lithium
spacex:compressed_carbonfiber, Carbon fiber plate
spacex:pressure_valve, High pressure valve
spacex:trunk_fin, Fins
spacex:schematic:0, Схема для верстака NASA
spacex:schematic:1, Схема для верстака NASA
spacex:schematic:2, Схема для верстака NASA
spacex:schematic:3, Схема для верстака NASA
spacex:oxygen_loader, Liquid oxygen loader
spacex:oxygen_unloader, Liquid oxygen unloader
spacex:fuel_unloader, Fuel unloader
spacex:ore_lithium, Lithium ore
forge:bucketfilled, %s Bucket
securitycraft:laser_block, Блок лазера
securitycraft:keypad, Наборная панель
securitycraft:mine, Мина
securitycraft:retinal_scanner, Ретинальный сканер
securitycraft:bogus_lava, Фальшивая лава
securitycraft:bogus_lava_flowing, tile.securitycraft:bogusLavaFlowing.name
securitycraft:bogus_water, Фальшивая вода
securitycraft:bogus_water_flowing, tile.securitycraft:bogusWaterFlowing.name
securitycraft:keycard_reader, Считыватель ключ-карты
securitycraft:reinforced_iron_trapdoor, Укреплённый железный люк
securitycraft:bouncing_betty, Отскакивающая мина
securitycraft:inventory_scanner, Сканер инвентаря
securitycraft:track_mine, Рельсовая мина
securitycraft:cage_trap, Ловушка-клетка
securitycraft:portable_radar, Портативный радар
securitycraft:reinforced_iron_bars, Укреплённые железные прутья
securitycraft:keypad_chest, Сундук с кодом
securitycraft:username_logger, Регистратор имён пользователей
securitycraft:alarm, Сигнализация
securitycraft:reinforced_stone:0, Укреплённый камень
securitycraft:reinforced_stone:1, Укреплённый гранит
securitycraft:reinforced_stone:2, Укреплённый полированный гранит
securitycraft:reinforced_stone:3, Укреплённый диорит
securitycraft:reinforced_stone:4, Укреплённый полированный диорит
securitycraft:reinforced_stone:5, Укреплённый андезит
securitycraft:reinforced_stone:6, Укреплённый полированный андезит
securitycraft:reinforced_sandstone:0, Укреплённый песчаник
securitycraft:reinforced_sandstone:1, Укреплённый резной песчаник
securitycraft:reinforced_sandstone:2, Укреплённый гладкий песчаник
securitycraft:reinforced_dirt:0, Укреплённая земля
securitycraft:reinforced_dirt:1, Укреплённая каменистая земля
securitycraft:reinforced_dirt:2, Укреплённый подзол
securitycraft:reinforced_cobblestone, Укреплённый булыжник
securitycraft:reinforced_fence_gate, Электрифицированная железная калитка
securitycraft:reinforced_planks:0, Укреплённые дубовые доски
securitycraft:reinforced_planks:1, Укреплённые еловые доски
securitycraft:reinforced_planks:2, Укреплённые берёзовые доски
securitycraft:reinforced_planks:3, Укреплённые доски из тропического дерева
securitycraft:reinforced_planks:4, Укреплённые акациевые доски
securitycraft:reinforced_planks:5, Укреплённые доски из тёмного дуба
securitycraft:panic_button, Кнопка тревоги
securitycraft:keypad_frame, Рамка
securitycraft:claymore, Клеймор
securitycraft:keypad_furnace, Печь с кодом
securitycraft:security_camera, Камера Наблюдения
securitycraft:reinforced_stairs_oak, Укреплённые дубовые ступеньки
securitycraft:reinforced_stairs_spruce, Укреплённые еловые ступеньки
securitycraft:reinforced_stairs_cobblestone, Укреплённые булыжные ступеньки
securitycraft:reinforced_stairs_sandstone, Укреплённые песчаниковые ступеньки
securitycraft:reinforced_stairs_birch, Укреплённые берёзовые ступеньки
securitycraft:reinforced_stairs_jungle, Укреплённые ступеньки из тропического дерева
securitycraft:reinforced_stairs_acacia, Укреплённые акациевые ступеньки
securitycraft:reinforced_stairs_darkoak, Укреплённые ступеньки из тёмного дуба
securitycraft:reinforced_stairs_stone, Укреплённые каменные ступеньки
securitycraft:electrified_iron_fence, Электрифицированный железный забор
securitycraft:ims, Интеллектуальная система мин
securitycraft:reinforced_glass_block, Укреплённое стекло
securitycraft:reinforced_stained_glass:0, Укреплённое белое стекло
securitycraft:reinforced_stained_glass:1, Укреплённое оранжевое стекло
securitycraft:reinforced_stained_glass:2, Укреплённое пурпурное стекло
securitycraft:reinforced_stained_glass:3, Укреплённое голубое стекло
securitycraft:reinforced_stained_glass:4, Укреплённое жёлтое стекло
securitycraft:reinforced_stained_glass:5, Укреплённое лаймовое стекло
securitycraft:reinforced_stained_glass:6, Укреплённое розовое стекло
securitycraft:reinforced_stained_glass:7, Укреплённое серое стекло
securitycraft:reinforced_stained_glass:8, Укреплённое светло-серое стекло
securitycraft:reinforced_stained_glass:9, Укреплённое бирюзовое стекло
securitycraft:reinforced_stained_glass:10, Укреплённое фиолетовое стекло
securitycraft:reinforced_stained_glass:11, Укреплённое синее стекло
securitycraft:reinforced_stained_glass:12, Укреплённое коричневое стекло
securitycraft:reinforced_stained_glass:13, Укреплённое зелёное стекло
securitycraft:reinforced_stained_glass:14, Укреплённое красное стекло
securitycraft:reinforced_stained_glass:15, Укреплённое чёрное стекло
securitycraft:reinforced_wood_slabs:0, Укреплённая дубовая плита
securitycraft:reinforced_wood_slabs:1, Укреплённая еловая плита
securitycraft:reinforced_wood_slabs:2, Укреплённая берёзовая плита
securitycraft:reinforced_wood_slabs:3, Укреплённая плита из тропического дерева
securitycraft:reinforced_wood_slabs:4, Укреплённая акациевая плита
securitycraft:reinforced_wood_slabs:5, Укреплённая плита из тёмного дуба
securitycraft:reinforced_stone_slabs:0, Укреплённая каменная плита
securitycraft:reinforced_stone_slabs:1, Укреплённая булыжная плита
securitycraft:reinforced_stone_slabs:2, Укреплённая песчаниковая плита
securitycraft:reinforced_stone_slabs:3, Укреплённая плита из каменных кирпичей
securitycraft:reinforced_stone_slabs:4, Укреплённая кирпичная плита
securitycraft:reinforced_stone_slabs:5, Укреплённая незеритовая плита
securitycraft:reinforced_stone_slabs:6, Укреплённая кварцевая плита
securitycraft:protecto, Протекто
securitycraft:reinforced_stone_brick:0, Укреплённые каменные кирпичи
securitycraft:reinforced_stone_brick:1, Укреплённые замшелые каменные кирпичи
securitycraft:reinforced_stone_brick:2, Укреплённые потрескавшиеся каменные кирпичи
securitycraft:reinforced_stone_brick:3, Укреплённые резные каменные кирпичи
securitycraft:reinforced_stairs_stone_brick, Укреплённые ступеньки из каменного кирпича
securitycraft:reinforced_mossy_cobblestone, Укреплённый замшелый булыжник
securitycraft:reinforced_brick, Укреплённый кирпич
securitycraft:reinforced_stairs_brick, Укреплённые кирпичные ступеньки
securitycraft:reinforced_nether_brick, Укреплённые незеритовые кирпичи
securitycraft:reinforced_stairs_nether_brick, Укреплённые незеритовые ступеньки
securitycraft:reinforced_hardened_clay, Укреплённый обожжённый кирпич
securitycraft:reinforced_stained_hardened_clay:0, Укреплённая белая обожжённая глина
securitycraft:reinforced_stained_hardened_clay:1, Укреплённая оранжевая обожжённая глина
securitycraft:reinforced_stained_hardened_clay:2, Укреплённая пурпурная обожжённая глина
securitycraft:reinforced_stained_hardened_clay:3, Укреплённая голубая обожжённая глина
securitycraft:reinforced_stained_hardened_clay:4, Укреплённая жёлтая обожжённая глина
securitycraft:reinforced_stained_hardened_clay:5, Укреплённая лаймовая обожжённая глина
securitycraft:reinforced_stained_hardened_clay:6, Укреплённая розовая обожжённая глина
securitycraft:reinforced_stained_hardened_clay:7, Укреплённая серая обожжённая глина
securitycraft:reinforced_stained_hardened_clay:8, Укреплённая светло-серая обожжённая глина
securitycraft:reinforced_stained_hardened_clay:9, Укреплённая бирюзовая обожжённая глина
securitycraft:reinforced_stained_hardened_clay:10, Укреплённая фиолетовая обожжённая глина
securitycraft:reinforced_stained_hardened_clay:11, Укреплённая синяя обожжённая глина
securitycraft:reinforced_stained_hardened_clay:12, Укреплённая коричневая обожжённая глина
securitycraft:reinforced_stained_hardened_clay:13, Укреплённая зелёная обожжённая глина
securitycraft:reinforced_stained_hardened_clay:14, Укреплённая красная обожжённая глина
securitycraft:reinforced_stained_hardened_clay:15, Укреплённая чёрная обожжённая глина
securitycraft:reinforced_logs:0, Укреплённый дуб
securitycraft:reinforced_logs:1, Укреплённая ель
securitycraft:reinforced_logs:2, Укреплённая берёза
securitycraft:reinforced_logs:3, Укреплённое тропическое дерево
securitycraft:reinforced_logs2:0, Укреплённая акация
securitycraft:reinforced_logs2:1, Укреплённый тёмный дуб
securitycraft:reinforced_metals:0, Укреплённый золотой блок
securitycraft:reinforced_metals:1, Укреплённый железный блок
securitycraft:reinforced_metals:2, Укреплённый алмазный блок
securitycraft:reinforced_metals:3, Укреплённый изумрудный блок
securitycraft:reinforced_metals:4, Укреплённый редстоуновый блок
securitycraft:reinforced_compressed_blocks:0, Укреплённый блок лазурита
securitycraft:reinforced_compressed_blocks:1, Укреплённый блок угля
securitycraft:reinforced_wool:0, Укреплённая белая шерсть
securitycraft:reinforced_wool:1, Укреплённая оранжевая шерсть
securitycraft:reinforced_wool:2, Укреплённая пурпурная шерсть
securitycraft:reinforced_wool:3, Укреплённая голубая шерсть
securitycraft:reinforced_wool:4, Укреплённая жёлтая шерсть
securitycraft:reinforced_wool:5, Укреплённая лаймовая шерсть
securitycraft:reinforced_wool:6, Укреплённая розовая шерсть
securitycraft:reinforced_wool:7, Укреплённая серая шерсть
securitycraft:reinforced_wool:8, Укреплённая светло-серая шерсть
securitycraft:reinforced_wool:9, Укреплённая бирюзовая шерсть
securitycraft:reinforced_wool:10, Укреплённая фиолетовая шерсть
securitycraft:reinforced_wool:11, Укреплённая синяя шерсть
securitycraft:reinforced_wool:12, Укреплённая коричневая шерсть
securitycraft:reinforced_wool:13, Укреплённая зелёная шерсть
securitycraft:reinforced_wool:14, Укреплённая красная шерсть
securitycraft:reinforced_wool:15, Укреплённая чёрная шерсть
securitycraft:reinforced_quartz:0, Укреплённый кварцевый блок
securitycraft:reinforced_quartz:1, Укреплённый резной кварцевый блок
securitycraft:reinforced_quartz:2, Укреплённая кварцевая колонна
securitycraft:reinforced_stairs_quartz, Укреплённые кварцевые ступеньки
securitycraft:reinforced_prismarine:0, Укреплённый призмарин
securitycraft:reinforced_prismarine:1, Укреплённые кирпичи призмарина
securitycraft:reinforced_prismarine:2, Укреплённый тёмный призмарин
securitycraft:reinforced_red_sandstone:0, Укреплённый красный песчаник
securitycraft:reinforced_red_sandstone:1, Укреплённый резной красный песчаник
securitycraft:reinforced_red_sandstone:2, Укреплённый гладкий красный песчаник
securitycraft:reinforced_stairs_red_sandstone, Укреплённые ступеньки из красного песчаника
securitycraft:reinforced_stone_slabs2:0, Укреплённая плита из красного песчаника
securitycraft:reinforced_stone_slabs2:1, Укреплённая пурпуровая плита
securitycraft:reinforced_end_stone_bricks, Укреплённые эндерняковые кирпичи
securitycraft:reinforced_red_nether_brick, Укреплённый красный незеритовый кирпич
securitycraft:reinforced_purpur:0, Укреплённый пурпур
securitycraft:reinforced_purpur:1, Укреплённый пурпуровый пилон
securitycraft:reinforced_stairs_purpur, Укреплённые пурпуровые ступеньки
securitycraft:reinforced_concrete:0, Укреплённый белый бетон
securitycraft:reinforced_concrete:1, Укреплённый оранжевый бетон
securitycraft:reinforced_concrete:2, Укреплённый пурпурный бетон
securitycraft:reinforced_concrete:3, Укреплённый голубой бетон
securitycraft:reinforced_concrete:4, Укреплённый жёлтый бетон
securitycraft:reinforced_concrete:5, Укреплённый лаймовый бетон
securitycraft:reinforced_concrete:6, Укреплённый розовый бетон
securitycraft:reinforced_concrete:7, Укреплённый серый бетон
securitycraft:reinforced_concrete:8, Укреплённый серебряный бетон
securitycraft:reinforced_concrete:9, Укреплённый бирюзовый бетон
securitycraft:reinforced_concrete:10, Укреплённый фиолетовый бетон
securitycraft:reinforced_concrete:11, Укреплённый синий бетон
securitycraft:reinforced_concrete:12, Укреплённый коричневый бетон
securitycraft:reinforced_concrete:13, Укреплённый зелёный бетон
securitycraft:reinforced_concrete:14, Укреплённый красный бетон
securitycraft:reinforced_concrete:15, Укреплённый чёрный бетон
securitycraft:motion_activated_light, Свет, активируемый движением
securitycraft:reinforced_obsidian, Укреплённый обсидиан
securitycraft:reinforced_netherrack, Укреплённый незерит
securitycraft:reinforced_end_stone, Укреплённый эндерняк
securitycraft:reinforced_sea_lantern, Укреплённый светящийся камень морской лампы
securitycraft:reinforced_bone_block, Укреплённый костный блок
securitycraft:reinforced_glass_pane, Укреплённая стеклянная панель
securitycraft:reinforced_stained_panes:0, Укреплённая белая стеклянная панель
securitycraft:reinforced_stained_panes:1, Укреплённая оранжевая стеклянная панель
securitycraft:reinforced_stained_panes:2, Укреплённая пурпурная стеклянная панель
securitycraft:reinforced_stained_panes:3, Укреплённая голубая стеклянная панель
securitycraft:reinforced_stained_panes:4, Укреплённая жёлтая стеклянная панель
securitycraft:reinforced_stained_panes:5, Укреплённая лаймовая стеклянная панель
securitycraft:reinforced_stained_panes:6, Укреплённая розовая стеклянная панель
securitycraft:reinforced_stained_panes:7, Укреплённая серая стеклянная панель
securitycraft:reinforced_stained_panes:8, Укреплённая светло-серая стеклянная панель
securitycraft:reinforced_stained_panes:9, Укреплённая бирюзовая стеклянная панель
securitycraft:reinforced_stained_panes:10, Укреплённая фиолетовая стеклянная панель
securitycraft:reinforced_stained_panes:11, Укреплённая синяя стеклянная панель
securitycraft:reinforced_stained_panes:12, Укреплённая коричневая стеклянная панель
securitycraft:reinforced_stained_panes:13, Укреплённая зелёная стеклянная панель
securitycraft:reinforced_stained_panes:14, Укреплённая красная стеклянная панель
securitycraft:reinforced_stained_panes:15, Укреплённая чёрная стеклянная панель
securitycraft:reinforced_carpet:0, Укреплённый белый ковёр
securitycraft:reinforced_carpet:1, Укреплённый оранжевый ковёр
securitycraft:reinforced_carpet:2, Укреплённый пурпурный ковёр
securitycraft:reinforced_carpet:3, Укреплённый голубой ковёр
securitycraft:reinforced_carpet:4, Укреплённый жёлтый ковёр
securitycraft:reinforced_carpet:5, Укреплённый лаймовый ковёр
securitycraft:reinforced_carpet:6, Укреплённый розовый ковёр
securitycraft:reinforced_carpet:7, Укреплённый серый ковёр
securitycraft:reinforced_carpet:8, Укреплённый серебряный ковёр
securitycraft:reinforced_carpet:9, Укреплённый бирюзовый ковёр
securitycraft:reinforced_carpet:10, Укреплённый фиолетовый ковёр
securitycraft:reinforced_carpet:11, Укреплённый синий ковёр
securitycraft:reinforced_carpet:12, Укреплённый коричневый ковёр
securitycraft:reinforced_carpet:13, Укреплённый зелёный ковёр
securitycraft:reinforced_carpet:14, Укреплённый красный ковёр
securitycraft:reinforced_carpet:15, Укреплённый чёрный ковёр
securitycraft:reinforced_glowstone, Укреплённый светокамень
securitycraft:reinforced_sand:0, Укреплённый песок
securitycraft:reinforced_sand:1, Укреплённый красный песок
securitycraft:reinforced_gravel, Укреплённый гравий
securitycraft:trophy_system, Система трофеев
securitycraft:crystal_quartz:0, Кристаллический кварцевый блок
securitycraft:crystal_quartz:1, Резной кристаллический кварцевый блок
securitycraft:crystal_quartz:2, Кристаллическая кварцевая колонна
securitycraft:reinforced_crystal_quartz:0, Укреплённый кристаллический кварцевый блок
securitycraft:reinforced_crystal_quartz:1, Укреплённый резной кристаллический кварцевый блок
securitycraft:reinforced_crystal_quartz:2, Укреплённая кристаллическая кварцевая колонна
securitycraft:crystal_quartz_slab, Кристаллическая кварцевая плита
securitycraft:reinforced_crystal_quartz_slab, Укреплённая кристаллическая кварцевая плита
securitycraft:stairs_crystal_quartz, Кристаллические кварцевые ступеньки
securitycraft:reinforced_stairs_crystal_quartz, Укреплённые кристаллические кварцевые ступеньки
securitycraft:block_pocket_wall, Стена блок-кармана
securitycraft:block_pocket_manager, Управление блок-карманом
securitycraft:reinforced_stone_pressure_plate, Укреплённая каменная нажимная плита
securitycraft:reinforced_wooden_pressure_plate, Укреплённая деревянная нажимная плита
securitycraft:reinforced_bookshelf, Укреплённая книжная полка
securitycraft:reinforced_walls:0, Укреплённая булыжная ограда
securitycraft:reinforced_walls:1, Укреплённая замшелая булыжная ограда
securitycraft:reinforced_sticky_piston, Укреплённый липкий поршень
securitycraft:reinforced_piston, Укреплённый поршень
securitycraft:reinforced_observer, Укреплённый наблюдатель
securitycraft:reinforced_redstone_lamp, Укреплённый редстоуновый фонарь
securitycraft:reinforced_cobweb, Укреплённая паутина
securitycraft:reinforced_grass, Укреплённый дёрн
securitycraft:reinforced_snow_block, Укреплённый снежный блок
securitycraft:reinforced_ice, Укреплённый лёд
securitycraft:reinforced_packed_ice, Укреплённый плотный лёд
securitycraft:reinforced_mycelium, Укреплённый мицелий
securitycraft:reinforced_clay, Укреплённая глина
securitycraft:reinforced_nether_wart_block, Укреплённый блок нароста из Незера
securitycraft:reinforced_grass_path, Укреплённая тропа
securitycraft:reinforced_stone_button, Укреплённая кнопка
securitycraft:reinforced_wooden_button, Укреплённая деревянная кнопка
securitycraft:reinforced_lever, Укреплённый рычаг
securitycraft:reinforced_hopper, Укреплённая воронка
securitycraft:projector, Проектор
securitycraft:reinforced_cauldron, Укреплённый котёл
securitycraft:sonic_security_system, Звуковая система безопасности
securitycraft:reinforced_end_rod, Укреплённый стержень энда
securitycraft:reinforced_white_glazed_terracotta, Укреплённая белая глазурованная керамика
securitycraft:reinforced_orange_glazed_terracotta, Укреплённая оранжевая глазурованная керамика
securitycraft:reinforced_magenta_glazed_terracotta, Укреплённая пурпурная глазурованная керамика
securitycraft:reinforced_light_blue_glazed_terracotta, Укреплённая голубая глазурованная керамика
securitycraft:reinforced_yellow_glazed_terracotta, Укреплённая жёлтая глазурованная керамика
securitycraft:reinforced_lime_glazed_terracotta, Укреплённая лаймовая глазурованная керамика
securitycraft:reinforced_pink_glazed_terracotta, Укреплённая розовая глазурованная керамика
securitycraft:reinforced_gray_glazed_terracotta, Укреплённая серая глазурованная керамика
securitycraft:reinforced_silver_glazed_terracotta, Укреплённая светло-серая глазурованная керамика
securitycraft:reinforced_cyan_glazed_terracotta, Укреплённая бирюзовая глазурованная керамика
securitycraft:reinforced_purple_glazed_terracotta, Укреплённая фиолетовая глазурованная керамика
securitycraft:reinforced_blue_glazed_terracotta, Укреплённая синяя глазурованная керамика
securitycraft:reinforced_brown_glazed_terracotta, Укреплённая коричневая глазурованная керамика
securitycraft:reinforced_green_glazed_terracotta, Укреплённая зелёная глазурованная керамика
securitycraft:reinforced_red_glazed_terracotta, Укреплённая красная глазурованная керамика
securitycraft:reinforced_black_glazed_terracotta, Укреплённая чёрная глазурованная керамика
securitycraft:rift_stabilizer, Стабилизатор разлома
securitycraft:display_case, Витрина
securitycraft:keypad_trapdoor, Люк с наборной панелью
securitycraft:reinforced_ladder, Укреплённая лестница
securitycraft:floor_trap, Напольная ловушка
securitycraft:scanner_trapdoor, Люк со сканером
securitycraft:reinforced_dispenser, Укреплённый раздатчик
securitycraft:reinforced_dropper, Укреплённый выбрасыватель
securitycraft:reinforced_oak_fence, Укреплённый дубовый забор
securitycraft:reinforced_nether_brick_fence, Укреплённый незеритовый забор
securitycraft:reinforced_spruce_fence, Укреплённый еловый забор
securitycraft:reinforced_birch_fence, Укреплённый берёзовый забор
securitycraft:reinforced_jungle_fence, Укреплённый забор из тропического дерева
securitycraft:reinforced_dark_oak_fence, Укреплённый забор из тёмного дуба
securitycraft:reinforced_acacia_fence, Укреплённый акациевый забор
securitycraft:reinforced_oak_fence_gate, Укреплённая дубовая калитка
securitycraft:reinforced_spruce_fence_gate, Укреплённая еловая калитка
securitycraft:reinforced_birch_fence_gate, Укреплённая берёзовая калитка
securitycraft:reinforced_jungle_fence_gate, Укреплённая калитка из тропического дерева
securitycraft:reinforced_dark_oak_fence_gate, Укреплённая калитка из тёмного дуба
securitycraft:reinforced_acacia_fence_gate, Укреплённая акациевая калитка
securitycraft:secure_redstone_interface, Безопасный интерфейс редстоуна
securitycraft:reinforced_magma_block, Укреплённая магма
securitycraft:reinforced_soul_sand, Укреплённый песок душ
securitycraft:stone_mine, Каменная мина
securitycraft:dirt_mine, Земляная мина
securitycraft:cobblestone_mine, Булыжная мина
securitycraft:sand_mine, Песчаная мина
securitycraft:gravel_mine, Гравийная мина
securitycraft:netherrack_mine, Незеритовая мина
securitycraft:end_stone_mine, Эндерняковая мина
securitycraft:gold_mine, Золотая мина
securitycraft:iron_mine, Железная мина
securitycraft:coal_mine, Угольная мина
securitycraft:lapis_mine, Лазуритовая мина
securitycraft:diamond_mine, Алмазная мина
securitycraft:redstone_mine, Редстоуновая мина
securitycraft:emerald_mine, Изумрудная мина
securitycraft:quartz_mine, Кварцевая мина
securitycraft:furnace_mine, Печковая мина
securitycraft:codebreaker, Взломщик кодов
securitycraft:door_indestructible_iron_item, Укреплённая дверь
securitycraft:scanner_door_item, Дверь со сканером
securitycraft:universal_block_remover, Универсальный удалитель блоков
securitycraft:keycard_lv1, Ключ-карта уровня 1
securitycraft:keycard_lv2, Ключ-карта уровня 2
securitycraft:keycard_lv3, Ключ-карта уровня 3
securitycraft:keycard_lv4, Ключ-карта уровня 4
securitycraft:keycard_lv5, Ключ-карта уровня 5
securitycraft:limited_use_keycard, Ограниченно используемая ключ-карта
securitycraft:remote_access_mine, Инструмент удалённого доступа к минам
securitycraft:remote_access_sentry, Инструмент удалённого доступа к турелям
securitycraft:incognito_mask, Маска инкогнито
securitycraft:bucket_f_water, Фальшивое ведро воды
securitycraft:bucket_f_lava, Фальшивое ведро лавы
securitycraft:universal_block_modifier, Универсальный модификатор блоков
securitycraft:redstone_module, Модуль редстоуна
securitycraft:whitelist_module, Модуль списка разрешений
securitycraft:blacklist_module, Модуль списка запретов
securitycraft:harming_module, Модуль нанесения урона
securitycraft:smart_module, Умный модуль
securitycraft:storage_module, Модуль хранения
securitycraft:disguise_module, Модуль маскировки
securitycraft:speed_module, Модуль скорости
securitycraft:wire_cutters, Кусачки для проводов
securitycraft:admin_tool, Инструмент администратора
securitycraft:keypad_item, Клавишная панель
securitycraft:camera_monitor, Монитор камеры
securitycraft:taser, Тазер
securitycraft:sc_manual, Руководство по SecurityCraft
securitycraft:universal_owner_changer, Универсальный изменитель владельца
securitycraft:universal_block_reinforcer_lvl1, Универсальный укрепитель блоков (Ур.1)
securitycraft:universal_block_reinforcer_lvl2, Универсальный укрепитель блоков (Ур.2)
securitycraft:universal_block_reinforcer_lvl3, Универсальный укрепитель блоков (Ур.3)
securitycraft:briefcase, Чемодан
securitycraft:universal_key_changer, Универсальный изменитель ключей
securitycraft:taser_powered, Тазер
securitycraft:secret_sign_item, Секретная табличка
securitycraft:sentry, Турель
securitycraft:crystal_quartz_item, Кристаллический кварц
securitycraft:keypad_door_item, Дверь с наборной панелью
securitycraft:portable_tune_player, Портативный плеер мелодий
securitycraft:keycard_holder, Держатель ключ-карт
securitycraft:lens, Линза
securitycraft:keycard_lock, Замок ключ-карты
securitycraft:block_change_detector, Детектор изменений блока
appliedenergistics2:quartz_ore, Руда истинного кварца
appliedenergistics2:charged_quartz_ore, Заряженная руда истинного кварца
appliedenergistics2:matrix_frame, Каркас матрицы
appliedenergistics2:quartz_block, Блок истинного кварца
appliedenergistics2:quartz_pillar, Колонна истинного кварца
appliedenergistics2:chiseled_quartz_block, Резной блок истинного кварца
appliedenergistics2:quartz_glass, Кварцевое стекло
appliedenergistics2:quartz_vibrant_glass, Энергичное кварцевое стекло
appliedenergistics2:quartz_fixture, Светильник из заряженного кварца
appliedenergistics2:fluix_block, Изменчивый блок
appliedenergistics2:sky_stone_block, Небесный камень
appliedenergistics2:smooth_sky_stone_block, Блок небесного камня
appliedenergistics2:sky_stone_brick, Кирпич небесного камня
appliedenergistics2:sky_stone_small_brick, Малый кирпич небесного камня
appliedenergistics2:sky_stone_chest, Сундук из небесного камня
appliedenergistics2:smooth_sky_stone_chest, Сундук из блока небесного камня
appliedenergistics2:sky_compass, Метеоритный компас
appliedenergistics2:grindstone, Кварцевый дробитель
appliedenergistics2:crank, Деревянная рукоятка
appliedenergistics2:inscriber, Высекатель
appliedenergistics2:wireless_access_point, МЭ беспроводная точка доступа
appliedenergistics2:charger, Зарядник
appliedenergistics2:tiny_tnt, Маленький динамит
appliedenergistics2:security_station, МЭ терминал безопасности
appliedenergistics2:quantum_ring, МЭ квантовое кольцо
appliedenergistics2:quantum_link, МЭ камера квантовой связи
appliedenergistics2:spatial_pylon, Пространственный пилон
appliedenergistics2:spatial_io_port, Пространственный порт ввода\вывода
appliedenergistics2:controller, МЭ контроллер
appliedenergistics2:drive, МЭ накопитель
appliedenergistics2:chest, МЭ сундук
appliedenergistics2:interface, МЭ интерфейс
appliedenergistics2:fluid_interface, ME Fluid Interface
appliedenergistics2:cell_workbench, Верстак для ячеек
appliedenergistics2:io_port, МЭ порт ввода\вывода
appliedenergistics2:condenser, Конденсатор материи
appliedenergistics2:energy_acceptor, Приёмщик энергии
appliedenergistics2:vibration_chamber, Вибрационная камера
appliedenergistics2:quartz_growth_accelerator, Ускоритель роста кристаллов
appliedenergistics2:energy_cell, Энергетическая ячейка
appliedenergistics2:dense_energy_cell, Плотная энергетическая ячейка
appliedenergistics2:creative_energy_cell, Творческая энергетическая ячейка
appliedenergistics2:crafting_unit, Блок крафта
appliedenergistics2:crafting_accelerator, Блок обработки крафта
appliedenergistics2:crafting_storage_1k, 1К хранилище крафта
appliedenergistics2:crafting_storage_4k, 4К хранилище крафта
appliedenergistics2:crafting_storage_16k, 16К хранилище крафта
appliedenergistics2:crafting_storage_64k, 64К хранилище крафта
appliedenergistics2:crafting_monitor, Монитор крафта
appliedenergistics2:molecular_assembler, Молекулярный сборщик
appliedenergistics2:light_detector, Светильник обнаружения света
appliedenergistics2:paint, tile.appliedenergistics2.paint.name
appliedenergistics2:sky_stone_stairs, Ступеньки из небесного камня
appliedenergistics2:smooth_sky_stone_stairs, Ступеньки из блока небесного камня
appliedenergistics2:sky_stone_brick_stairs, Ступеньки из кирпича небесного камня
appliedenergistics2:sky_stone_small_brick_stairs, Ступеньки из малого кирпича небесного камня
appliedenergistics2:fluix_stairs, Изменчивые ступеньки
appliedenergistics2:quartz_stairs, Ступеньки из истинного кварца
appliedenergistics2:chiseled_quartz_stairs, Ступеньки из резного истинного кварца
appliedenergistics2:quartz_pillar_stairs, Ступеньки из колонны истинного кварца
appliedenergistics2:cable_bus, AE2 кабель и/или шина
appliedenergistics2:sky_stone_slab:0, Плита из небесного камня
appliedenergistics2:smooth_sky_stone_slab:0, Плита из блока небесного камня
appliedenergistics2:sky_stone_brick_slab:0, Плита из кирпича небесного камня
appliedenergistics2:sky_stone_small_brick_slab:0, Плита из малого кирпича небесного камня
appliedenergistics2:fluix_slab:0, Изменчивая плита
appliedenergistics2:quartz_slab:0, Плита из истинного кварца
appliedenergistics2:chiseled_quartz_slab:0, Плита из резного истинного кварца
appliedenergistics2:quartz_pillar_slab:0, Плита из колонны истинного кварца
appliedenergistics2:certus_quartz_axe, Топор из истинного кварца
appliedenergistics2:certus_quartz_hoe, Мотыга из истинного кварца
appliedenergistics2:certus_quartz_spade, Лопата из истинного кварца
appliedenergistics2:certus_quartz_pickaxe, Кирка из истинного кварца
appliedenergistics2:certus_quartz_sword, Меч из истинного кварца
appliedenergistics2:certus_quartz_wrench, Гаечный ключ из истинного кварца
appliedenergistics2:certus_quartz_cutting_knife, Нож из истинного кварца
appliedenergistics2:nether_quartz_axe, Топор из незер-кварца
appliedenergistics2:nether_quartz_hoe, Мотыга из незер-кварца
appliedenergistics2:nether_quartz_spade, Лопата из незер-кварца
appliedenergistics2:nether_quartz_pickaxe, Кирка из незер-кварца
appliedenergistics2:nether_quartz_sword, Меч из незер-кварца
appliedenergistics2:nether_quartz_wrench, Гаечный ключ из незер-кварца
appliedenergistics2:nether_quartz_cutting_knife, Нож из незер-кварца
appliedenergistics2:entropy_manipulator, Манипулятор энтропией
appliedenergistics2:wireless_terminal, Беспроводной терминал
appliedenergistics2:charged_staff, Заряженный посох
appliedenergistics2:matter_cannon, Материальная пушка
appliedenergistics2:portable_cell, Переносная ячейка
appliedenergistics2:color_applicator, Аппликатор цвета
appliedenergistics2:biometric_card, Биометрическая карта
appliedenergistics2:memory_card, Карта памяти
appliedenergistics2:network_tool, Сетевой инструмент
appliedenergistics2:creative_storage_cell, Творческая МЭ ячейка хранения
appliedenergistics2:view_cell, Ячейка представления
appliedenergistics2:storage_cell_1k, 1К МЭ ячейка хранения
appliedenergistics2:storage_cell_4k, 4К МЭ ячейка хранения
appliedenergistics2:storage_cell_16k, 16К МЭ ячейка хранения
appliedenergistics2:storage_cell_64k, 64К МЭ ячейка хранения
appliedenergistics2:fluid_storage_cell_1k, 1k ME Fluid Storage Cell
appliedenergistics2:fluid_storage_cell_4k, 4k ME Fluid Storage Cell
appliedenergistics2:fluid_storage_cell_16k, 16k ME Fluid Storage Cell
appliedenergistics2:fluid_storage_cell_64k, 64k ME Fluid Storage Cell
appliedenergistics2:spatial_storage_cell_2_cubed, 2³ пространственная ячейка хранения
appliedenergistics2:spatial_storage_cell_16_cubed, 16³ пространственная ячейка хранения
appliedenergistics2:spatial_storage_cell_128_cubed, 128³ пространственная ячейка хранения
appliedenergistics2:facade:0, Кабельный фасад - Камень
appliedenergistics2:facade:0, Кабельный фасад - Гранит
appliedenergistics2:facade:0, Кабельный фасад - Полированный гранит
appliedenergistics2:facade:0, Кабельный фасад - Диорит
appliedenergistics2:facade:0, Кабельный фасад - Полированный диорит
appliedenergistics2:facade:0, Кабельный фасад - Андезит
appliedenergistics2:facade:0, Кабельный фасад - Полированный андезит
appliedenergistics2:facade:0, Кабельный фасад - Дёрн
appliedenergistics2:facade:0, Кабельный фасад - Земля
appliedenergistics2:facade:0, Кабельный фасад - Каменистая земля
appliedenergistics2:facade:0, Кабельный фасад - Подзол
appliedenergistics2:facade:0, Кабельный фасад - Булыжник
appliedenergistics2:facade:0, Кабельный фасад - Дубовые доски
appliedenergistics2:facade:0, Кабельный фасад - Еловые доски
appliedenergistics2:facade:0, Кабельный фасад - Берёзовые доски
appliedenergistics2:facade:0, Кабельный фасад - Доски из тропического дерева
appliedenergistics2:facade:0, Кабельный фасад - Акациевые доски
appliedenergistics2:facade:0, Кабельный фасад - Доски из тёмного дуба
appliedenergistics2:facade:0, Кабельный фасад - Бедрок
appliedenergistics2:facade:0, Кабельный фасад - Песок
appliedenergistics2:facade:0, Кабельный фасад - Красный песок
appliedenergistics2:facade:0, Кабельный фасад - Гравий
appliedenergistics2:facade:0, Кабельный фасад - Золотая руда
appliedenergistics2:facade:0, Кабельный фасад - Железная руда
appliedenergistics2:facade:0, Кабельный фасад - Каменный уголь
appliedenergistics2:facade:0, Кабельный фасад - Дуб
appliedenergistics2:facade:0, Кабельный фасад - Ель
appliedenergistics2:facade:0, Кабельный фасад - Берёза
appliedenergistics2:facade:0, Кабельный фасад - Тропическое дерево
appliedenergistics2:facade:0, Кабельный фасад - Дубовые листья
appliedenergistics2:facade:0, Кабельный фасад - Хвоя
appliedenergistics2:facade:0, Кабельный фасад - Берёзовые листья
appliedenergistics2:facade:0, Кабельный фасад - Листья тропического дерева
appliedenergistics2:facade:0, Кабельный фасад - Губка
appliedenergistics2:facade:0, Кабельный фасад - Мокрая губка
appliedenergistics2:facade:0, Кабельный фасад - Стекло
appliedenergistics2:facade:0, Кабельный фасад - Лазуритовая руда
appliedenergistics2:facade:0, Кабельный фасад - Лазуритовый блок
appliedenergistics2:facade:0, Кабельный фасад - Песчаник
appliedenergistics2:facade:0, Кабельный фасад - Резной песчаник
appliedenergistics2:facade:0, Кабельный фасад - Гладкий песчаник
appliedenergistics2:facade:0, Кабельный фасад - Белая шерсть
appliedenergistics2:facade:0, Кабельный фасад - Оранжевая шерсть
appliedenergistics2:facade:0, Кабельный фасад - Пурпурная шерсть
appliedenergistics2:facade:0, Кабельный фасад - Голубая шерсть
appliedenergistics2:facade:0, Кабельный фасад - Жёлтая шерсть
appliedenergistics2:facade:0, Кабельный фасад - Лаймовая шерсть
appliedenergistics2:facade:0, Кабельный фасад - Розовая шерсть
appliedenergistics2:facade:0, Кабельный фасад - Серая шерсть
appliedenergistics2:facade:0, Кабельный фасад - Светло-серая шерсть
appliedenergistics2:facade:0, Кабельный фасад - Бирюзовая шерсть
appliedenergistics2:facade:0, Кабельный фасад - Фиолетовая шерсть
appliedenergistics2:facade:0, Кабельный фасад - Синяя шерсть
appliedenergistics2:facade:0, Кабельный фасад - Коричневая шерсть
appliedenergistics2:facade:0, Кабельный фасад - Зелёная шерсть
appliedenergistics2:facade:0, Кабельный фасад - Красная шерсть
appliedenergistics2:facade:0, Кабельный фасад - Чёрная шерсть
appliedenergistics2:facade:0, Кабельный фасад - Золотой блок
appliedenergistics2:facade:0, Кабельный фасад - Железный блок
appliedenergistics2:facade:0, Кабельный фасад - Кирпичи
appliedenergistics2:facade:0, Кабельный фасад - Динамит
appliedenergistics2:facade:0, Кабельный фасад - Книжная полка из дуба
appliedenergistics2:facade:0, Кабельный фасад - Замшелый булыжник
appliedenergistics2:facade:0, Кабельный фасад - Обсидиан
appliedenergistics2:facade:0, Кабельный фасад - Алмазная руда
appliedenergistics2:facade:0, Кабельный фасад - Алмазный блок
appliedenergistics2:facade:0, Кабельный фасад - Верстак
appliedenergistics2:facade:0, Кабельный фасад - Редстоуновая руда
appliedenergistics2:facade:0, Кабельный фасад - Лёд
appliedenergistics2:facade:0, Кабельный фасад - Снег
appliedenergistics2:facade:0, Кабельный фасад - Глина
appliedenergistics2:facade:0, Кабельный фасад - Тыква
appliedenergistics2:facade:0, Кабельный фасад - Незерит
appliedenergistics2:facade:0, Кабельный фасад - Песок душ
appliedenergistics2:facade:0, Кабельный фасад - Светокамень
appliedenergistics2:facade:0, Кабельный фасад - Светильник Джека
appliedenergistics2:facade:0, Кабельный фасад - Белое стекло
appliedenergistics2:facade:0, Кабельный фасад - Оранжевое стекло
appliedenergistics2:facade:0, Кабельный фасад - Пурпурное стекло
appliedenergistics2:facade:0, Кабельный фасад - Голубое стекло
appliedenergistics2:facade:0, Кабельный фасад - Жёлтое стекло
appliedenergistics2:facade:0, Кабельный фасад - Лаймовое стекло
appliedenergistics2:facade:0, Кабельный фасад - Розовое стекло
appliedenergistics2:facade:0, Кабельный фасад - Серое стекло
appliedenergistics2:facade:0, Кабельный фасад - Светло-серое стекло
appliedenergistics2:facade:0, Кабельный фасад - Бирюзовое стекло
appliedenergistics2:facade:0, Кабельный фасад - Фиолетовое стекло
appliedenergistics2:facade:0, Кабельный фасад - Синее стекло
appliedenergistics2:facade:0, Кабельный фасад - Коричневое стекло
appliedenergistics2:facade:0, Кабельный фасад - Зелёное стекло
appliedenergistics2:facade:0, Кабельный фасад - Красное стекло
appliedenergistics2:facade:0, Кабельный фасад - Чёрное стекло
appliedenergistics2:facade:0, Кабельный фасад - Камень с монстрами
appliedenergistics2:facade:0, Кабельный фасад - Булыжник с монстрами
appliedenergistics2:facade:0, Кабельный фасад - Каменный кирпич с монстрами
appliedenergistics2:facade:0, Кабельный фасад - Замшелый каменный кирпич с монстрами
appliedenergistics2:facade:0, Кабельный фасад - Потрескавшийся каменный кирпич с монстрами
appliedenergistics2:facade:0, Кабельный фасад - Резной каменный кирпич с монстрами
appliedenergistics2:facade:0, Кабельный фасад - Каменные кирпичи
appliedenergistics2:facade:0, Кабельный фасад - Замшелые каменные кирпичи
appliedenergistics2:facade:0, Кабельный фасад - Потрескавшиеся каменные кирпичи
appliedenergistics2:facade:0, Кабельный фасад - Резные каменные кирпичи
appliedenergistics2:facade:0, Кабельный фасад - Гриб
appliedenergistics2:facade:0, Кабельный фасад - Гриб
appliedenergistics2:facade:0, Кабельный фасад - Арбуз
appliedenergistics2:facade:0, Кабельный фасад - Мицелий
appliedenergistics2:facade:0, Кабельный фасад - Незеритовые кирпичи
appliedenergistics2:facade:0, Кабельный фасад - Эндерняк
appliedenergistics2:facade:0, Кабельный фасад - Редстоуновый фонарь
appliedenergistics2:facade:0, Кабельный фасад - Изумрудная руда
appliedenergistics2:facade:0, Кабельный фасад - Изумрудный блок
appliedenergistics2:facade:0, Кабельный фасад - Редстоуновый блок
appliedenergistics2:facade:0, Кабельный фасад - Незер-кварцевая руда
appliedenergistics2:facade:0, Кабельный фасад - Кварцевый блок
appliedenergistics2:facade:0, Кабельный фасад - Резной кварцевый блок
appliedenergistics2:facade:0, Кабельный фасад - Кварцевая колонна
appliedenergistics2:facade:0, Кабельный фасад - Белая керамика
appliedenergistics2:facade:0, Кабельный фасад - Оранжевая керамика
appliedenergistics2:facade:0, Кабельный фасад - Пурпурная керамика
appliedenergistics2:facade:0, Кабельный фасад - Голубая керамика
appliedenergistics2:facade:0, Кабельный фасад - Жёлтая керамика
appliedenergistics2:facade:0, Кабельный фасад - Лаймовая керамика
appliedenergistics2:facade:0, Кабельный фасад - Розовая керамика
appliedenergistics2:facade:0, Кабельный фасад - Серая керамика
appliedenergistics2:facade:0, Кабельный фасад - Светло-серая керамика
appliedenergistics2:facade:0, Кабельный фасад - Бирюзовая керамика
appliedenergistics2:facade:0, Кабельный фасад - Фиолетовая керамика
appliedenergistics2:facade:0, Кабельный фасад - Синяя керамика
appliedenergistics2:facade:0, Кабельный фасад - Коричневая керамика
appliedenergistics2:facade:0, Кабельный фасад - Зелёная керамика
appliedenergistics2:facade:0, Кабельный фасад - Красная керамика
appliedenergistics2:facade:0, Кабельный фасад - Чёрная керамика
appliedenergistics2:facade:0, Кабельный фасад - Листья акации
appliedenergistics2:facade:0, Кабельный фасад - Листья тёмного дуба
appliedenergistics2:facade:0, Кабельный фасад - Акация
appliedenergistics2:facade:0, Кабельный фасад - Тёмный дуб
appliedenergistics2:facade:0, Кабельный фасад - Green Slime Block
appliedenergistics2:facade:0, Кабельный фасад - Призмарин
appliedenergistics2:facade:0, Кабельный фасад - Призмариновые кирпичи
appliedenergistics2:facade:0, Кабельный фасад - Тёмный призмарин
appliedenergistics2:facade:0, Кабельный фасад - Морской фонарь
appliedenergistics2:facade:0, Кабельный фасад - Сноп сена
appliedenergistics2:facade:0, Кабельный фасад - Терракота
appliedenergistics2:facade:0, Кабельный фасад - Угольный блок
appliedenergistics2:facade:0, Кабельный фасад - Плотный лёд
appliedenergistics2:facade:0, Кабельный фасад - Красный песчаник
appliedenergistics2:facade:0, Кабельный фасад - Резной красный песчаник
appliedenergistics2:facade:0, Кабельный фасад - Гладкий красный песчаник
appliedenergistics2:facade:0, Кабельный фасад - Пурпур
appliedenergistics2:facade:0, Кабельный фасад - Пурпуровый пилон
appliedenergistics2:facade:0, Кабельный фасад - Эндерняковые кирпичи
appliedenergistics2:facade:0, Кабельный фасад - Магма
appliedenergistics2:facade:0, Кабельный фасад - Блок нароста из Незера
appliedenergistics2:facade:0, Кабельный фасад - Красный незеритовый кирпич
appliedenergistics2:facade:0, Кабельный фасад - Костный блок
appliedenergistics2:facade:0, Кабельный фасад - Наблюдатель
appliedenergistics2:facade:0, Кабельный фасад - Белая глазурованная керамика
appliedenergistics2:facade:0, Кабельный фасад - Оранжевая глазурованная керамика
appliedenergistics2:facade:0, Кабельный фасад - Пурпурная глазурованная керамика
appliedenergistics2:facade:0, Кабельный фасад - Голубая глазурованная керамика
appliedenergistics2:facade:0, Кабельный фасад - Жёлтая глазурованная керамика
appliedenergistics2:facade:0, Кабельный фасад - Лаймовая глазурованная керамика
appliedenergistics2:facade:0, Кабельный фасад - Розовая глазурованная керамика
appliedenergistics2:facade:0, Кабельный фасад - Серая глазурованная керамика
appliedenergistics2:facade:0, Кабельный фасад - Светло-серая глазурованная керамика
appliedenergistics2:facade:0, Кабельный фасад - Бирюзовая глазурованная керамика
appliedenergistics2:facade:0, Кабельный фасад - Фиолетовая глазурованная керамика
appliedenergistics2:facade:0, Кабельный фасад - Синяя глазурованная керамика
appliedenergistics2:facade:0, Кабельный фасад - Коричневая глазурованная керамика
appliedenergistics2:facade:0, Кабельный фасад - Зелёная глазурованная керамика
appliedenergistics2:facade:0, Кабельный фасад - Красная глазурованная керамика
appliedenergistics2:facade:0, Кабельный фасад - Чёрная глазурованная керамика
appliedenergistics2:facade:0, Кабельный фасад - Белый бетон
appliedenergistics2:facade:0, Кабельный фасад - Оранжевый бетон
appliedenergistics2:facade:0, Кабельный фасад - Пурпурный бетон
appliedenergistics2:facade:0, Кабельный фасад - Голубой бетон
appliedenergistics2:facade:0, Кабельный фасад - Жёлтый бетон
appliedenergistics2:facade:0, Кабельный фасад - Лаймовый бетон
appliedenergistics2:facade:0, Кабельный фасад - Розовый бетон
appliedenergistics2:facade:0, Кабельный фасад - Серый бетон
appliedenergistics2:facade:0, Кабельный фасад - Светло-серый бетон
appliedenergistics2:facade:0, Кабельный фасад - Бирюзовый бетон
appliedenergistics2:facade:0, Кабельный фасад - Фиолетовый бетон
appliedenergistics2:facade:0, Кабельный фасад - Синий бетон
appliedenergistics2:facade:0, Кабельный фасад - Коричневый бетон
appliedenergistics2:facade:0, Кабельный фасад - Зелёный бетон
appliedenergistics2:facade:0, Кабельный фасад - Красный бетон
appliedenergistics2:facade:0, Кабельный фасад - Чёрный бетон
appliedenergistics2:facade:0, Кабельный фасад - Белый цемент
appliedenergistics2:facade:0, Кабельный фасад - Оранжевый цемент
appliedenergistics2:facade:0, Кабельный фасад - Пурпурный цемент
appliedenergistics2:facade:0, Кабельный фасад - Голубой цемент
appliedenergistics2:facade:0, Кабельный фасад - Жёлтый цемент
appliedenergistics2:facade:0, Кабельный фасад - Лаймовый цемент
appliedenergistics2:facade:0, Кабельный фасад - Розовый цемент
appliedenergistics2:facade:0, Кабельный фасад - Серый цемент
appliedenergistics2:facade:0, Кабельный фасад - Светло-серый цемент
appliedenergistics2:facade:0, Кабельный фасад - Бирюзовый цемент
appliedenergistics2:facade:0, Кабельный фасад - Фиолетовый цемент
appliedenergistics2:facade:0, Кабельный фасад - Синий цемент
appliedenergistics2:facade:0, Кабельный фасад - Коричневый цемент
appliedenergistics2:facade:0, Кабельный фасад - Зелёный цемент
appliedenergistics2:facade:0, Кабельный фасад - Красный цемент
appliedenergistics2:facade:0, Кабельный фасад - Чёрный цемент
appliedenergistics2:facade:0, Кабельный фасад - Базальт
appliedenergistics2:facade:0, Кабельный фасад - Медная руда
appliedenergistics2:facade:0, Кабельный фасад - Свинцовая руда
appliedenergistics2:facade:0, Кабельный фасад - Оловянная руда
appliedenergistics2:facade:0, Кабельный фасад - Урановая руда
appliedenergistics2:facade:0, Кабельный фасад - Бронзовый блок
appliedenergistics2:facade:0, Кабельный фасад - Медный блок
appliedenergistics2:facade:0, Кабельный фасад - Свинцовый блок
appliedenergistics2:facade:0, Кабельный фасад - Стальной блок
appliedenergistics2:facade:0, Кабельный фасад - Оловянный блок
appliedenergistics2:facade:0, Кабельный фасад - Урановый блок
appliedenergistics2:facade:0, Кабельный фасад - Укреплённый камень
appliedenergistics2:facade:0, Кабельный фасад - Базовый корпус машины
appliedenergistics2:facade:0, Кабельный фасад - Улучшенный корпус машины
appliedenergistics2:facade:0, Кабельный фасад - Реакторный корпус
appliedenergistics2:facade:0, Кабельный фасад - Серебряный блок
appliedenergistics2:facade:0, Кабельный фасад - Листва гевеи
appliedenergistics2:facade:0, Кабельный фасад - Древесина гевеи
appliedenergistics2:facade:0, Кабельный фасад - Леса
appliedenergistics2:facade:0, Кабельный фасад - Укреплённые леса
appliedenergistics2:facade:0, Кабельный фасад - Железные леса
appliedenergistics2:facade:0, Кабельный фасад - Укреплённые железные леса
appliedenergistics2:facade:0, Кабельный фасад - Строительная пена
appliedenergistics2:facade:0, Кабельный фасад - Укреплённая строительная пена
appliedenergistics2:facade:0, Кабельный фасад - Чёрный пенобетон
appliedenergistics2:facade:0, Кабельный фасад - Синий пенобетон
appliedenergistics2:facade:0, Кабельный фасад - Коричневый пенобетон
appliedenergistics2:facade:0, Кабельный фасад - Бирюзовый пенобетон
appliedenergistics2:facade:0, Кабельный фасад - Серый пенобетон
appliedenergistics2:facade:0, Кабельный фасад - Зелёный пенобетон
appliedenergistics2:facade:0, Кабельный фасад - Голубой пенобетон
appliedenergistics2:facade:0, Кабельный фасад - Светло-серый пенобетон
appliedenergistics2:facade:0, Кабельный фасад - Лаймовый пенобетон
appliedenergistics2:facade:0, Кабельный фасад - Сиреневый пенобетон
appliedenergistics2:facade:0, Кабельный фасад - Оранжевый пенобетон
appliedenergistics2:facade:0, Кабельный фасад - Розовый пенобетон
appliedenergistics2:facade:0, Кабельный фасад - Фиолетовый пенобетон
appliedenergistics2:facade:0, Кабельный фасад - Красный пенобетон
appliedenergistics2:facade:0, Кабельный фасад - Белый пенобетон
appliedenergistics2:facade:0, Кабельный фасад - Жёлтый пенобетон
appliedenergistics2:facade:0, Кабельный фасад - Огнеупорные кирпичи
appliedenergistics2:facade:0, Кабельный фасад - Magical Planks
appliedenergistics2:facade:0, Кабельный фасад - Magical Wood
appliedenergistics2:facade:0, Кабельный фасад - Diagonal Wood
appliedenergistics2:facade:0, Кабельный фасад - Angel Block
appliedenergistics2:facade:0, Кабельный фасад - Cursed Earth
appliedenergistics2:facade:0, Кабельный фасад - Redstone Clock
appliedenergistics2:facade:0, Кабельный фасад - Compressed Cobblestone
appliedenergistics2:facade:0, Кабельный фасад - Double Compressed Cobblestone
appliedenergistics2:facade:0, Кабельный фасад - Triple Compressed Cobblestone
appliedenergistics2:facade:0, Кабельный фасад - Quadruple Compressed Cobblestone
appliedenergistics2:facade:0, Кабельный фасад - Quintuple Compressed Cobblestone
appliedenergistics2:facade:0, Кабельный фасад - Sextuple Compressed Cobblestone
appliedenergistics2:facade:0, Кабельный фасад - Septuple Compressed Cobblestone
appliedenergistics2:facade:0, Кабельный фасад - Octuple Compressed Cobblestone
appliedenergistics2:facade:0, Кабельный фасад - Compressed Dirt
appliedenergistics2:facade:0, Кабельный фасад - Double Compressed Dirt
appliedenergistics2:facade:0, Кабельный фасад - Triple Compressed Dirt
appliedenergistics2:facade:0, Кабельный фасад - Quadruple Compressed Dirt
appliedenergistics2:facade:0, Кабельный фасад - Compressed Sand
appliedenergistics2:facade:0, Кабельный фасад - Double Compressed Sand
appliedenergistics2:facade:0, Кабельный фасад - Compressed Gravel
appliedenergistics2:facade:0, Кабельный фасад - Double Compressed Gravel
appliedenergistics2:facade:0, Кабельный фасад - Compressed Netherrack
appliedenergistics2:facade:0, Кабельный фасад - Double Compressed Netherrack
appliedenergistics2:facade:0, Кабельный фасад - Triple Compressed Netherrack
appliedenergistics2:facade:0, Кабельный фасад - Quadruple Compressed Netherrack
appliedenergistics2:facade:0, Кабельный фасад - Quintuple Compressed Netherrack
appliedenergistics2:facade:0, Кабельный фасад - Sextuple Compressed Netherrack
appliedenergistics2:facade:0, Кабельный фасад - Border Stone
appliedenergistics2:facade:0, Кабельный фасад - Crossed Stone
appliedenergistics2:facade:0, Кабельный фасад - Polished Stone
appliedenergistics2:facade:0, Кабельный фасад - Stoneburnt
appliedenergistics2:facade:0, Кабельный фасад - Sandy Glass
appliedenergistics2:facade:0, Кабельный фасад - Truchet
appliedenergistics2:facade:0, Кабельный фасад - Blue Quartz
appliedenergistics2:facade:0, Кабельный фасад - Quartzburnt
appliedenergistics2:facade:0, Кабельный фасад - Rainbow Stone
appliedenergistics2:facade:0, Кабельный фасад - Thickened Glass
appliedenergistics2:facade:0, Кабельный фасад - Thickened Glass (Bordered)
appliedenergistics2:facade:0, Кабельный фасад - Thickened Glass (Patterned)
appliedenergistics2:facade:0, Кабельный фасад - Dark Glass
appliedenergistics2:facade:0, Кабельный фасад - Glowing Glass
appliedenergistics2:facade:0, Кабельный фасад - Redstone Glass
appliedenergistics2:facade:0, Кабельный фасад - Block of Enchanted Metal
appliedenergistics2:facade:0, Кабельный фасад - Block of Demon Metal
appliedenergistics2:facade:0, Кабельный фасад - Block of Evil Infused Iron
appliedenergistics2:facade:0, Кабельный фасад - Bedrock Bricks
appliedenergistics2:facade:0, Кабельный фасад - Bedrock Slabs
appliedenergistics2:facade:0, Кабельный фасад - Bedrock Cobblestone
appliedenergistics2:facade:0, Кабельный фасад - Ferrous-Juniper Log
appliedenergistics2:facade:0, Кабельный фасад - Ferrous-Juniper Log
appliedenergistics2:facade:0, Кабельный фасад - Ferrous-Juniper Planks
appliedenergistics2:facade:0, Кабельный фасад - Raw Ferrous-Juniper Planks
appliedenergistics2:facade:0, Кабельный фасад - Lithium ore
appliedenergistics2:facade:0, Кабельный фасад - Кристаллический кварцевый блок
appliedenergistics2:facade:0, Кабельный фасад - Резной кристаллический кварцевый блок
appliedenergistics2:facade:0, Кабельный фасад - Кристаллическая кварцевая колонна
appliedenergistics2:facade:0, Кабельный фасад - Руда истинного кварца
appliedenergistics2:facade:0, Кабельный фасад - Заряженная руда истинного кварца
appliedenergistics2:facade:0, Кабельный фасад - Блок истинного кварца
appliedenergistics2:facade:0, Кабельный фасад - Колонна истинного кварца
appliedenergistics2:facade:0, Кабельный фасад - Резной блок истинного кварца
appliedenergistics2:facade:0, Кабельный фасад - Кварцевое стекло
appliedenergistics2:facade:0, Кабельный фасад - Энергичное кварцевое стекло
appliedenergistics2:facade:0, Кабельный фасад - Изменчивый блок
appliedenergistics2:facade:0, Кабельный фасад - Небесный камень
appliedenergistics2:facade:0, Кабельный фасад - Блок небесного камня
appliedenergistics2:facade:0, Кабельный фасад - Кирпич небесного камня
appliedenergistics2:facade:0, Кабельный фасад - Малый кирпич небесного камня
appliedenergistics2:facade:0, Кабельный фасад - Осмиевый блок
appliedenergistics2:facade:0, Кабельный фасад - Бронзовый блок
appliedenergistics2:facade:0, Кабельный фасад - Очищенный обсидиан
appliedenergistics2:facade:0, Кабельный фасад - Древесноугольный блок
appliedenergistics2:facade:0, Кабельный фасад - Очищенный светокамень
appliedenergistics2:facade:0, Кабельный фасад - Стальной блок
appliedenergistics2:facade:0, Кабельный фасад - Каркас телепорта
appliedenergistics2:facade:0, Кабельный фасад - Стальной корпус
appliedenergistics2:facade:0, Кабельный фасад - Динамический резервуар
appliedenergistics2:facade:0, Кабельный фасад - Структурное стекло
appliedenergistics2:facade:0, Кабельный фасад - Динамический вентиль
appliedenergistics2:facade:0, Кабельный фасад - Медный блок
appliedenergistics2:facade:0, Кабельный фасад - Оловянный блок
appliedenergistics2:facade:0, Кабельный фасад - Контроллер теплового испарителя
appliedenergistics2:facade:0, Кабельный фасад - Вентиль теплового испарителя
appliedenergistics2:facade:0, Кабельный фасад - Осмиевая руда
appliedenergistics2:facade:0, Кабельный фасад - Медная руда
appliedenergistics2:facade:0, Кабельный фасад - Оловянная руда
appliedenergistics2:facade:0, Кабельный фасад - Обсидиановый динамит
appliedenergistics2:facade:0, Кабельный фасад - §8Черный Пластиковый блок
appliedenergistics2:facade:0, Кабельный фасад - §cКрасный Пластиковый блок
appliedenergistics2:facade:0, Кабельный фасад - §2Зеленый Пластиковый блок
appliedenergistics2:facade:0, Кабельный фасад - §6Коричневый Пластиковый блок
appliedenergistics2:facade:0, Кабельный фасад - §1Синий Пластиковый блок
appliedenergistics2:facade:0, Кабельный фасад - §5Фиолетовый Пластиковый блок
appliedenergistics2:facade:0, Кабельный фасад - §3Темно-Голубой Пластиковый блок
appliedenergistics2:facade:0, Кабельный фасад - §7Светло-Серый Пластиковый блок
appliedenergistics2:facade:0, Кабельный фасад - §8Серый Пластиковый блок
appliedenergistics2:facade:0, Кабельный фасад - §dРозовый Пластиковый блок
appliedenergistics2:facade:0, Кабельный фасад - §aСветло-Зеленый Пластиковый блок
appliedenergistics2:facade:0, Кабельный фасад - §eЖелтый Пластиковый блок
appliedenergistics2:facade:0, Кабельный фасад - §9Светло-Голубой Пластиковый блок
appliedenergistics2:facade:0, Кабельный фасад - §dПурпурный Пластиковый блок
appliedenergistics2:facade:0, Кабельный фасад - §6Оранжевый Пластиковый блок
appliedenergistics2:facade:0, Кабельный фасад - §fБелый Пластиковый блок
appliedenergistics2:facade:0, Кабельный фасад - §8Черный Гладкий пластиковый блок
appliedenergistics2:facade:0, Кабельный фасад - §cКрасный Гладкий пластиковый блок
appliedenergistics2:facade:0, Кабельный фасад - §2Зеленый Гладкий пластиковый блок
appliedenergistics2:facade:0, Кабельный фасад - §6Коричневый Гладкий пластиковый блок
appliedenergistics2:facade:0, Кабельный фасад - §1Синий Гладкий пластиковый блок
appliedenergistics2:facade:0, Кабельный фасад - §5Фиолетовый Гладкий пластиковый блок
appliedenergistics2:facade:0, Кабельный фасад - §3Темно-Голубой Гладкий пластиковый блок
appliedenergistics2:facade:0, Кабельный фасад - §7Светло-Серый Гладкий пластиковый блок
appliedenergistics2:facade:0, Кабельный фасад - §8Серый Гладкий пластиковый блок
appliedenergistics2:facade:0, Кабельный фасад - §dРозовый Гладкий пластиковый блок
appliedenergistics2:facade:0, Кабельный фасад - §aСветло-Зеленый Гладкий пластиковый блок
appliedenergistics2:facade:0, Кабельный фасад - §eЖелтый Гладкий пластиковый блок
appliedenergistics2:facade:0, Кабельный фасад - §9Светло-Голубой Гладкий пластиковый блок
appliedenergistics2:facade:0, Кабельный фасад - §dПурпурный Гладкий пластиковый блок
appliedenergistics2:facade:0, Кабельный фасад - §6Оранжевый Гладкий пластиковый блок
appliedenergistics2:facade:0, Кабельный фасад - §fБелый Гладкий пластиковый блок
appliedenergistics2:facade:0, Кабельный фасад - §8Черный Пластиковый светящийся блок
appliedenergistics2:facade:0, Кабельный фасад - §cКрасный Пластиковый светящийся блок
appliedenergistics2:facade:0, Кабельный фасад - §2Зеленый Пластиковый светящийся блок
appliedenergistics2:facade:0, Кабельный фасад - §6Коричневый Пластиковый светящийся блок
appliedenergistics2:facade:0, Кабельный фасад - §1Синий Пластиковый светящийся блок
appliedenergistics2:facade:0, Кабельный фасад - §5Фиолетовый Пластиковый светящийся блок
appliedenergistics2:facade:0, Кабельный фасад - §3Темно-Голубой Пластиковый светящийся блок
appliedenergistics2:facade:0, Кабельный фасад - §7Светло-Серый Пластиковый светящийся блок
appliedenergistics2:facade:0, Кабельный фасад - §8Серый Пластиковый светящийся блок
appliedenergistics2:facade:0, Кабельный фасад - §dРозовый Пластиковый светящийся блок
appliedenergistics2:facade:0, Кабельный фасад - §aСветло-Зеленый Пластиковый светящийся блок
appliedenergistics2:facade:0, Кабельный фасад - §eЖелтый Пластиковый светящийся блок
appliedenergistics2:facade:0, Кабельный фасад - §9Светло-Голубой Пластиковый светящийся блок
appliedenergistics2:facade:0, Кабельный фасад - §dПурпурный Пластиковый светящийся блок
appliedenergistics2:facade:0, Кабельный фасад - §6Оранжевый Пластиковый светящийся блок
appliedenergistics2:facade:0, Кабельный фасад - §fБелый Пластиковый светящийся блок
appliedenergistics2:facade:0, Кабельный фасад - §8Черный Укреплённый пластиковый блок
appliedenergistics2:facade:0, Кабельный фасад - §cКрасный Укреплённый пластиковый блок
appliedenergistics2:facade:0, Кабельный фасад - §2Зеленый Укреплённый пластиковый блок
appliedenergistics2:facade:0, Кабельный фасад - §6Коричневый Укреплённый пластиковый блок
appliedenergistics2:facade:0, Кабельный фасад - §1Синий Укреплённый пластиковый блок
appliedenergistics2:facade:0, Кабельный фасад - §5Фиолетовый Укреплённый пластиковый блок
appliedenergistics2:facade:0, Кабельный фасад - §3Темно-Голубой Укреплённый пластиковый блок
appliedenergistics2:facade:0, Кабельный фасад - §7Светло-Серый Укреплённый пластиковый блок
appliedenergistics2:facade:0, Кабельный фасад - §8Серый Укреплённый пластиковый блок
appliedenergistics2:facade:0, Кабельный фасад - §dРозовый Укреплённый пластиковый блок
appliedenergistics2:facade:0, Кабельный фасад - §aСветло-Зеленый Укреплённый пластиковый блок
appliedenergistics2:facade:0, Кабельный фасад - §eЖелтый Укреплённый пластиковый блок
appliedenergistics2:facade:0, Кабельный фасад - §9Светло-Голубой Укреплённый пластиковый блок
appliedenergistics2:facade:0, Кабельный фасад - §dПурпурный Укреплённый пластиковый блок
appliedenergistics2:facade:0, Кабельный фасад - §6Оранжевый Укреплённый пластиковый блок
appliedenergistics2:facade:0, Кабельный фасад - §fБелый Укреплённый пластиковый блок
appliedenergistics2:facade:0, Кабельный фасад - §8Черный Пластиковый путь
appliedenergistics2:facade:0, Кабельный фасад - §cКрасный Пластиковый путь
appliedenergistics2:facade:0, Кабельный фасад - §2Зеленый Пластиковый путь
appliedenergistics2:facade:0, Кабельный фасад - §6Коричневый Пластиковый путь
appliedenergistics2:facade:0, Кабельный фасад - §1Синий Пластиковый путь
appliedenergistics2:facade:0, Кабельный фасад - §5Фиолетовый Пластиковый путь
appliedenergistics2:facade:0, Кабельный фасад - §3Темно-Голубой Пластиковый путь
appliedenergistics2:facade:0, Кабельный фасад - §7Светло-Серый Пластиковый путь
appliedenergistics2:facade:0, Кабельный фасад - §8Серый Пластиковый путь
appliedenergistics2:facade:0, Кабельный фасад - §dРозовый Пластиковый путь
appliedenergistics2:facade:0, Кабельный фасад - §aСветло-Зеленый Пластиковый путь
appliedenergistics2:facade:0, Кабельный фасад - §eЖелтый Пластиковый путь
appliedenergistics2:facade:0, Кабельный фасад - §9Светло-Голубой Пластиковый путь
appliedenergistics2:facade:0, Кабельный фасад - §dПурпурный Пластиковый путь
appliedenergistics2:facade:0, Кабельный фасад - §6Оранжевый Пластиковый путь
appliedenergistics2:facade:0, Кабельный фасад - §fБелый Пластиковый путь
appliedenergistics2:facade:0, Кабельный фасад - Блок соли
appliedenergistics2:facade:0, Кабельный фасад - Полированный песчаник
appliedenergistics2:facade:0, Кабельный фасад - Полированный камень
appliedenergistics2:facade:0, Кабельный фасад - Белые крашеные доски
appliedenergistics2:facade:0, Кабельный фасад - Плитка из обожженной глины
appliedenergistics2:facade:0, Кабельный фасад - Плитка из белой глины
appliedenergistics2:facade:0, Кабельный фасад - Неотёсанный дуб
appliedenergistics2:facade:0, Кабельный фасад - Прочный камень
appliedenergistics2:facade:0, Кабельный фасад - Железная пластина
appliedenergistics2:facade:0, Кабельный фасад - Песчаный кирпич
appliedenergistics2:facade:0, Кабельный фасад - Солома
appliedenergistics2:facade:0, Кабельный фасад - Обугленный адский кирпич
appliedenergistics2:facade:0, Кабельный фасад - Гранитный кирпич
appliedenergistics2:facade:0, Кабельный фасад - Резные гранитные кирпичи
appliedenergistics2:facade:0, Кабельный фасад - Блок мидори
appliedenergistics2:facade:0, Кабельный фасад - Колонна мидори
appliedenergistics2:facade:0, Кабельный фасад - Магмовый кирпич
appliedenergistics2:facade:0, Кабельный фасад - Вертикальные дубовые деревянные доски
appliedenergistics2:facade:0, Кабельный фасад - Белые крашеные вертикальные доски
appliedenergistics2:facade:0, Кабельный фасад - Блок из сумрачной материи
appliedenergistics2:facade:0, Кабельный фасад - Фонарь из сумрачной материи
appliedenergistics2:facade:0, Кабельный фасад - Гранитная плитка
appliedenergistics2:facade:0, Кабельный фасад - Блок тростника
appliedenergistics2:facade:0, Кабельный фасад - Снежные кирпичи
appliedenergistics2:facade:0, Кабельный фасад - Отёсанный дуб
appliedenergistics2:facade:0, Кабельный фасад - Песчаник душ
appliedenergistics2:facade:0, Кабельный фасад - Торфяной блок
appliedenergistics2:facade:0, Кабельный фасад - Пустотный адский камень
appliedenergistics2:facade:0, Кабельный фасад - Белая стеганая шерсть
appliedenergistics2:facade:0, Кабельный фасад - Swamp Oak Leaves
appliedenergistics2:facade:0, Кабельный фасад - Белый пещерный кристалл
appliedenergistics2:facade:0, Кабельный фасад - Биотитовая руда Края
appliedenergistics2:facade:0, Кабельный фасад - Блок биотита
appliedenergistics2:facade:0, Кабельный фасад - Резной блок биотита
appliedenergistics2:facade:0, Кабельный фасад - Колонна из биотита
appliedenergistics2:facade:0, Кабельный фасад - Базальт
appliedenergistics2:facade:0, Кабельный фасад - Мрамор
appliedenergistics2:facade:0, Кабельный фасад - Известняк
appliedenergistics2:facade:0, Кабельный фасад - Jasper
appliedenergistics2:facade:0, Кабельный фасад - Slate
appliedenergistics2:facade:0, Кабельный фасад - Серный камень
appliedenergistics2:facade:0, Кабельный фасад - Серные кирпичи
appliedenergistics2:facade:0, Кабельный фасад - Древний призмарин
appliedenergistics2:facade:0, Кабельный фасад - Древний морской фонарь
appliedenergistics2:facade:0, Кабельный фасад - Светящийся мицелий
appliedenergistics2:facade:0, Кабельный фасад - Glowshroom
appliedenergistics2:facade:0, Кабельный фасад - Блок сахара
appliedenergistics2:facade:0, Кабельный фасад - Red Slime Block
appliedenergistics2:facade:0, Кабельный фасад - Gravisand
appliedenergistics2:facade:0, Кабельный фасад - Книжная полка из ели
appliedenergistics2:facade:0, Кабельный фасад - Горящий Редстоуновый фонарь
appliedenergistics2:facade:0, Кабельный фасад - Огненный светильник
appliedenergistics2:facade:0, Кабельный фасад - Алюминиевый блок
appliedenergistics2:facade:0, Кабельный фасад - Алюминиевый блок
appliedenergistics2:facade:0, Кабельный фасад - Алюминиевый блок
appliedenergistics2:facade:0, Кабельный фасад - Алюминиевый блок
appliedenergistics2:facade:0, Кабельный фасад - Алюминиевый блок
appliedenergistics2:facade:0, Кабельный фасад - Алюминиевый блок
appliedenergistics2:facade:0, Кабельный фасад - Алюминиевый блок
appliedenergistics2:facade:0, Кабельный фасад - Андезит
appliedenergistics2:facade:0, Кабельный фасад - Андезит
appliedenergistics2:facade:0, Кабельный фасад - Андезит
appliedenergistics2:facade:0, Кабельный фасад - Андезит
appliedenergistics2:facade:0, Кабельный фасад - Андезит
appliedenergistics2:facade:0, Кабельный фасад - Андезит
appliedenergistics2:facade:0, Кабельный фасад - Андезит
appliedenergistics2:facade:0, Кабельный фасад - Андезит
appliedenergistics2:facade:0, Кабельный фасад - Андезит
appliedenergistics2:facade:0, Кабельный фасад - Андезит
appliedenergistics2:facade:0, Кабельный фасад - Андезит
appliedenergistics2:facade:0, Кабельный фасад - Андезит
appliedenergistics2:facade:0, Кабельный фасад - Андезит
appliedenergistics2:facade:0, Кабельный фасад - Андезит
appliedenergistics2:facade:0, Кабельный фасад - Андезит
appliedenergistics2:facade:0, Кабельный фасад - Андезит
appliedenergistics2:facade:0, Кабельный фасад - Андезит
appliedenergistics2:facade:0, Кабельный фасад - Андезит
appliedenergistics2:facade:0, Кабельный фасад - Андезит
appliedenergistics2:facade:0, Кабельный фасад - Андезит
appliedenergistics2:facade:0, Кабельный фасад - Андезит
appliedenergistics2:facade:0, Кабельный фасад - Андезит
appliedenergistics2:facade:0, Кабельный фасад - Андезит
appliedenergistics2:facade:0, Кабельный фасад - Андезит
appliedenergistics2:facade:0, Кабельный фасад - Андезит
appliedenergistics2:facade:0, Кабельный фасад - Андезит
appliedenergistics2:facade:0, Кабельный фасад - Андезит
appliedenergistics2:facade:0, Кабельный фасад - Андезит
appliedenergistics2:facade:0, Кабельный фасад - Андезит
appliedenergistics2:facade:0, Кабельный фасад - Андезит
appliedenergistics2:facade:0, Кабельный фасад - Андезит
appliedenergistics2:facade:0, Кабельный фасад - Андезит
appliedenergistics2:facade:0, Кабельный фасад - Андезит
appliedenergistics2:facade:0, Кабельный фасад - Анти-блок
appliedenergistics2:facade:0, Кабельный фасад - Анти-блок
appliedenergistics2:facade:0, Кабельный фасад - Анти-блок
appliedenergistics2:facade:0, Кабельный фасад - Анти-блок
appliedenergistics2:facade:0, Кабельный фасад - Анти-блок
appliedenergistics2:facade:0, Кабельный фасад - Анти-блок
appliedenergistics2:facade:0, Кабельный фасад - Анти-блок
appliedenergistics2:facade:0, Кабельный фасад - Анти-блок
appliedenergistics2:facade:0, Кабельный фасад - Анти-блок
appliedenergistics2:facade:0, Кабельный фасад - Анти-блок
appliedenergistics2:facade:0, Кабельный фасад - Анти-блок
appliedenergistics2:facade:0, Кабельный фасад - Анти-блок
appliedenergistics2:facade:0, Кабельный фасад - Анти-блок
appliedenergistics2:facade:0, Кабельный фасад - Анти-блок
appliedenergistics2:facade:0, Кабельный фасад - Анти-блок
appliedenergistics2:facade:0, Кабельный фасад - Анти-блок
appliedenergistics2:facade:0, Кабельный фасад - Базальт
appliedenergistics2:facade:0, Кабельный фасад - Базальт
appliedenergistics2:facade:0, Кабельный фасад - Базальт
appliedenergistics2:facade:0, Кабельный фасад - Базальт
appliedenergistics2:facade:0, Кабельный фасад - Базальт
appliedenergistics2:facade:0, Кабельный фасад - Базальт
appliedenergistics2:facade:0, Кабельный фасад - Базальт
appliedenergistics2:facade:0, Кабельный фасад - Базальт
appliedenergistics2:facade:0, Кабельный фасад - Базальт
appliedenergistics2:facade:0, Кабельный фасад - Базальт
appliedenergistics2:facade:0, Кабельный фасад - Базальт
appliedenergistics2:facade:0, Кабельный фасад - Базальт
appliedenergistics2:facade:0, Кабельный фасад - Базальт
appliedenergistics2:facade:0, Кабельный фасад - Базальт
appliedenergistics2:facade:0, Кабельный фасад - Базальт
appliedenergistics2:facade:0, Кабельный фасад - Базальт
appliedenergistics2:facade:0, Кабельный фасад - Базальт
appliedenergistics2:facade:0, Кабельный фасад - Базальт
appliedenergistics2:facade:0, Кабельный фасад - Базальт
appliedenergistics2:facade:0, Кабельный фасад - Базальт
appliedenergistics2:facade:0, Кабельный фасад - Базальт
appliedenergistics2:facade:0, Кабельный фасад - Базальт
appliedenergistics2:facade:0, Кабельный фасад - Базальт
appliedenergistics2:facade:0, Кабельный фасад - Базальт
appliedenergistics2:facade:0, Кабельный фасад - Базальт
appliedenergistics2:facade:0, Кабельный фасад - Базальт
appliedenergistics2:facade:0, Кабельный фасад - Базальт
appliedenergistics2:facade:0, Кабельный фасад - Базальт
appliedenergistics2:facade:0, Кабельный фасад - Базальт
appliedenergistics2:facade:0, Кабельный фасад - Базальт
appliedenergistics2:facade:0, Кабельный фасад - Базальт
appliedenergistics2:facade:0, Кабельный фасад - Базальт
appliedenergistics2:facade:0, Кабельный фасад - Базальт
appliedenergistics2:facade:0, Кабельный фасад - Базальт
appliedenergistics2:facade:0, Кабельный фасад - Oak Bookshelf
appliedenergistics2:facade:0, Кабельный фасад - Oak Bookshelf
appliedenergistics2:facade:0, Кабельный фасад - Oak Bookshelf
appliedenergistics2:facade:0, Кабельный фасад - Oak Bookshelf
appliedenergistics2:facade:0, Кабельный фасад - Oak Bookshelf
appliedenergistics2:facade:0, Кабельный фасад - Oak Bookshelf
appliedenergistics2:facade:0, Кабельный фасад - Oak Bookshelf
appliedenergistics2:facade:0, Кабельный фасад - Oak Bookshelf
appliedenergistics2:facade:0, Кабельный фасад - Oak Bookshelf
appliedenergistics2:facade:0, Кабельный фасад - Oak Bookshelf
appliedenergistics2:facade:0, Кабельный фасад - Еловая книжная полка
appliedenergistics2:facade:0, Кабельный фасад - Еловая книжная полка
appliedenergistics2:facade:0, Кабельный фасад - Еловая книжная полка
appliedenergistics2:facade:0, Кабельный фасад - Еловая книжная полка
appliedenergistics2:facade:0, Кабельный фасад - Еловая книжная полка
appliedenergistics2:facade:0, Кабельный фасад - Еловая книжная полка
appliedenergistics2:facade:0, Кабельный фасад - Еловая книжная полка
appliedenergistics2:facade:0, Кабельный фасад - Еловая книжная полка
appliedenergistics2:facade:0, Кабельный фасад - Еловая книжная полка
appliedenergistics2:facade:0, Кабельный фасад - Еловая книжная полка
appliedenergistics2:facade:0, Кабельный фасад - Берёзовая книжная полка
appliedenergistics2:facade:0, Кабельный фасад - Берёзовая книжная полка
appliedenergistics2:facade:0, Кабельный фасад - Берёзовая книжная полка
appliedenergistics2:facade:0, Кабельный фасад - Берёзовая книжная полка
appliedenergistics2:facade:0, Кабельный фасад - Берёзовая книжная полка
appliedenergistics2:facade:0, Кабельный фасад - Берёзовая книжная полка
appliedenergistics2:facade:0, Кабельный фасад - Берёзовая книжная полка
appliedenergistics2:facade:0, Кабельный фасад - Берёзовая книжная полка
appliedenergistics2:facade:0, Кабельный фасад - Берёзовая книжная полка
appliedenergistics2:facade:0, Кабельный фасад - Берёзовая книжная полка
appliedenergistics2:facade:0, Кабельный фасад - Книжная полка из тропического дерева
appliedenergistics2:facade:0, Кабельный фасад - Книжная полка из тропического дерева
appliedenergistics2:facade:0, Кабельный фасад - Книжная полка из тропического дерева
appliedenergistics2:facade:0, Кабельный фасад - Книжная полка из тропического дерева
appliedenergistics2:facade:0, Кабельный фасад - Книжная полка из тропического дерева
appliedenergistics2:facade:0, Кабельный фасад - Книжная полка из тропического дерева
appliedenergistics2:facade:0, Кабельный фасад - Книжная полка из тропического дерева
appliedenergistics2:facade:0, Кабельный фасад - Книжная полка из тропического дерева
appliedenergistics2:facade:0, Кабельный фасад - Книжная полка из тропического дерева
appliedenergistics2:facade:0, Кабельный фасад - Книжная полка из тропического дерева
appliedenergistics2:facade:0, Кабельный фасад - Акациевая книжная полка
appliedenergistics2:facade:0, Кабельный фасад - Акациевая книжная полка
appliedenergistics2:facade:0, Кабельный фасад - Акациевая книжная полка
appliedenergistics2:facade:0, Кабельный фасад - Акациевая книжная полка
appliedenergistics2:facade:0, Кабельный фасад - Акациевая книжная полка
appliedenergistics2:facade:0, Кабельный фасад - Акациевая книжная полка
appliedenergistics2:facade:0, Кабельный фасад - Акациевая книжная полка
appliedenergistics2:facade:0, Кабельный фасад - Акациевая книжная полка
appliedenergistics2:facade:0, Кабельный фасад - Акациевая книжная полка
appliedenergistics2:facade:0, Кабельный фасад - Акациевая книжная полка
appliedenergistics2:facade:0, Кабельный фасад - Dark Oak Bookshelf
appliedenergistics2:facade:0, Кабельный фасад - Dark Oak Bookshelf
appliedenergistics2:facade:0, Кабельный фасад - Dark Oak Bookshelf
appliedenergistics2:facade:0, Кабельный фасад - Dark Oak Bookshelf
appliedenergistics2:facade:0, Кабельный фасад - Dark Oak Bookshelf
appliedenergistics2:facade:0, Кабельный фасад - Dark Oak Bookshelf
appliedenergistics2:facade:0, Кабельный фасад - Dark Oak Bookshelf
appliedenergistics2:facade:0, Кабельный фасад - Dark Oak Bookshelf
appliedenergistics2:facade:0, Кабельный фасад - Dark Oak Bookshelf
appliedenergistics2:facade:0, Кабельный фасад - Dark Oak Bookshelf
appliedenergistics2:facade:0, Кабельный фасад - Кирпичи
appliedenergistics2:facade:0, Кабельный фасад - Кирпичи
appliedenergistics2:facade:0, Кабельный фасад - Кирпичи
appliedenergistics2:facade:0, Кабельный фасад - Кирпичи
appliedenergistics2:facade:0, Кабельный фасад - Кирпичи
appliedenergistics2:facade:0, Кабельный фасад - Кирпичи
appliedenergistics2:facade:0, Кабельный фасад - Кирпичи
appliedenergistics2:facade:0, Кабельный фасад - Кирпичи
appliedenergistics2:facade:0, Кабельный фасад - Кирпичи
appliedenergistics2:facade:0, Кабельный фасад - Кирпичи
appliedenergistics2:facade:0, Кабельный фасад - Кирпичи
appliedenergistics2:facade:0, Кабельный фасад - Кирпичи
appliedenergistics2:facade:0, Кабельный фасад - Кирпичи
appliedenergistics2:facade:0, Кабельный фасад - Кирпичи
appliedenergistics2:facade:0, Кабельный фасад - Кирпичи
appliedenergistics2:facade:0, Кабельный фасад - Кирпичи
appliedenergistics2:facade:0, Кабельный фасад - Кирпичи
appliedenergistics2:facade:0, Кабельный фасад - Кирпичи
appliedenergistics2:facade:0, Кабельный фасад - Кирпичи
appliedenergistics2:facade:0, Кабельный фасад - Кирпичи
appliedenergistics2:facade:0, Кабельный фасад - Кирпичи
appliedenergistics2:facade:0, Кабельный фасад - Кирпичи
appliedenergistics2:facade:0, Кабельный фасад - Кирпичи
appliedenergistics2:facade:0, Кабельный фасад - Кирпичи
appliedenergistics2:facade:0, Кабельный фасад - Кирпичи
appliedenergistics2:facade:0, Кабельный фасад - Кирпичи
appliedenergistics2:facade:0, Кабельный фасад - Кирпичи
appliedenergistics2:facade:0, Кабельный фасад - Кирпичи
appliedenergistics2:facade:0, Кабельный фасад - Кирпичи
appliedenergistics2:facade:0, Кабельный фасад - Кирпичи
appliedenergistics2:facade:0, Кабельный фасад - Кирпичи
appliedenergistics2:facade:0, Кабельный фасад - Кирпичи
appliedenergistics2:facade:0, Кабельный фасад - Бронзовый блок
appliedenergistics2:facade:0, Кабельный фасад - Бронзовый блок
appliedenergistics2:facade:0, Кабельный фасад - Бронзовый блок
appliedenergistics2:facade:0, Кабельный фасад - Бронзовый блок
appliedenergistics2:facade:0, Кабельный фасад - Бронзовый блок
appliedenergistics2:facade:0, Кабельный фасад - Бронзовый блок
appliedenergistics2:facade:0, Кабельный фасад - Бронзовый блок
appliedenergistics2:facade:0, Кабельный фасад - Brownstone
appliedenergistics2:facade:0, Кабельный фасад - Brownstone
appliedenergistics2:facade:0, Кабельный фасад - Brownstone
appliedenergistics2:facade:0, Кабельный фасад - Brownstone
appliedenergistics2:facade:0, Кабельный фасад - Brownstone
appliedenergistics2:facade:0, Кабельный фасад - Brownstone
appliedenergistics2:facade:0, Кабельный фасад - Brownstone
appliedenergistics2:facade:0, Кабельный фасад - Brownstone
appliedenergistics2:facade:0, Кабельный фасад - Brownstone
appliedenergistics2:facade:0, Кабельный фасад - Brownstone
appliedenergistics2:facade:0, Кабельный фасад - Block of Certus Quartz
appliedenergistics2:facade:0, Кабельный фасад - Block of Certus Quartz
appliedenergistics2:facade:0, Кабельный фасад - Block of Certus Quartz
appliedenergistics2:facade:0, Кабельный фасад - Block of Certus Quartz
appliedenergistics2:facade:0, Кабельный фасад - Block of Certus Quartz
appliedenergistics2:facade:0, Кабельный фасад - Block of Certus Quartz
appliedenergistics2:facade:0, Кабельный фасад - Block of Certus Quartz
appliedenergistics2:facade:0, Кабельный фасад - Block of Certus Quartz
appliedenergistics2:facade:0, Кабельный фасад - Block of Certus Quartz
appliedenergistics2:facade:0, Кабельный фасад - Block of Certus Quartz
appliedenergistics2:facade:0, Кабельный фасад - Block of Certus Quartz
appliedenergistics2:facade:0, Кабельный фасад - Block of Certus Quartz
appliedenergistics2:facade:0, Кабельный фасад - Block of Certus Quartz
appliedenergistics2:facade:0, Кабельный фасад - Block of Certus Quartz
appliedenergistics2:facade:0, Кабельный фасад - Block of Certus Quartz
appliedenergistics2:facade:0, Кабельный фасад - Block of Certus Quartz
appliedenergistics2:facade:0, Кабельный фасад - Block of Certus Quartz
appliedenergistics2:facade:0, Кабельный фасад - Block of Certus Quartz
appliedenergistics2:facade:0, Кабельный фасад - Block of Certus Quartz
appliedenergistics2:facade:0, Кабельный фасад - Block of Certus Quartz
appliedenergistics2:facade:0, Кабельный фасад - Block of Certus Quartz
appliedenergistics2:facade:0, Кабельный фасад - Block of Certus Quartz
appliedenergistics2:facade:0, Кабельный фасад - Block of Certus Quartz
appliedenergistics2:facade:0, Кабельный фасад - Block of Certus Quartz
appliedenergistics2:facade:0, Кабельный фасад - Block of Certus Quartz
appliedenergistics2:facade:0, Кабельный фасад - Block of Certus Quartz
appliedenergistics2:facade:0, Кабельный фасад - Block of Certus Quartz
appliedenergistics2:facade:0, Кабельный фасад - Block of Certus Quartz
appliedenergistics2:facade:0, Кабельный фасад - Block of Certus Quartz
appliedenergistics2:facade:0, Кабельный фасад - Block of Certus Quartz
appliedenergistics2:facade:0, Кабельный фасад - Block of Certus Quartz
appliedenergistics2:facade:0, Кабельный фасад - Block of Certus Quartz
appliedenergistics2:facade:0, Кабельный фасад - Block of Certus Quartz
appliedenergistics2:facade:0, Кабельный фасад - Block of Certus Quartz
appliedenergistics2:facade:0, Кабельный фасад - Block of Charcoal
appliedenergistics2:facade:0, Кабельный фасад - Block of Charcoal
appliedenergistics2:facade:0, Кабельный фасад - Block of Charcoal
appliedenergistics2:facade:0, Кабельный фасад - Block of Charcoal
appliedenergistics2:facade:0, Кабельный фасад - Block of Charcoal
appliedenergistics2:facade:0, Кабельный фасад - Block of Charcoal
appliedenergistics2:facade:0, Кабельный фасад - Block of Charcoal
appliedenergistics2:facade:0, Кабельный фасад - Block of Charcoal
appliedenergistics2:facade:0, Кабельный фасад - Block of Charcoal
appliedenergistics2:facade:0, Кабельный фасад - Block of Charcoal
appliedenergistics2:facade:0, Кабельный фасад - Block of Charcoal
appliedenergistics2:facade:0, Кабельный фасад - Block of Charcoal
appliedenergistics2:facade:0, Кабельный фасад - Block of Charcoal
appliedenergistics2:facade:0, Кабельный фасад - Block of Charcoal
appliedenergistics2:facade:0, Кабельный фасад - Block of Charcoal
appliedenergistics2:facade:0, Кабельный фасад - Block of Charcoal
appliedenergistics2:facade:0, Кабельный фасад - Block of Charcoal
appliedenergistics2:facade:0, Кабельный фасад - Block of Charcoal
appliedenergistics2:facade:0, Кабельный фасад - Block of Charcoal
appliedenergistics2:facade:0, Кабельный фасад - Block of Charcoal
appliedenergistics2:facade:0, Кабельный фасад - Block of Charcoal
appliedenergistics2:facade:0, Кабельный фасад - Block of Charcoal
appliedenergistics2:facade:0, Кабельный фасад - Block of Charcoal
appliedenergistics2:facade:0, Кабельный фасад - Block of Charcoal
appliedenergistics2:facade:0, Кабельный фасад - Block of Charcoal
appliedenergistics2:facade:0, Кабельный фасад - Block of Charcoal
appliedenergistics2:facade:0, Кабельный фасад - Block of Charcoal
appliedenergistics2:facade:0, Кабельный фасад - Block of Charcoal
appliedenergistics2:facade:0, Кабельный фасад - Block of Charcoal
appliedenergistics2:facade:0, Кабельный фасад - Block of Charcoal
appliedenergistics2:facade:0, Кабельный фасад - Block of Charcoal
appliedenergistics2:facade:0, Кабельный фасад - Block of Charcoal
appliedenergistics2:facade:0, Кабельный фасад - Block of Charcoal
appliedenergistics2:facade:0, Кабельный фасад - Block of Charcoal
appliedenergistics2:facade:0, Кабельный фасад - Кобальтовый блок
appliedenergistics2:facade:0, Кабельный фасад - Кобальтовый блок
appliedenergistics2:facade:0, Кабельный фасад - Кобальтовый блок
appliedenergistics2:facade:0, Кабельный фасад - Кобальтовый блок
appliedenergistics2:facade:0, Кабельный фасад - Кобальтовый блок
appliedenergistics2:facade:0, Кабельный фасад - Кобальтовый блок
appliedenergistics2:facade:0, Кабельный фасад - Кобальтовый блок
appliedenergistics2:facade:0, Кабельный фасад - Булыжник
appliedenergistics2:facade:0, Кабельный фасад - Булыжник
appliedenergistics2:facade:0, Кабельный фасад - Булыжник
appliedenergistics2:facade:0, Кабельный фасад - Булыжник
appliedenergistics2:facade:0, Кабельный фасад - Булыжник
appliedenergistics2:facade:0, Кабельный фасад - Булыжник
appliedenergistics2:facade:0, Кабельный фасад - Булыжник
appliedenergistics2:facade:0, Кабельный фасад - Булыжник
appliedenergistics2:facade:0, Кабельный фасад - Булыжник
appliedenergistics2:facade:0, Кабельный фасад - Булыжник
appliedenergistics2:facade:0, Кабельный фасад - Булыжник
appliedenergistics2:facade:0, Кабельный фасад - Булыжник
appliedenergistics2:facade:0, Кабельный фасад - Булыжник
appliedenergistics2:facade:0, Кабельный фасад - Булыжник
appliedenergistics2:facade:0, Кабельный фасад - Булыжник
appliedenergistics2:facade:0, Кабельный фасад - Булыжник
appliedenergistics2:facade:0, Кабельный фасад - Булыжник
appliedenergistics2:facade:0, Кабельный фасад - Булыжник
appliedenergistics2:facade:0, Кабельный фасад - Булыжник
appliedenergistics2:facade:0, Кабельный фасад - Булыжник
appliedenergistics2:facade:0, Кабельный фасад - Булыжник
appliedenergistics2:facade:0, Кабельный фасад - Булыжник
appliedenergistics2:facade:0, Кабельный фасад - Булыжник
appliedenergistics2:facade:0, Кабельный фасад - Булыжник
appliedenergistics2:facade:0, Кабельный фасад - Булыжник
appliedenergistics2:facade:0, Кабельный фасад - Булыжник
appliedenergistics2:facade:0, Кабельный фасад - Булыжник
appliedenergistics2:facade:0, Кабельный фасад - Булыжник
appliedenergistics2:facade:0, Кабельный фасад - Булыжник
appliedenergistics2:facade:0, Кабельный фасад - Булыжник
appliedenergistics2:facade:0, Кабельный фасад - Булыжник
appliedenergistics2:facade:0, Кабельный фасад - Булыжник
appliedenergistics2:facade:0, Кабельный фасад - Булыжник
appliedenergistics2:facade:0, Кабельный фасад - Булыжник
appliedenergistics2:facade:0, Кабельный фасад - Булыжник
appliedenergistics2:facade:0, Кабельный фасад - Булыжник
appliedenergistics2:facade:0, Кабельный фасад - Block of Coal
appliedenergistics2:facade:0, Кабельный фасад - Block of Coal
appliedenergistics2:facade:0, Кабельный фасад - Block of Coal
appliedenergistics2:facade:0, Кабельный фасад - Block of Coal
appliedenergistics2:facade:0, Кабельный фасад - Block of Coal
appliedenergistics2:facade:0, Кабельный фасад - Block of Coal
appliedenergistics2:facade:0, Кабельный фасад - Block of Coal
appliedenergistics2:facade:0, Кабельный фасад - Block of Coal
appliedenergistics2:facade:0, Кабельный фасад - Block of Coal
appliedenergistics2:facade:0, Кабельный фасад - Block of Coal
appliedenergistics2:facade:0, Кабельный фасад - Block of Coal
appliedenergistics2:facade:0, Кабельный фасад - Block of Coal
appliedenergistics2:facade:0, Кабельный фасад - Block of Coal
appliedenergistics2:facade:0, Кабельный фасад - Block of Coal
appliedenergistics2:facade:0, Кабельный фасад - Block of Coal
appliedenergistics2:facade:0, Кабельный фасад - Block of Coal
appliedenergistics2:facade:0, Кабельный фасад - Block of Coal
appliedenergistics2:facade:0, Кабельный фасад - Block of Coal
appliedenergistics2:facade:0, Кабельный фасад - Block of Coal
appliedenergistics2:facade:0, Кабельный фасад - Block of Coal
appliedenergistics2:facade:0, Кабельный фасад - Block of Coal
appliedenergistics2:facade:0, Кабельный фасад - Block of Coal
appliedenergistics2:facade:0, Кабельный фасад - Block of Coal
appliedenergistics2:facade:0, Кабельный фасад - Block of Coal
appliedenergistics2:facade:0, Кабельный фасад - Block of Coal
appliedenergistics2:facade:0, Кабельный фасад - Block of Coal
appliedenergistics2:facade:0, Кабельный фасад - Block of Coal
appliedenergistics2:facade:0, Кабельный фасад - Block of Coal
appliedenergistics2:facade:0, Кабельный фасад - Block of Coal
appliedenergistics2:facade:0, Кабельный фасад - Block of Coal
appliedenergistics2:facade:0, Кабельный фасад - Block of Coal
appliedenergistics2:facade:0, Кабельный фасад - Block of Coal
appliedenergistics2:facade:0, Кабельный фасад - Block of Coal
appliedenergistics2:facade:0, Кабельный фасад - Block of Coal
appliedenergistics2:facade:0, Кабельный фасад - Block of Coal Coke
appliedenergistics2:facade:0, Кабельный фасад - Block of Coal Coke
appliedenergistics2:facade:0, Кабельный фасад - Block of Coal Coke
appliedenergistics2:facade:0, Кабельный фасад - Block of Coal Coke
appliedenergistics2:facade:0, Кабельный фасад - Block of Coal Coke
appliedenergistics2:facade:0, Кабельный фасад - Block of Coal Coke
appliedenergistics2:facade:0, Кабельный фасад - Block of Coal Coke
appliedenergistics2:facade:0, Кабельный фасад - Block of Coal Coke
appliedenergistics2:facade:0, Кабельный фасад - Block of Coal Coke
appliedenergistics2:facade:0, Кабельный фасад - Block of Coal Coke
appliedenergistics2:facade:0, Кабельный фасад - Block of Coal Coke
appliedenergistics2:facade:0, Кабельный фасад - Block of Coal Coke
appliedenergistics2:facade:0, Кабельный фасад - Block of Coal Coke
appliedenergistics2:facade:0, Кабельный фасад - Block of Coal Coke
appliedenergistics2:facade:0, Кабельный фасад - Block of Coal Coke
appliedenergistics2:facade:0, Кабельный фасад - Block of Coal Coke
appliedenergistics2:facade:0, Кабельный фасад - Block of Coal Coke
appliedenergistics2:facade:0, Кабельный фасад - Block of Coal Coke
appliedenergistics2:facade:0, Кабельный фасад - Block of Coal Coke
appliedenergistics2:facade:0, Кабельный фасад - Block of Coal Coke
appliedenergistics2:facade:0, Кабельный фасад - Block of Coal Coke
appliedenergistics2:facade:0, Кабельный фасад - Block of Coal Coke
appliedenergistics2:facade:0, Кабельный фасад - Block of Coal Coke
appliedenergistics2:facade:0, Кабельный фасад - Block of Coal Coke
appliedenergistics2:facade:0, Кабельный фасад - Block of Coal Coke
appliedenergistics2:facade:0, Кабельный фасад - Block of Coal Coke
appliedenergistics2:facade:0, Кабельный фасад - Block of Coal Coke
appliedenergistics2:facade:0, Кабельный фасад - Block of Coal Coke
appliedenergistics2:facade:0, Кабельный фасад - Block of Coal Coke
appliedenergistics2:facade:0, Кабельный фасад - Block of Coal Coke
appliedenergistics2:facade:0, Кабельный фасад - Block of Coal Coke
appliedenergistics2:facade:0, Кабельный фасад - Block of Coal Coke
appliedenergistics2:facade:0, Кабельный фасад - Block of Coal Coke
appliedenergistics2:facade:0, Кабельный фасад - Block of Coal Coke
appliedenergistics2:facade:0, Кабельный фасад - Замшелый булыжник
appliedenergistics2:facade:0, Кабельный фасад - Замшелый булыжник
appliedenergistics2:facade:0, Кабельный фасад - Замшелый булыжник
appliedenergistics2:facade:0, Кабельный фасад - Замшелый булыжник
appliedenergistics2:facade:0, Кабельный фасад - Замшелый булыжник
appliedenergistics2:facade:0, Кабельный фасад - Замшелый булыжник
appliedenergistics2:facade:0, Кабельный фасад - Замшелый булыжник
appliedenergistics2:facade:0, Кабельный фасад - Замшелый булыжник
appliedenergistics2:facade:0, Кабельный фасад - Замшелый булыжник
appliedenergistics2:facade:0, Кабельный фасад - Замшелый булыжник
appliedenergistics2:facade:0, Кабельный фасад - Замшелый булыжник
appliedenergistics2:facade:0, Кабельный фасад - Замшелый булыжник
appliedenergistics2:facade:0, Кабельный фасад - Замшелый булыжник
appliedenergistics2:facade:0, Кабельный фасад - Замшелый булыжник
appliedenergistics2:facade:0, Кабельный фасад - Замшелый булыжник
appliedenergistics2:facade:0, Кабельный фасад - Замшелый булыжник
appliedenergistics2:facade:0, Кабельный фасад - Замшелый булыжник
appliedenergistics2:facade:0, Кабельный фасад - Замшелый булыжник
appliedenergistics2:facade:0, Кабельный фасад - Замшелый булыжник
appliedenergistics2:facade:0, Кабельный фасад - Замшелый булыжник
appliedenergistics2:facade:0, Кабельный фасад - Замшелый булыжник
appliedenergistics2:facade:0, Кабельный фасад - Замшелый булыжник
appliedenergistics2:facade:0, Кабельный фасад - Замшелый булыжник
appliedenergistics2:facade:0, Кабельный фасад - Замшелый булыжник
appliedenergistics2:facade:0, Кабельный фасад - Замшелый булыжник
appliedenergistics2:facade:0, Кабельный фасад - Замшелый булыжник
appliedenergistics2:facade:0, Кабельный фасад - Замшелый булыжник
appliedenergistics2:facade:0, Кабельный фасад - Замшелый булыжник
appliedenergistics2:facade:0, Кабельный фасад - Замшелый булыжник
appliedenergistics2:facade:0, Кабельный фасад - Замшелый булыжник
appliedenergistics2:facade:0, Кабельный фасад - Замшелый булыжник
appliedenergistics2:facade:0, Кабельный фасад - Замшелый булыжник
appliedenergistics2:facade:0, Кабельный фасад - Замшелый булыжник
appliedenergistics2:facade:0, Кабельный фасад - Black Concrete
appliedenergistics2:facade:0, Кабельный фасад - Black Concrete
appliedenergistics2:facade:0, Кабельный фасад - Black Concrete
appliedenergistics2:facade:0, Кабельный фасад - Black Concrete
appliedenergistics2:facade:0, Кабельный фасад - Black Concrete
appliedenergistics2:facade:0, Кабельный фасад - Black Concrete
appliedenergistics2:facade:0, Кабельный фасад - Black Concrete
appliedenergistics2:facade:0, Кабельный фасад - Black Concrete
appliedenergistics2:facade:0, Кабельный фасад - Black Concrete
appliedenergistics2:facade:0, Кабельный фасад - Black Concrete
appliedenergistics2:facade:0, Кабельный фасад - Black Concrete
appliedenergistics2:facade:0, Кабельный фасад - Black Concrete
appliedenergistics2:facade:0, Кабельный фасад - Black Concrete
appliedenergistics2:facade:0, Кабельный фасад - Black Concrete
appliedenergistics2:facade:0, Кабельный фасад - Black Concrete
appliedenergistics2:facade:0, Кабельный фасад - Black Concrete
appliedenergistics2:facade:0, Кабельный фасад - Black Concrete
appliedenergistics2:facade:0, Кабельный фасад - Black Concrete
appliedenergistics2:facade:0, Кабельный фасад - Black Concrete
appliedenergistics2:facade:0, Кабельный фасад - Black Concrete
appliedenergistics2:facade:0, Кабельный фасад - Black Concrete
appliedenergistics2:facade:0, Кабельный фасад - Black Concrete
appliedenergistics2:facade:0, Кабельный фасад - Black Concrete
appliedenergistics2:facade:0, Кабельный фасад - Black Concrete
appliedenergistics2:facade:0, Кабельный фасад - Black Concrete
appliedenergistics2:facade:0, Кабельный фасад - Black Concrete
appliedenergistics2:facade:0, Кабельный фасад - Black Concrete
appliedenergistics2:facade:0, Кабельный фасад - Black Concrete
appliedenergistics2:facade:0, Кабельный фасад - Black Concrete
appliedenergistics2:facade:0, Кабельный фасад - Black Concrete
appliedenergistics2:facade:0, Кабельный фасад - Black Concrete
appliedenergistics2:facade:0, Кабельный фасад - Black Concrete
appliedenergistics2:facade:0, Кабельный фасад - Black Concrete
appliedenergistics2:facade:0, Кабельный фасад - Red Concrete
appliedenergistics2:facade:0, Кабельный фасад - Red Concrete
appliedenergistics2:facade:0, Кабельный фасад - Red Concrete
appliedenergistics2:facade:0, Кабельный фасад - Red Concrete
appliedenergistics2:facade:0, Кабельный фасад - Red Concrete
appliedenergistics2:facade:0, Кабельный фасад - Red Concrete
appliedenergistics2:facade:0, Кабельный фасад - Red Concrete
appliedenergistics2:facade:0, Кабельный фасад - Red Concrete
appliedenergistics2:facade:0, Кабельный фасад - Red Concrete
appliedenergistics2:facade:0, Кабельный фасад - Red Concrete
appliedenergistics2:facade:0, Кабельный фасад - Red Concrete
appliedenergistics2:facade:0, Кабельный фасад - Red Concrete
appliedenergistics2:facade:0, Кабельный фасад - Red Concrete
appliedenergistics2:facade:0, Кабельный фасад - Red Concrete
appliedenergistics2:facade:0, Кабельный фасад - Red Concrete
appliedenergistics2:facade:0, Кабельный фасад - Red Concrete
appliedenergistics2:facade:0, Кабельный фасад - Red Concrete
appliedenergistics2:facade:0, Кабельный фасад - Red Concrete
appliedenergistics2:facade:0, Кабельный фасад - Red Concrete
appliedenergistics2:facade:0, Кабельный фасад - Red Concrete
appliedenergistics2:facade:0, Кабельный фасад - Red Concrete
appliedenergistics2:facade:0, Кабельный фасад - Red Concrete
appliedenergistics2:facade:0, Кабельный фасад - Red Concrete
appliedenergistics2:facade:0, Кабельный фасад - Red Concrete
appliedenergistics2:facade:0, Кабельный фасад - Red Concrete
appliedenergistics2:facade:0, Кабельный фасад - Red Concrete
appliedenergistics2:facade:0, Кабельный фасад - Red Concrete
appliedenergistics2:facade:0, Кабельный фасад - Red Concrete
appliedenergistics2:facade:0, Кабельный фасад - Red Concrete
appliedenergistics2:facade:0, Кабельный фасад - Red Concrete
appliedenergistics2:facade:0, Кабельный фасад - Red Concrete
appliedenergistics2:facade:0, Кабельный фасад - Red Concrete
appliedenergistics2:facade:0, Кабельный фасад - Red Concrete
appliedenergistics2:facade:0, Кабельный фасад - Green Concrete
appliedenergistics2:facade:0, Кабельный фасад - Green Concrete
appliedenergistics2:facade:0, Кабельный фасад - Green Concrete
appliedenergistics2:facade:0, Кабельный фасад - Green Concrete
appliedenergistics2:facade:0, Кабельный фасад - Green Concrete
appliedenergistics2:facade:0, Кабельный фасад - Green Concrete
appliedenergistics2:facade:0, Кабельный фасад - Green Concrete
appliedenergistics2:facade:0, Кабельный фасад - Green Concrete
appliedenergistics2:facade:0, Кабельный фасад - Green Concrete
appliedenergistics2:facade:0, Кабельный фасад - Green Concrete
appliedenergistics2:facade:0, Кабельный фасад - Green Concrete
appliedenergistics2:facade:0, Кабельный фасад - Green Concrete
appliedenergistics2:facade:0, Кабельный фасад - Green Concrete
appliedenergistics2:facade:0, Кабельный фасад - Green Concrete
appliedenergistics2:facade:0, Кабельный фасад - Green Concrete
appliedenergistics2:facade:0, Кабельный фасад - Green Concrete
appliedenergistics2:facade:0, Кабельный фасад - Green Concrete
appliedenergistics2:facade:0, Кабельный фасад - Green Concrete
appliedenergistics2:facade:0, Кабельный фасад - Green Concrete
appliedenergistics2:facade:0, Кабельный фасад - Green Concrete
appliedenergistics2:facade:0, Кабельный фасад - Green Concrete
appliedenergistics2:facade:0, Кабельный фасад - Green Concrete
appliedenergistics2:facade:0, Кабельный фасад - Green Concrete
appliedenergistics2:facade:0, Кабельный фасад - Green Concrete
appliedenergistics2:facade:0, Кабельный фасад - Green Concrete
appliedenergistics2:facade:0, Кабельный фасад - Green Concrete
appliedenergistics2:facade:0, Кабельный фасад - Green Concrete
appliedenergistics2:facade:0, Кабельный фасад - Green Concrete
appliedenergistics2:facade:0, Кабельный фасад - Green Concrete
appliedenergistics2:facade:0, Кабельный фасад - Green Concrete
appliedenergistics2:facade:0, Кабельный фасад - Green Concrete
appliedenergistics2:facade:0, Кабельный фасад - Green Concrete
appliedenergistics2:facade:0, Кабельный фасад - Green Concrete
appliedenergistics2:facade:0, Кабельный фасад - Brown Concrete
appliedenergistics2:facade:0, Кабельный фасад - Brown Concrete
appliedenergistics2:facade:0, Кабельный фасад - Brown Concrete
appliedenergistics2:facade:0, Кабельный фасад - Brown Concrete
appliedenergistics2:facade:0, Кабельный фасад - Brown Concrete
appliedenergistics2:facade:0, Кабельный фасад - Brown Concrete
appliedenergistics2:facade:0, Кабельный фасад - Brown Concrete
appliedenergistics2:facade:0, Кабельный фасад - Brown Concrete
appliedenergistics2:facade:0, Кабельный фасад - Brown Concrete
appliedenergistics2:facade:0, Кабельный фасад - Brown Concrete
appliedenergistics2:facade:0, Кабельный фасад - Brown Concrete
appliedenergistics2:facade:0, Кабельный фасад - Brown Concrete
appliedenergistics2:facade:0, Кабельный фасад - Brown Concrete
appliedenergistics2:facade:0, Кабельный фасад - Brown Concrete
appliedenergistics2:facade:0, Кабельный фасад - Brown Concrete
appliedenergistics2:facade:0, Кабельный фасад - Brown Concrete
appliedenergistics2:facade:0, Кабельный фасад - Brown Concrete
appliedenergistics2:facade:0, Кабельный фасад - Brown Concrete
appliedenergistics2:facade:0, Кабельный фасад - Brown Concrete
appliedenergistics2:facade:0, Кабельный фасад - Brown Concrete
appliedenergistics2:facade:0, Кабельный фасад - Brown Concrete
appliedenergistics2:facade:0, Кабельный фасад - Brown Concrete
appliedenergistics2:facade:0, Кабельный фасад - Brown Concrete
appliedenergistics2:facade:0, Кабельный фасад - Brown Concrete
appliedenergistics2:facade:0, Кабельный фасад - Brown Concrete
appliedenergistics2:facade:0, Кабельный фасад - Brown Concrete
appliedenergistics2:facade:0, Кабельный фасад - Brown Concrete
appliedenergistics2:facade:0, Кабельный фасад - Brown Concrete
appliedenergistics2:facade:0, Кабельный фасад - Brown Concrete
appliedenergistics2:facade:0, Кабельный фасад - Brown Concrete
appliedenergistics2:facade:0, Кабельный фасад - Brown Concrete
appliedenergistics2:facade:0, Кабельный фасад - Brown Concrete
appliedenergistics2:facade:0, Кабельный фасад - Brown Concrete
appliedenergistics2:facade:0, Кабельный фасад - Blue Concrete
appliedenergistics2:facade:0, Кабельный фасад - Blue Concrete
appliedenergistics2:facade:0, Кабельный фасад - Blue Concrete
appliedenergistics2:facade:0, Кабельный фасад - Blue Concrete
appliedenergistics2:facade:0, Кабельный фасад - Blue Concrete
appliedenergistics2:facade:0, Кабельный фасад - Blue Concrete
appliedenergistics2:facade:0, Кабельный фасад - Blue Concrete
appliedenergistics2:facade:0, Кабельный фасад - Blue Concrete
appliedenergistics2:facade:0, Кабельный фасад - Blue Concrete
appliedenergistics2:facade:0, Кабельный фасад - Blue Concrete
appliedenergistics2:facade:0, Кабельный фасад - Blue Concrete
appliedenergistics2:facade:0, Кабельный фасад - Blue Concrete
appliedenergistics2:facade:0, Кабельный фасад - Blue Concrete
appliedenergistics2:facade:0, Кабельный фасад - Blue Concrete
appliedenergistics2:facade:0, Кабельный фасад - Blue Concrete
appliedenergistics2:facade:0, Кабельный фасад - Blue Concrete
appliedenergistics2:facade:0, Кабельный фасад - Blue Concrete
appliedenergistics2:facade:0, Кабельный фасад - Blue Concrete
appliedenergistics2:facade:0, Кабельный фасад - Blue Concrete
appliedenergistics2:facade:0, Кабельный фасад - Blue Concrete
appliedenergistics2:facade:0, Кабельный фасад - Blue Concrete
appliedenergistics2:facade:0, Кабельный фасад - Blue Concrete
appliedenergistics2:facade:0, Кабельный фасад - Blue Concrete
appliedenergistics2:facade:0, Кабельный фасад - Blue Concrete
appliedenergistics2:facade:0, Кабельный фасад - Blue Concrete
appliedenergistics2:facade:0, Кабельный фасад - Blue Concrete
appliedenergistics2:facade:0, Кабельный фасад - Blue Concrete
appliedenergistics2:facade:0, Кабельный фасад - Blue Concrete
appliedenergistics2:facade:0, Кабельный фасад - Blue Concrete
appliedenergistics2:facade:0, Кабельный фасад - Blue Concrete
appliedenergistics2:facade:0, Кабельный фасад - Blue Concrete
appliedenergistics2:facade:0, Кабельный фасад - Blue Concrete
appliedenergistics2:facade:0, Кабельный фасад - Blue Concrete
appliedenergistics2:facade:0, Кабельный фасад - Purple Concrete
appliedenergistics2:facade:0, Кабельный фасад - Purple Concrete
appliedenergistics2:facade:0, Кабельный фасад - Purple Concrete
appliedenergistics2:facade:0, Кабельный фасад - Purple Concrete
appliedenergistics2:facade:0, Кабельный фасад - Purple Concrete
appliedenergistics2:facade:0, Кабельный фасад - Purple Concrete
appliedenergistics2:facade:0, Кабельный фасад - Purple Concrete
appliedenergistics2:facade:0, Кабельный фасад - Purple Concrete
appliedenergistics2:facade:0, Кабельный фасад - Purple Concrete
appliedenergistics2:facade:0, Кабельный фасад - Purple Concrete
appliedenergistics2:facade:0, Кабельный фасад - Purple Concrete
appliedenergistics2:facade:0, Кабельный фасад - Purple Concrete
appliedenergistics2:facade:0, Кабельный фасад - Purple Concrete
appliedenergistics2:facade:0, Кабельный фасад - Purple Concrete
appliedenergistics2:facade:0, Кабельный фасад - Purple Concrete
appliedenergistics2:facade:0, Кабельный фасад - Purple Concrete
appliedenergistics2:facade:0, Кабельный фасад - Purple Concrete
appliedenergistics2:facade:0, Кабельный фасад - Purple Concrete
appliedenergistics2:facade:0, Кабельный фасад - Purple Concrete
appliedenergistics2:facade:0, Кабельный фасад - Purple Concrete
appliedenergistics2:facade:0, Кабельный фасад - Purple Concrete
appliedenergistics2:facade:0, Кабельный фасад - Purple Concrete
appliedenergistics2:facade:0, Кабельный фасад - Purple Concrete
appliedenergistics2:facade:0, Кабельный фасад - Purple Concrete
appliedenergistics2:facade:0, Кабельный фасад - Purple Concrete
appliedenergistics2:facade:0, Кабельный фасад - Purple Concrete
appliedenergistics2:facade:0, Кабельный фасад - Purple Concrete
appliedenergistics2:facade:0, Кабельный фасад - Purple Concrete
appliedenergistics2:facade:0, Кабельный фасад - Purple Concrete
appliedenergistics2:facade:0, Кабельный фасад - Purple Concrete
appliedenergistics2:facade:0, Кабельный фасад - Purple Concrete
appliedenergistics2:facade:0, Кабельный фасад - Purple Concrete
appliedenergistics2:facade:0, Кабельный фасад - Purple Concrete
appliedenergistics2:facade:0, Кабельный фасад - Cyan Concrete
appliedenergistics2:facade:0, Кабельный фасад - Cyan Concrete
appliedenergistics2:facade:0, Кабельный фасад - Cyan Concrete
appliedenergistics2:facade:0, Кабельный фасад - Cyan Concrete
appliedenergistics2:facade:0, Кабельный фасад - Cyan Concrete
appliedenergistics2:facade:0, Кабельный фасад - Cyan Concrete
appliedenergistics2:facade:0, Кабельный фасад - Cyan Concrete
appliedenergistics2:facade:0, Кабельный фасад - Cyan Concrete
appliedenergistics2:facade:0, Кабельный фасад - Cyan Concrete
appliedenergistics2:facade:0, Кабельный фасад - Cyan Concrete
appliedenergistics2:facade:0, Кабельный фасад - Cyan Concrete
appliedenergistics2:facade:0, Кабельный фасад - Cyan Concrete
appliedenergistics2:facade:0, Кабельный фасад - Cyan Concrete
appliedenergistics2:facade:0, Кабельный фасад - Cyan Concrete
appliedenergistics2:facade:0, Кабельный фасад - Cyan Concrete
appliedenergistics2:facade:0, Кабельный фасад - Cyan Concrete
appliedenergistics2:facade:0, Кабельный фасад - Cyan Concrete
appliedenergistics2:facade:0, Кабельный фасад - Cyan Concrete
appliedenergistics2:facade:0, Кабельный фасад - Cyan Concrete
appliedenergistics2:facade:0, Кабельный фасад - Cyan Concrete
appliedenergistics2:facade:0, Кабельный фасад - Cyan Concrete
appliedenergistics2:facade:0, Кабельный фасад - Cyan Concrete
appliedenergistics2:facade:0, Кабельный фасад - Cyan Concrete
appliedenergistics2:facade:0, Кабельный фасад - Cyan Concrete
appliedenergistics2:facade:0, Кабельный фасад - Cyan Concrete
appliedenergistics2:facade:0, Кабельный фасад - Cyan Concrete
appliedenergistics2:facade:0, Кабельный фасад - Cyan Concrete
appliedenergistics2:facade:0, Кабельный фасад - Cyan Concrete
appliedenergistics2:facade:0, Кабельный фасад - Cyan Concrete
appliedenergistics2:facade:0, Кабельный фасад - Cyan Concrete
appliedenergistics2:facade:0, Кабельный фасад - Cyan Concrete
appliedenergistics2:facade:0, Кабельный фасад - Cyan Concrete
appliedenergistics2:facade:0, Кабельный фасад - Cyan Concrete
appliedenergistics2:facade:0, Кабельный фасад - Light Gray Concrete
appliedenergistics2:facade:0, Кабельный фасад - Light Gray Concrete
appliedenergistics2:facade:0, Кабельный фасад - Light Gray Concrete
appliedenergistics2:facade:0, Кабельный фасад - Light Gray Concrete
appliedenergistics2:facade:0, Кабельный фасад - Light Gray Concrete
appliedenergistics2:facade:0, Кабельный фасад - Light Gray Concrete
appliedenergistics2:facade:0, Кабельный фасад - Light Gray Concrete
appliedenergistics2:facade:0, Кабельный фасад - Light Gray Concrete
appliedenergistics2:facade:0, Кабельный фасад - Light Gray Concrete
appliedenergistics2:facade:0, Кабельный фасад - Light Gray Concrete
appliedenergistics2:facade:0, Кабельный фасад - Light Gray Concrete
appliedenergistics2:facade:0, Кабельный фасад - Light Gray Concrete
appliedenergistics2:facade:0, Кабельный фасад - Light Gray Concrete
appliedenergistics2:facade:0, Кабельный фасад - Light Gray Concrete
appliedenergistics2:facade:0, Кабельный фасад - Light Gray Concrete
appliedenergistics2:facade:0, Кабельный фасад - Light Gray Concrete
appliedenergistics2:facade:0, Кабельный фасад - Light Gray Concrete
appliedenergistics2:facade:0, Кабельный фасад - Light Gray Concrete
appliedenergistics2:facade:0, Кабельный фасад - Light Gray Concrete
appliedenergistics2:facade:0, Кабельный фасад - Light Gray Concrete
appliedenergistics2:facade:0, Кабельный фасад - Light Gray Concrete
appliedenergistics2:facade:0, Кабельный фасад - Light Gray Concrete
appliedenergistics2:facade:0, Кабельный фасад - Light Gray Concrete
appliedenergistics2:facade:0, Кабельный фасад - Light Gray Concrete
appliedenergistics2:facade:0, Кабельный фасад - Light Gray Concrete
appliedenergistics2:facade:0, Кабельный фасад - Light Gray Concrete
appliedenergistics2:facade:0, Кабельный фасад - Light Gray Concrete
appliedenergistics2:facade:0, Кабельный фасад - Light Gray Concrete
appliedenergistics2:facade:0, Кабельный фасад - Light Gray Concrete
appliedenergistics2:facade:0, Кабельный фасад - Light Gray Concrete
appliedenergistics2:facade:0, Кабельный фасад - Light Gray Concrete
appliedenergistics2:facade:0, Кабельный фасад - Light Gray Concrete
appliedenergistics2:facade:0, Кабельный фасад - Light Gray Concrete
appliedenergistics2:facade:0, Кабельный фасад - Gray Concrete
appliedenergistics2:facade:0, Кабельный фасад - Gray Concrete
appliedenergistics2:facade:0, Кабельный фасад - Gray Concrete
appliedenergistics2:facade:0, Кабельный фасад - Gray Concrete
appliedenergistics2:facade:0, Кабельный фасад - Gray Concrete
appliedenergistics2:facade:0, Кабельный фасад - Gray Concrete
appliedenergistics2:facade:0, Кабельный фасад - Gray Concrete
appliedenergistics2:facade:0, Кабельный фасад - Gray Concrete
appliedenergistics2:facade:0, Кабельный фасад - Gray Concrete
appliedenergistics2:facade:0, Кабельный фасад - Gray Concrete
appliedenergistics2:facade:0, Кабельный фасад - Gray Concrete
appliedenergistics2:facade:0, Кабельный фасад - Gray Concrete
appliedenergistics2:facade:0, Кабельный фасад - Gray Concrete
appliedenergistics2:facade:0, Кабельный фасад - Gray Concrete
appliedenergistics2:facade:0, Кабельный фасад - Gray Concrete
appliedenergistics2:facade:0, Кабельный фасад - Gray Concrete
appliedenergistics2:facade:0, Кабельный фасад - Gray Concrete
appliedenergistics2:facade:0, Кабельный фасад - Gray Concrete
appliedenergistics2:facade:0, Кабельный фасад - Gray Concrete
appliedenergistics2:facade:0, Кабельный фасад - Gray Concrete
appliedenergistics2:facade:0, Кабельный фасад - Gray Concrete
appliedenergistics2:facade:0, Кабельный фасад - Gray Concrete
appliedenergistics2:facade:0, Кабельный фасад - Gray Concrete
appliedenergistics2:facade:0, Кабельный фасад - Gray Concrete
appliedenergistics2:facade:0, Кабельный фасад - Gray Concrete
appliedenergistics2:facade:0, Кабельный фасад - Gray Concrete
appliedenergistics2:facade:0, Кабельный фасад - Gray Concrete
appliedenergistics2:facade:0, Кабельный фасад - Gray Concrete
appliedenergistics2:facade:0, Кабельный фасад - Gray Concrete
appliedenergistics2:facade:0, Кабельный фасад - Gray Concrete
appliedenergistics2:facade:0, Кабельный фасад - Gray Concrete
appliedenergistics2:facade:0, Кабельный фасад - Gray Concrete
appliedenergistics2:facade:0, Кабельный фасад - Gray Concrete
appliedenergistics2:facade:0, Кабельный фасад - Pink Concrete
appliedenergistics2:facade:0, Кабельный фасад - Pink Concrete
appliedenergistics2:facade:0, Кабельный фасад - Pink Concrete
appliedenergistics2:facade:0, Кабельный фасад - Pink Concrete
appliedenergistics2:facade:0, Кабельный фасад - Pink Concrete
appliedenergistics2:facade:0, Кабельный фасад - Pink Concrete
appliedenergistics2:facade:0, Кабельный фасад - Pink Concrete
appliedenergistics2:facade:0, Кабельный фасад - Pink Concrete
appliedenergistics2:facade:0, Кабельный фасад - Pink Concrete
appliedenergistics2:facade:0, Кабельный фасад - Pink Concrete
appliedenergistics2:facade:0, Кабельный фасад - Pink Concrete
appliedenergistics2:facade:0, Кабельный фасад - Pink Concrete
appliedenergistics2:facade:0, Кабельный фасад - Pink Concrete
appliedenergistics2:facade:0, Кабельный фасад - Pink Concrete
appliedenergistics2:facade:0, Кабельный фасад - Pink Concrete
appliedenergistics2:facade:0, Кабельный фасад - Pink Concrete
appliedenergistics2:facade:0, Кабельный фасад - Pink Concrete
appliedenergistics2:facade:0, Кабельный фасад - Pink Concrete
appliedenergistics2:facade:0, Кабельный фасад - Pink Concrete
appliedenergistics2:facade:0, Кабельный фасад - Pink Concrete
appliedenergistics2:facade:0, Кабельный фасад - Pink Concrete
appliedenergistics2:facade:0, Кабельный фасад - Pink Concrete
appliedenergistics2:facade:0, Кабельный фасад - Pink Concrete
appliedenergistics2:facade:0, Кабельный фасад - Pink Concrete
appliedenergistics2:facade:0, Кабельный фасад - Pink Concrete
appliedenergistics2:facade:0, Кабельный фасад - Pink Concrete
appliedenergistics2:facade:0, Кабельный фасад - Pink Concrete
appliedenergistics2:facade:0, Кабельный фасад - Pink Concrete
appliedenergistics2:facade:0, Кабельный фасад - Pink Concrete
appliedenergistics2:facade:0, Кабельный фасад - Pink Concrete
appliedenergistics2:facade:0, Кабельный фасад - Pink Concrete
appliedenergistics2:facade:0, Кабельный фасад - Pink Concrete
appliedenergistics2:facade:0, Кабельный фасад - Pink Concrete
appliedenergistics2:facade:0, Кабельный фасад - Lime Concrete
appliedenergistics2:facade:0, Кабельный фасад - Lime Concrete
appliedenergistics2:facade:0, Кабельный фасад - Lime Concrete
appliedenergistics2:facade:0, Кабельный фасад - Lime Concrete
appliedenergistics2:facade:0, Кабельный фасад - Lime Concrete
appliedenergistics2:facade:0, Кабельный фасад - Lime Concrete
appliedenergistics2:facade:0, Кабельный фасад - Lime Concrete
appliedenergistics2:facade:0, Кабельный фасад - Lime Concrete
appliedenergistics2:facade:0, Кабельный фасад - Lime Concrete
appliedenergistics2:facade:0, Кабельный фасад - Lime Concrete
appliedenergistics2:facade:0, Кабельный фасад - Lime Concrete
appliedenergistics2:facade:0, Кабельный фасад - Lime Concrete
appliedenergistics2:facade:0, Кабельный фасад - Lime Concrete
appliedenergistics2:facade:0, Кабельный фасад - Lime Concrete
appliedenergistics2:facade:0, Кабельный фасад - Lime Concrete
appliedenergistics2:facade:0, Кабельный фасад - Lime Concrete
appliedenergistics2:facade:0, Кабельный фасад - Lime Concrete
appliedenergistics2:facade:0, Кабельный фасад - Lime Concrete
appliedenergistics2:facade:0, Кабельный фасад - Lime Concrete
appliedenergistics2:facade:0, Кабельный фасад - Lime Concrete
appliedenergistics2:facade:0, Кабельный фасад - Lime Concrete
appliedenergistics2:facade:0, Кабельный фасад - Lime Concrete
appliedenergistics2:facade:0, Кабельный фасад - Lime Concrete
appliedenergistics2:facade:0, Кабельный фасад - Lime Concrete
appliedenergistics2:facade:0, Кабельный фасад - Lime Concrete
appliedenergistics2:facade:0, Кабельный фасад - Lime Concrete
appliedenergistics2:facade:0, Кабельный фасад - Lime Concrete
appliedenergistics2:facade:0, Кабельный фасад - Lime Concrete
appliedenergistics2:facade:0, Кабельный фасад - Lime Concrete
appliedenergistics2:facade:0, Кабельный фасад - Lime Concrete
appliedenergistics2:facade:0, Кабельный фасад - Lime Concrete
appliedenergistics2:facade:0, Кабельный фасад - Lime Concrete
appliedenergistics2:facade:0, Кабельный фасад - Lime Concrete
appliedenergistics2:facade:0, Кабельный фасад - Yellow Concrete
appliedenergistics2:facade:0, Кабельный фасад - Yellow Concrete
appliedenergistics2:facade:0, Кабельный фасад - Yellow Concrete
appliedenergistics2:facade:0, Кабельный фасад - Yellow Concrete
appliedenergistics2:facade:0, Кабельный фасад - Yellow Concrete
appliedenergistics2:facade:0, Кабельный фасад - Yellow Concrete
appliedenergistics2:facade:0, Кабельный фасад - Yellow Concrete
appliedenergistics2:facade:0, Кабельный фасад - Yellow Concrete
appliedenergistics2:facade:0, Кабельный фасад - Yellow Concrete
appliedenergistics2:facade:0, Кабельный фасад - Yellow Concrete
appliedenergistics2:facade:0, Кабельный фасад - Yellow Concrete
appliedenergistics2:facade:0, Кабельный фасад - Yellow Concrete
appliedenergistics2:facade:0, Кабельный фасад - Yellow Concrete
appliedenergistics2:facade:0, Кабельный фасад - Yellow Concrete
appliedenergistics2:facade:0, Кабельный фасад - Yellow Concrete
appliedenergistics2:facade:0, Кабельный фасад - Yellow Concrete
appliedenergistics2:facade:0, Кабельный фасад - Yellow Concrete
appliedenergistics2:facade:0, Кабельный фасад - Yellow Concrete
appliedenergistics2:facade:0, Кабельный фасад - Yellow Concrete
appliedenergistics2:facade:0, Кабельный фасад - Yellow Concrete
appliedenergistics2:facade:0, Кабельный фасад - Yellow Concrete
appliedenergistics2:facade:0, Кабельный фасад - Yellow Concrete
appliedenergistics2:facade:0, Кабельный фасад - Yellow Concrete
appliedenergistics2:facade:0, Кабельный фасад - Yellow Concrete
appliedenergistics2:facade:0, Кабельный фасад - Yellow Concrete
appliedenergistics2:facade:0, Кабельный фасад - Yellow Concrete
appliedenergistics2:facade:0, Кабельный фасад - Yellow Concrete
appliedenergistics2:facade:0, Кабельный фасад - Yellow Concrete
appliedenergistics2:facade:0, Кабельный фасад - Yellow Concrete
appliedenergistics2:facade:0, Кабельный фасад - Yellow Concrete
appliedenergistics2:facade:0, Кабельный фасад - Yellow Concrete
appliedenergistics2:facade:0, Кабельный фасад - Yellow Concrete
appliedenergistics2:facade:0, Кабельный фасад - Yellow Concrete
appliedenergistics2:facade:0, Кабельный фасад - Light Blue Concrete
appliedenergistics2:facade:0, Кабельный фасад - Light Blue Concrete
appliedenergistics2:facade:0, Кабельный фасад - Light Blue Concrete
appliedenergistics2:facade:0, Кабельный фасад - Light Blue Concrete
appliedenergistics2:facade:0, Кабельный фасад - Light Blue Concrete
appliedenergistics2:facade:0, Кабельный фасад - Light Blue Concrete
appliedenergistics2:facade:0, Кабельный фасад - Light Blue Concrete
appliedenergistics2:facade:0, Кабельный фасад - Light Blue Concrete
appliedenergistics2:facade:0, Кабельный фасад - Light Blue Concrete
appliedenergistics2:facade:0, Кабельный фасад - Light Blue Concrete
appliedenergistics2:facade:0, Кабельный фасад - Light Blue Concrete
appliedenergistics2:facade:0, Кабельный фасад - Light Blue Concrete
appliedenergistics2:facade:0, Кабельный фасад - Light Blue Concrete
appliedenergistics2:facade:0, Кабельный фасад - Light Blue Concrete
appliedenergistics2:facade:0, Кабельный фасад - Light Blue Concrete
appliedenergistics2:facade:0, Кабельный фасад - Light Blue Concrete
appliedenergistics2:facade:0, Кабельный фасад - Light Blue Concrete
appliedenergistics2:facade:0, Кабельный фасад - Light Blue Concrete
appliedenergistics2:facade:0, Кабельный фасад - Light Blue Concrete
appliedenergistics2:facade:0, Кабельный фасад - Light Blue Concrete
appliedenergistics2:facade:0, Кабельный фасад - Light Blue Concrete
appliedenergistics2:facade:0, Кабельный фасад - Light Blue Concrete
appliedenergistics2:facade:0, Кабельный фасад - Light Blue Concrete
appliedenergistics2:facade:0, Кабельный фасад - Light Blue Concrete
appliedenergistics2:facade:0, Кабельный фасад - Light Blue Concrete
appliedenergistics2:facade:0, Кабельный фасад - Light Blue Concrete
appliedenergistics2:facade:0, Кабельный фасад - Light Blue Concrete
appliedenergistics2:facade:0, Кабельный фасад - Light Blue Concrete
appliedenergistics2:facade:0, Кабельный фасад - Light Blue Concrete
appliedenergistics2:facade:0, Кабельный фасад - Light Blue Concrete
appliedenergistics2:facade:0, Кабельный фасад - Light Blue Concrete
appliedenergistics2:facade:0, Кабельный фасад - Light Blue Concrete
appliedenergistics2:facade:0, Кабельный фасад - Light Blue Concrete
appliedenergistics2:facade:0, Кабельный фасад - Magenta Concrete
appliedenergistics2:facade:0, Кабельный фасад - Magenta Concrete
appliedenergistics2:facade:0, Кабельный фасад - Magenta Concrete
appliedenergistics2:facade:0, Кабельный фасад - Magenta Concrete
appliedenergistics2:facade:0, Кабельный фасад - Magenta Concrete
appliedenergistics2:facade:0, Кабельный фасад - Magenta Concrete
appliedenergistics2:facade:0, Кабельный фасад - Magenta Concrete
appliedenergistics2:facade:0, Кабельный фасад - Magenta Concrete
appliedenergistics2:facade:0, Кабельный фасад - Magenta Concrete
appliedenergistics2:facade:0, Кабельный фасад - Magenta Concrete
appliedenergistics2:facade:0, Кабельный фасад - Magenta Concrete
appliedenergistics2:facade:0, Кабельный фасад - Magenta Concrete
appliedenergistics2:facade:0, Кабельный фасад - Magenta Concrete
appliedenergistics2:facade:0, Кабельный фасад - Magenta Concrete
appliedenergistics2:facade:0, Кабельный фасад - Magenta Concrete
appliedenergistics2:facade:0, Кабельный фасад - Magenta Concrete
appliedenergistics2:facade:0, Кабельный фасад - Magenta Concrete
appliedenergistics2:facade:0, Кабельный фасад - Magenta Concrete
appliedenergistics2:facade:0, Кабельный фасад - Magenta Concrete
appliedenergistics2:facade:0, Кабельный фасад - Magenta Concrete
appliedenergistics2:facade:0, Кабельный фасад - Magenta Concrete
appliedenergistics2:facade:0, Кабельный фасад - Magenta Concrete
appliedenergistics2:facade:0, Кабельный фасад - Magenta Concrete
appliedenergistics2:facade:0, Кабельный фасад - Magenta Concrete
appliedenergistics2:facade:0, Кабельный фасад - Magenta Concrete
appliedenergistics2:facade:0, Кабельный фасад - Magenta Concrete
appliedenergistics2:facade:0, Кабельный фасад - Magenta Concrete
appliedenergistics2:facade:0, Кабельный фасад - Magenta Concrete
appliedenergistics2:facade:0, Кабельный фасад - Magenta Concrete
appliedenergistics2:facade:0, Кабельный фасад - Magenta Concrete
appliedenergistics2:facade:0, Кабельный фасад - Magenta Concrete
appliedenergistics2:facade:0, Кабельный фасад - Magenta Concrete
appliedenergistics2:facade:0, Кабельный фасад - Magenta Concrete
appliedenergistics2:facade:0, Кабельный фасад - Orange Concrete
appliedenergistics2:facade:0, Кабельный фасад - Orange Concrete
appliedenergistics2:facade:0, Кабельный фасад - Orange Concrete
appliedenergistics2:facade:0, Кабельный фасад - Orange Concrete
appliedenergistics2:facade:0, Кабельный фасад - Orange Concrete
appliedenergistics2:facade:0, Кабельный фасад - Orange Concrete
appliedenergistics2:facade:0, Кабельный фасад - Orange Concrete
appliedenergistics2:facade:0, Кабельный фасад - Orange Concrete
appliedenergistics2:facade:0, Кабельный фасад - Orange Concrete
appliedenergistics2:facade:0, Кабельный фасад - Orange Concrete
appliedenergistics2:facade:0, Кабельный фасад - Orange Concrete
appliedenergistics2:facade:0, Кабельный фасад - Orange Concrete
appliedenergistics2:facade:0, Кабельный фасад - Orange Concrete
appliedenergistics2:facade:0, Кабельный фасад - Orange Concrete
appliedenergistics2:facade:0, Кабельный фасад - Orange Concrete
appliedenergistics2:facade:0, Кабельный фасад - Orange Concrete
appliedenergistics2:facade:0, Кабельный фасад - Orange Concrete
appliedenergistics2:facade:0, Кабельный фасад - Orange Concrete
appliedenergistics2:facade:0, Кабельный фасад - Orange Concrete
appliedenergistics2:facade:0, Кабельный фасад - Orange Concrete
appliedenergistics2:facade:0, Кабельный фасад - Orange Concrete
appliedenergistics2:facade:0, Кабельный фасад - Orange Concrete
appliedenergistics2:facade:0, Кабельный фасад - Orange Concrete
appliedenergistics2:facade:0, Кабельный фасад - Orange Concrete
appliedenergistics2:facade:0, Кабельный фасад - Orange Concrete
appliedenergistics2:facade:0, Кабельный фасад - Orange Concrete
appliedenergistics2:facade:0, Кабельный фасад - Orange Concrete
appliedenergistics2:facade:0, Кабельный фасад - Orange Concrete
appliedenergistics2:facade:0, Кабельный фасад - Orange Concrete
appliedenergistics2:facade:0, Кабельный фасад - Orange Concrete
appliedenergistics2:facade:0, Кабельный фасад - Orange Concrete
appliedenergistics2:facade:0, Кабельный фасад - Orange Concrete
appliedenergistics2:facade:0, Кабельный фасад - Orange Concrete
appliedenergistics2:facade:0, Кабельный фасад - White Concrete
appliedenergistics2:facade:0, Кабельный фасад - White Concrete
appliedenergistics2:facade:0, Кабельный фасад - White Concrete
appliedenergistics2:facade:0, Кабельный фасад - White Concrete
appliedenergistics2:facade:0, Кабельный фасад - White Concrete
appliedenergistics2:facade:0, Кабельный фасад - White Concrete
appliedenergistics2:facade:0, Кабельный фасад - White Concrete
appliedenergistics2:facade:0, Кабельный фасад - White Concrete
appliedenergistics2:facade:0, Кабельный фасад - White Concrete
appliedenergistics2:facade:0, Кабельный фасад - White Concrete
appliedenergistics2:facade:0, Кабельный фасад - White Concrete
appliedenergistics2:facade:0, Кабельный фасад - White Concrete
appliedenergistics2:facade:0, Кабельный фасад - White Concrete
appliedenergistics2:facade:0, Кабельный фасад - White Concrete
appliedenergistics2:facade:0, Кабельный фасад - White Concrete
appliedenergistics2:facade:0, Кабельный фасад - White Concrete
appliedenergistics2:facade:0, Кабельный фасад - White Concrete
appliedenergistics2:facade:0, Кабельный фасад - White Concrete
appliedenergistics2:facade:0, Кабельный фасад - White Concrete
appliedenergistics2:facade:0, Кабельный фасад - White Concrete
appliedenergistics2:facade:0, Кабельный фасад - White Concrete
appliedenergistics2:facade:0, Кабельный фасад - White Concrete
appliedenergistics2:facade:0, Кабельный фасад - White Concrete
appliedenergistics2:facade:0, Кабельный фасад - White Concrete
appliedenergistics2:facade:0, Кабельный фасад - White Concrete
appliedenergistics2:facade:0, Кабельный фасад - White Concrete
appliedenergistics2:facade:0, Кабельный фасад - White Concrete
appliedenergistics2:facade:0, Кабельный фасад - White Concrete
appliedenergistics2:facade:0, Кабельный фасад - White Concrete
appliedenergistics2:facade:0, Кабельный фасад - White Concrete
appliedenergistics2:facade:0, Кабельный фасад - White Concrete
appliedenergistics2:facade:0, Кабельный фасад - White Concrete
appliedenergistics2:facade:0, Кабельный фасад - White Concrete
appliedenergistics2:facade:0, Кабельный фасад - Медный блок
appliedenergistics2:facade:0, Кабельный фасад - Медный блок
appliedenergistics2:facade:0, Кабельный фасад - Медный блок
appliedenergistics2:facade:0, Кабельный фасад - Медный блок
appliedenergistics2:facade:0, Кабельный фасад - Медный блок
appliedenergistics2:facade:0, Кабельный фасад - Медный блок
appliedenergistics2:facade:0, Кабельный фасад - Медный блок
appliedenergistics2:facade:0, Кабельный фасад - Алмазный блок
appliedenergistics2:facade:0, Кабельный фасад - Алмазный блок
appliedenergistics2:facade:0, Кабельный фасад - Алмазный блок
appliedenergistics2:facade:0, Кабельный фасад - Алмазный блок
appliedenergistics2:facade:0, Кабельный фасад - Алмазный блок
appliedenergistics2:facade:0, Кабельный фасад - Алмазный блок
appliedenergistics2:facade:0, Кабельный фасад - Алмазный блок
appliedenergistics2:facade:0, Кабельный фасад - Алмазный блок
appliedenergistics2:facade:0, Кабельный фасад - Алмазный блок
appliedenergistics2:facade:0, Кабельный фасад - Алмазный блок
appliedenergistics2:facade:0, Кабельный фасад - Алмазный блок
appliedenergistics2:facade:0, Кабельный фасад - Алмазный блок
appliedenergistics2:facade:0, Кабельный фасад - Диорит
appliedenergistics2:facade:0, Кабельный фасад - Диорит
appliedenergistics2:facade:0, Кабельный фасад - Диорит
appliedenergistics2:facade:0, Кабельный фасад - Диорит
appliedenergistics2:facade:0, Кабельный фасад - Диорит
appliedenergistics2:facade:0, Кабельный фасад - Диорит
appliedenergistics2:facade:0, Кабельный фасад - Диорит
appliedenergistics2:facade:0, Кабельный фасад - Диорит
appliedenergistics2:facade:0, Кабельный фасад - Диорит
appliedenergistics2:facade:0, Кабельный фасад - Диорит
appliedenergistics2:facade:0, Кабельный фасад - Диорит
appliedenergistics2:facade:0, Кабельный фасад - Диорит
appliedenergistics2:facade:0, Кабельный фасад - Диорит
appliedenergistics2:facade:0, Кабельный фасад - Диорит
appliedenergistics2:facade:0, Кабельный фасад - Диорит
appliedenergistics2:facade:0, Кабельный фасад - Диорит
appliedenergistics2:facade:0, Кабельный фасад - Диорит
appliedenergistics2:facade:0, Кабельный фасад - Диорит
appliedenergistics2:facade:0, Кабельный фасад - Диорит
appliedenergistics2:facade:0, Кабельный фасад - Диорит
appliedenergistics2:facade:0, Кабельный фасад - Диорит
appliedenergistics2:facade:0, Кабельный фасад - Диорит
appliedenergistics2:facade:0, Кабельный фасад - Диорит
appliedenergistics2:facade:0, Кабельный фасад - Диорит
appliedenergistics2:facade:0, Кабельный фасад - Диорит
appliedenergistics2:facade:0, Кабельный фасад - Диорит
appliedenergistics2:facade:0, Кабельный фасад - Диорит
appliedenergistics2:facade:0, Кабельный фасад - Диорит
appliedenergistics2:facade:0, Кабельный фасад - Диорит
appliedenergistics2:facade:0, Кабельный фасад - Диорит
appliedenergistics2:facade:0, Кабельный фасад - Диорит
appliedenergistics2:facade:0, Кабельный фасад - Диорит
appliedenergistics2:facade:0, Кабельный фасад - Диорит
appliedenergistics2:facade:0, Кабельный фасад - Земля
appliedenergistics2:facade:0, Кабельный фасад - Земля
appliedenergistics2:facade:0, Кабельный фасад - Земля
appliedenergistics2:facade:0, Кабельный фасад - Земля
appliedenergistics2:facade:0, Кабельный фасад - Земля
appliedenergistics2:facade:0, Кабельный фасад - Земля
appliedenergistics2:facade:0, Кабельный фасад - Земля
appliedenergistics2:facade:0, Кабельный фасад - Земля
appliedenergistics2:facade:0, Кабельный фасад - Земля
appliedenergistics2:facade:0, Кабельный фасад - Земля
appliedenergistics2:facade:0, Кабельный фасад - Земля
appliedenergistics2:facade:0, Кабельный фасад - Земля
appliedenergistics2:facade:0, Кабельный фасад - Земля
appliedenergistics2:facade:0, Кабельный фасад - Земля
appliedenergistics2:facade:0, Кабельный фасад - Земля
appliedenergistics2:facade:0, Кабельный фасад - Земля
appliedenergistics2:facade:0, Кабельный фасад - Электрумовый блок
appliedenergistics2:facade:0, Кабельный фасад - Электрумовый блок
appliedenergistics2:facade:0, Кабельный фасад - Электрумовый блок
appliedenergistics2:facade:0, Кабельный фасад - Электрумовый блок
appliedenergistics2:facade:0, Кабельный фасад - Электрумовый блок
appliedenergistics2:facade:0, Кабельный фасад - Электрумовый блок
appliedenergistics2:facade:0, Кабельный фасад - Электрумовый блок
appliedenergistics2:facade:0, Кабельный фасад - Изумрудный блок
appliedenergistics2:facade:0, Кабельный фасад - Изумрудный блок
appliedenergistics2:facade:0, Кабельный фасад - Изумрудный блок
appliedenergistics2:facade:0, Кабельный фасад - Изумрудный блок
appliedenergistics2:facade:0, Кабельный фасад - Изумрудный блок
appliedenergistics2:facade:0, Кабельный фасад - Изумрудный блок
appliedenergistics2:facade:0, Кабельный фасад - Изумрудный блок
appliedenergistics2:facade:0, Кабельный фасад - Изумрудный блок
appliedenergistics2:facade:0, Кабельный фасад - Изумрудный блок
appliedenergistics2:facade:0, Кабельный фасад - Изумрудный блок
appliedenergistics2:facade:0, Кабельный фасад - Изумрудный блок
appliedenergistics2:facade:0, Кабельный фасад - Изумрудный блок
appliedenergistics2:facade:0, Кабельный фасад - Изумрудный блок
appliedenergistics2:facade:0, Кабельный фасад - Изумрудный блок
appliedenergistics2:facade:0, Кабельный фасад - Пурпур-блок
appliedenergistics2:facade:0, Кабельный фасад - Пурпур-блок
appliedenergistics2:facade:0, Кабельный фасад - Пурпур-блок
appliedenergistics2:facade:0, Кабельный фасад - Пурпур-блок
appliedenergistics2:facade:0, Кабельный фасад - Пурпур-блок
appliedenergistics2:facade:0, Кабельный фасад - Пурпур-блок
appliedenergistics2:facade:0, Кабельный фасад - Пурпур-блок
appliedenergistics2:facade:0, Кабельный фасад - Пурпур-блок
appliedenergistics2:facade:0, Кабельный фасад - Пурпур-блок
appliedenergistics2:facade:0, Кабельный фасад - Пурпур-блок
appliedenergistics2:facade:0, Кабельный фасад - Пурпур-блок
appliedenergistics2:facade:0, Кабельный фасад - Пурпур-блок
appliedenergistics2:facade:0, Кабельный фасад - Пурпур-блок
appliedenergistics2:facade:0, Кабельный фасад - Пурпур-блок
appliedenergistics2:facade:0, Кабельный фасад - Пурпур-блок
appliedenergistics2:facade:0, Кабельный фасад - Пурпур-блок
appliedenergistics2:facade:0, Кабельный фасад - Пурпур-блок
appliedenergistics2:facade:0, Кабельный фасад - Пурпур-блок
appliedenergistics2:facade:0, Кабельный фасад - Пурпур-блок
appliedenergistics2:facade:0, Кабельный фасад - Пурпур-блок
appliedenergistics2:facade:0, Кабельный фасад - Пурпур-блок
appliedenergistics2:facade:0, Кабельный фасад - Пурпур-блок
appliedenergistics2:facade:0, Кабельный фасад - Пурпур-блок
appliedenergistics2:facade:0, Кабельный фасад - Пурпур-блок
appliedenergistics2:facade:0, Кабельный фасад - Пурпур-блок
appliedenergistics2:facade:0, Кабельный фасад - Пурпур-блок
appliedenergistics2:facade:0, Кабельный фасад - Пурпур-блок
appliedenergistics2:facade:0, Кабельный фасад - Пурпур-блок
appliedenergistics2:facade:0, Кабельный фасад - Пурпур-блок
appliedenergistics2:facade:0, Кабельный фасад - Пурпур-блок
appliedenergistics2:facade:0, Кабельный фасад - Пурпур-блок
appliedenergistics2:facade:0, Кабельный фасад - Эндерняк
appliedenergistics2:facade:0, Кабельный фасад - Эндерняк
appliedenergistics2:facade:0, Кабельный фасад - Эндерняк
appliedenergistics2:facade:0, Кабельный фасад - Эндерняк
appliedenergistics2:facade:0, Кабельный фасад - Эндерняк
appliedenergistics2:facade:0, Кабельный фасад - Эндерняк
appliedenergistics2:facade:0, Кабельный фасад - Эндерняк
appliedenergistics2:facade:0, Кабельный фасад - Эндерняк
appliedenergistics2:facade:0, Кабельный фасад - Эндерняк
appliedenergistics2:facade:0, Кабельный фасад - Эндерняк
appliedenergistics2:facade:0, Кабельный фасад - Эндерняк
appliedenergistics2:facade:0, Кабельный фасад - Эндерняк
appliedenergistics2:facade:0, Кабельный фасад - Эндерняк
appliedenergistics2:facade:0, Кабельный фасад - Эндерняк
appliedenergistics2:facade:0, Кабельный фасад - Эндерняк
appliedenergistics2:facade:0, Кабельный фасад - Эндерняк
appliedenergistics2:facade:0, Кабельный фасад - Эндерняк
appliedenergistics2:facade:0, Кабельный фасад - Эндерняк
appliedenergistics2:facade:0, Кабельный фасад - Эндерняк
appliedenergistics2:facade:0, Кабельный фасад - Эндерняк
appliedenergistics2:facade:0, Кабельный фасад - Эндерняк
appliedenergistics2:facade:0, Кабельный фасад - Эндерняк
appliedenergistics2:facade:0, Кабельный фасад - Эндерняк
appliedenergistics2:facade:0, Кабельный фасад - Эндерняк
appliedenergistics2:facade:0, Кабельный фасад - Эндерняк
appliedenergistics2:facade:0, Кабельный фасад - Эндерняк
appliedenergistics2:facade:0, Кабельный фасад - Эндерняк
appliedenergistics2:facade:0, Кабельный фасад - Эндерняк
appliedenergistics2:facade:0, Кабельный фасад - Эндерняк
appliedenergistics2:facade:0, Кабельный фасад - Эндерняк
appliedenergistics2:facade:0, Кабельный фасад - Эндерняк
appliedenergistics2:facade:0, Кабельный фасад - Эндерняк
appliedenergistics2:facade:0, Кабельный фасад - Эндерняк
appliedenergistics2:facade:0, Кабельный фасад - Фабричный блок
appliedenergistics2:facade:0, Кабельный фасад - Фабричный блок
appliedenergistics2:facade:0, Кабельный фасад - Фабричный блок
appliedenergistics2:facade:0, Кабельный фасад - Фабричный блок
appliedenergistics2:facade:0, Кабельный фасад - Фабричный блок
appliedenergistics2:facade:0, Кабельный фасад - Фабричный блок
appliedenergistics2:facade:0, Кабельный фасад - Фабричный блок
appliedenergistics2:facade:0, Кабельный фасад - Фабричный блок
appliedenergistics2:facade:0, Кабельный фасад - Фабричный блок
appliedenergistics2:facade:0, Кабельный фасад - Фабричный блок
appliedenergistics2:facade:0, Кабельный фасад - Фабричный блок
appliedenergistics2:facade:0, Кабельный фасад - Фабричный блок
appliedenergistics2:facade:0, Кабельный фасад - Фабричный блок
appliedenergistics2:facade:0, Кабельный фасад - Фабричный блок
appliedenergistics2:facade:0, Кабельный фасад - Фабричный блок
appliedenergistics2:facade:0, Кабельный фасад - Фабричный блок
appliedenergistics2:facade:0, Кабельный фасад - Фабричный блок
appliedenergistics2:facade:0, Кабельный фасад - Фабричный блок
appliedenergistics2:facade:0, Кабельный фасад - Фабричный блок
appliedenergistics2:facade:0, Кабельный фасад - Фабричный блок
appliedenergistics2:facade:0, Кабельный фасад - Фабричный блок
appliedenergistics2:facade:0, Кабельный фасад - Футура-блок
appliedenergistics2:facade:0, Кабельный фасад - Футура-блок
appliedenergistics2:facade:0, Кабельный фасад - Футура-блок
appliedenergistics2:facade:0, Кабельный фасад - Футура-блок
appliedenergistics2:facade:0, Кабельный фасад - Футура-блок
appliedenergistics2:facade:0, Кабельный фасад - Футура-блок
appliedenergistics2:facade:0, Кабельный фасад - Светокамень
appliedenergistics2:facade:0, Кабельный фасад - Светокамень
appliedenergistics2:facade:0, Кабельный фасад - Светокамень
appliedenergistics2:facade:0, Кабельный фасад - Светокамень
appliedenergistics2:facade:0, Кабельный фасад - Светокамень
appliedenergistics2:facade:0, Кабельный фасад - Светокамень
appliedenergistics2:facade:0, Кабельный фасад - Светокамень
appliedenergistics2:facade:0, Кабельный фасад - Светокамень
appliedenergistics2:facade:0, Кабельный фасад - Светокамень
appliedenergistics2:facade:0, Кабельный фасад - Светокамень
appliedenergistics2:facade:0, Кабельный фасад - Светокамень
appliedenergistics2:facade:0, Кабельный фасад - Светокамень
appliedenergistics2:facade:0, Кабельный фасад - Светокамень
appliedenergistics2:facade:0, Кабельный фасад - Светокамень
appliedenergistics2:facade:0, Кабельный фасад - Светокамень
appliedenergistics2:facade:0, Кабельный фасад - Светокамень
appliedenergistics2:facade:0, Кабельный фасад - Светокамень
appliedenergistics2:facade:0, Кабельный фасад - Светокамень
appliedenergistics2:facade:0, Кабельный фасад - Светокамень
appliedenergistics2:facade:0, Кабельный фасад - Светокамень
appliedenergistics2:facade:0, Кабельный фасад - Светокамень
appliedenergistics2:facade:0, Кабельный фасад - Светокамень
appliedenergistics2:facade:0, Кабельный фасад - Светокамень
appliedenergistics2:facade:0, Кабельный фасад - Светокамень
appliedenergistics2:facade:0, Кабельный фасад - Светокамень
appliedenergistics2:facade:0, Кабельный фасад - Светокамень
appliedenergistics2:facade:0, Кабельный фасад - Светокамень
appliedenergistics2:facade:0, Кабельный фасад - Светокамень
appliedenergistics2:facade:0, Кабельный фасад - Светокамень
appliedenergistics2:facade:0, Кабельный фасад - Светокамень
appliedenergistics2:facade:0, Кабельный фасад - Светокамень
appliedenergistics2:facade:0, Кабельный фасад - Светокамень
appliedenergistics2:facade:0, Кабельный фасад - Светокамень
appliedenergistics2:facade:0, Кабельный фасад - Золотой блок
appliedenergistics2:facade:0, Кабельный фасад - Золотой блок
appliedenergistics2:facade:0, Кабельный фасад - Золотой блок
appliedenergistics2:facade:0, Кабельный фасад - Золотой блок
appliedenergistics2:facade:0, Кабельный фасад - Золотой блок
appliedenergistics2:facade:0, Кабельный фасад - Золотой блок
appliedenergistics2:facade:0, Кабельный фасад - Золотой блок
appliedenergistics2:facade:0, Кабельный фасад - Золотой блок
appliedenergistics2:facade:0, Кабельный фасад - Золотой блок
appliedenergistics2:facade:0, Кабельный фасад - Золотой блок
appliedenergistics2:facade:0, Кабельный фасад - Золотой блок
appliedenergistics2:facade:0, Кабельный фасад - Золотой блок
appliedenergistics2:facade:0, Кабельный фасад - Золотой блок
appliedenergistics2:facade:0, Кабельный фасад - Золотой блок
appliedenergistics2:facade:0, Кабельный фасад - Золотой блок
appliedenergistics2:facade:0, Кабельный фасад - Золотой блок
appliedenergistics2:facade:0, Кабельный фасад - Золотой блок
appliedenergistics2:facade:0, Кабельный фасад - Золотой блок
appliedenergistics2:facade:0, Кабельный фасад - Золотой блок
appliedenergistics2:facade:0, Кабельный фасад - Золотой блок
appliedenergistics2:facade:0, Кабельный фасад - Золотой блок
appliedenergistics2:facade:0, Кабельный фасад - Гранит
appliedenergistics2:facade:0, Кабельный фасад - Гранит
appliedenergistics2:facade:0, Кабельный фасад - Гранит
appliedenergistics2:facade:0, Кабельный фасад - Гранит
appliedenergistics2:facade:0, Кабельный фасад - Гранит
appliedenergistics2:facade:0, Кабельный фасад - Гранит
appliedenergistics2:facade:0, Кабельный фасад - Гранит
appliedenergistics2:facade:0, Кабельный фасад - Гранит
appliedenergistics2:facade:0, Кабельный фасад - Гранит
appliedenergistics2:facade:0, Кабельный фасад - Гранит
appliedenergistics2:facade:0, Кабельный фасад - Гранит
appliedenergistics2:facade:0, Кабельный фасад - Гранит
appliedenergistics2:facade:0, Кабельный фасад - Гранит
appliedenergistics2:facade:0, Кабельный фасад - Гранит
appliedenergistics2:facade:0, Кабельный фасад - Гранит
appliedenergistics2:facade:0, Кабельный фасад - Гранит
appliedenergistics2:facade:0, Кабельный фасад - Гранит
appliedenergistics2:facade:0, Кабельный фасад - Гранит
appliedenergistics2:facade:0, Кабельный фасад - Гранит
appliedenergistics2:facade:0, Кабельный фасад - Гранит
appliedenergistics2:facade:0, Кабельный фасад - Гранит
appliedenergistics2:facade:0, Кабельный фасад - Гранит
appliedenergistics2:facade:0, Кабельный фасад - Гранит
appliedenergistics2:facade:0, Кабельный фасад - Гранит
appliedenergistics2:facade:0, Кабельный фасад - Гранит
appliedenergistics2:facade:0, Кабельный фасад - Гранит
appliedenergistics2:facade:0, Кабельный фасад - Гранит
appliedenergistics2:facade:0, Кабельный фасад - Гранит
appliedenergistics2:facade:0, Кабельный фасад - Гранит
appliedenergistics2:facade:0, Кабельный фасад - Гранит
appliedenergistics2:facade:0, Кабельный фасад - Гранит
appliedenergistics2:facade:0, Кабельный фасад - Гранит
appliedenergistics2:facade:0, Кабельный фасад - Гранит
appliedenergistics2:facade:0, Кабельный фасад - Обожжёная глина
appliedenergistics2:facade:0, Кабельный фасад - Обожжёная глина
appliedenergistics2:facade:0, Кабельный фасад - Обожжёная глина
appliedenergistics2:facade:0, Кабельный фасад - Обожжёная глина
appliedenergistics2:facade:0, Кабельный фасад - Обожжёная глина
appliedenergistics2:facade:0, Кабельный фасад - Обожжёная глина
appliedenergistics2:facade:0, Кабельный фасад - Обожжёная глина
appliedenergistics2:facade:0, Кабельный фасад - Обожжёная глина
appliedenergistics2:facade:0, Кабельный фасад - Обожжёная глина
appliedenergistics2:facade:0, Кабельный фасад - Обожжёная глина
appliedenergistics2:facade:0, Кабельный фасад - Обожжёная глина
appliedenergistics2:facade:0, Кабельный фасад - Обожжёная глина
appliedenergistics2:facade:0, Кабельный фасад - Обожжёная глина
appliedenergistics2:facade:0, Кабельный фасад - Обожжёная глина
appliedenergistics2:facade:0, Кабельный фасад - Обожжёная глина
appliedenergistics2:facade:0, Кабельный фасад - Обожжёная глина
appliedenergistics2:facade:0, Кабельный фасад - Обожжёная глина
appliedenergistics2:facade:0, Кабельный фасад - Обожжёная глина
appliedenergistics2:facade:0, Кабельный фасад - Обожжёная глина
appliedenergistics2:facade:0, Кабельный фасад - Обожжёная глина
appliedenergistics2:facade:0, Кабельный фасад - Обожжёная глина
appliedenergistics2:facade:0, Кабельный фасад - Обожжёная глина
appliedenergistics2:facade:0, Кабельный фасад - Обожжёная глина
appliedenergistics2:facade:0, Кабельный фасад - Обожжёная глина
appliedenergistics2:facade:0, Кабельный фасад - Обожжёная глина
appliedenergistics2:facade:0, Кабельный фасад - Обожжёная глина
appliedenergistics2:facade:0, Кабельный фасад - Обожжёная глина
appliedenergistics2:facade:0, Кабельный фасад - Обожжёная глина
appliedenergistics2:facade:0, Кабельный фасад - Обожжёная глина
appliedenergistics2:facade:0, Кабельный фасад - Обожжёная глина
appliedenergistics2:facade:0, Кабельный фасад - Обожжёная глина
appliedenergistics2:facade:0, Кабельный фасад - Обожжёная глина
appliedenergistics2:facade:0, Кабельный фасад - Обожжёная глина
appliedenergistics2:facade:0, Кабельный фасад - Инваровый блок
appliedenergistics2:facade:0, Кабельный фасад - Инваровый блок
appliedenergistics2:facade:0, Кабельный фасад - Инваровый блок
appliedenergistics2:facade:0, Кабельный фасад - Инваровый блок
appliedenergistics2:facade:0, Кабельный фасад - Инваровый блок
appliedenergistics2:facade:0, Кабельный фасад - Инваровый блок
appliedenergistics2:facade:0, Кабельный фасад - Инваровый блок
appliedenergistics2:facade:0, Кабельный фасад - Железный блок
appliedenergistics2:facade:0, Кабельный фасад - Железный блок
appliedenergistics2:facade:0, Кабельный фасад - Железный блок
appliedenergistics2:facade:0, Кабельный фасад - Железный блок
appliedenergistics2:facade:0, Кабельный фасад - Железный блок
appliedenergistics2:facade:0, Кабельный фасад - Железный блок
appliedenergistics2:facade:0, Кабельный фасад - Железный блок
appliedenergistics2:facade:0, Кабельный фасад - Железный блок
appliedenergistics2:facade:0, Кабельный фасад - Железный блок
appliedenergistics2:facade:0, Кабельный фасад - Железный блок
appliedenergistics2:facade:0, Кабельный фасад - Железный блок
appliedenergistics2:facade:0, Кабельный фасад - Железный блок
appliedenergistics2:facade:0, Кабельный фасад - Железный блок
appliedenergistics2:facade:0, Кабельный фасад - Железный блок
appliedenergistics2:facade:0, Кабельный фасад - Железный блок
appliedenergistics2:facade:0, Кабельный фасад - Железный блок
appliedenergistics2:facade:0, Кабельный фасад - Железный блок
appliedenergistics2:facade:0, Кабельный фасад - Железный блок
appliedenergistics2:facade:0, Кабельный фасад - Железный блок
appliedenergistics2:facade:0, Кабельный фасад - Железный блок
appliedenergistics2:facade:0, Кабельный фасад - Железный блок
appliedenergistics2:facade:0, Кабельный фасад - Железный блок
appliedenergistics2:facade:0, Кабельный фасад - Лабораторный блок
appliedenergistics2:facade:0, Кабельный фасад - Лабораторный блок
appliedenergistics2:facade:0, Кабельный фасад - Лабораторный блок
appliedenergistics2:facade:0, Кабельный фасад - Лабораторный блок
appliedenergistics2:facade:0, Кабельный фасад - Лабораторный блок
appliedenergistics2:facade:0, Кабельный фасад - Лабораторный блок
appliedenergistics2:facade:0, Кабельный фасад - Лабораторный блок
appliedenergistics2:facade:0, Кабельный фасад - Лабораторный блок
appliedenergistics2:facade:0, Кабельный фасад - Лабораторный блок
appliedenergistics2:facade:0, Кабельный фасад - Лабораторный блок
appliedenergistics2:facade:0, Кабельный фасад - Лабораторный блок
appliedenergistics2:facade:0, Кабельный фасад - Лабораторный блок
appliedenergistics2:facade:0, Кабельный фасад - Лабораторный блок
appliedenergistics2:facade:0, Кабельный фасад - Лабораторный блок
appliedenergistics2:facade:0, Кабельный фасад - Лабораторный блок
appliedenergistics2:facade:0, Кабельный фасад - Лабораторный блок
appliedenergistics2:facade:0, Кабельный фасад - Лазуритный блок
appliedenergistics2:facade:0, Кабельный фасад - Лазуритный блок
appliedenergistics2:facade:0, Кабельный фасад - Лазуритный блок
appliedenergistics2:facade:0, Кабельный фасад - Лазуритный блок
appliedenergistics2:facade:0, Кабельный фасад - Лазуритный блок
appliedenergistics2:facade:0, Кабельный фасад - Лазуритный блок
appliedenergistics2:facade:0, Кабельный фасад - Лазуритный блок
appliedenergistics2:facade:0, Кабельный фасад - Лазуритный блок
appliedenergistics2:facade:0, Кабельный фасад - Лазуритный блок
appliedenergistics2:facade:0, Кабельный фасад - Лавовый камень
appliedenergistics2:facade:0, Кабельный фасад - Лавовый камень
appliedenergistics2:facade:0, Кабельный фасад - Лавовый камень
appliedenergistics2:facade:0, Кабельный фасад - Лавовый камень
appliedenergistics2:facade:0, Кабельный фасад - Лавовый камень
appliedenergistics2:facade:0, Кабельный фасад - Лавовый камень
appliedenergistics2:facade:0, Кабельный фасад - Лавовый камень
appliedenergistics2:facade:0, Кабельный фасад - Лавовый камень
appliedenergistics2:facade:0, Кабельный фасад - Лавовый камень
appliedenergistics2:facade:0, Кабельный фасад - Лавовый камень
appliedenergistics2:facade:0, Кабельный фасад - Лавовый камень
appliedenergistics2:facade:0, Кабельный фасад - Лавовый камень
appliedenergistics2:facade:0, Кабельный фасад - Лавовый камень
appliedenergistics2:facade:0, Кабельный фасад - Лавовый камень
appliedenergistics2:facade:0, Кабельный фасад - Лавовый камень
appliedenergistics2:facade:0, Кабельный фасад - Лавовый камень
appliedenergistics2:facade:0, Кабельный фасад - Лавовый камень
appliedenergistics2:facade:0, Кабельный фасад - Лавовый камень
appliedenergistics2:facade:0, Кабельный фасад - Лавовый камень
appliedenergistics2:facade:0, Кабельный фасад - Лавовый камень
appliedenergistics2:facade:0, Кабельный фасад - Лавовый камень
appliedenergistics2:facade:0, Кабельный фасад - Лавовый камень
appliedenergistics2:facade:0, Кабельный фасад - Лавовый камень
appliedenergistics2:facade:0, Кабельный фасад - Лавовый камень
appliedenergistics2:facade:0, Кабельный фасад - Лавовый камень
appliedenergistics2:facade:0, Кабельный фасад - Лавовый камень
appliedenergistics2:facade:0, Кабельный фасад - Лавовый камень
appliedenergistics2:facade:0, Кабельный фасад - Лавовый камень
appliedenergistics2:facade:0, Кабельный фасад - Лавовый камень
appliedenergistics2:facade:0, Кабельный фасад - Лавовый камень
appliedenergistics2:facade:0, Кабельный фасад - Лавовый камень
appliedenergistics2:facade:0, Кабельный фасад - Лавовый камень
appliedenergistics2:facade:0, Кабельный фасад - Лавовый камень
appliedenergistics2:facade:0, Кабельный фасад - Свинцовый блок
appliedenergistics2:facade:0, Кабельный фасад - Свинцовый блок
appliedenergistics2:facade:0, Кабельный фасад - Свинцовый блок
appliedenergistics2:facade:0, Кабельный фасад - Свинцовый блок
appliedenergistics2:facade:0, Кабельный фасад - Свинцовый блок
appliedenergistics2:facade:0, Кабельный фасад - Свинцовый блок
appliedenergistics2:facade:0, Кабельный фасад - Свинцовый блок
appliedenergistics2:facade:0, Кабельный фасад - Известняк
appliedenergistics2:facade:0, Кабельный фасад - Известняк
appliedenergistics2:facade:0, Кабельный фасад - Известняк
appliedenergistics2:facade:0, Кабельный фасад - Известняк
appliedenergistics2:facade:0, Кабельный фасад - Известняк
appliedenergistics2:facade:0, Кабельный фасад - Известняк
appliedenergistics2:facade:0, Кабельный фасад - Известняк
appliedenergistics2:facade:0, Кабельный фасад - Известняк
appliedenergistics2:facade:0, Кабельный фасад - Известняк
appliedenergistics2:facade:0, Кабельный фасад - Известняк
appliedenergistics2:facade:0, Кабельный фасад - Известняк
appliedenergistics2:facade:0, Кабельный фасад - Известняк
appliedenergistics2:facade:0, Кабельный фасад - Известняк
appliedenergistics2:facade:0, Кабельный фасад - Известняк
appliedenergistics2:facade:0, Кабельный фасад - Известняк
appliedenergistics2:facade:0, Кабельный фасад - Известняк
appliedenergistics2:facade:0, Кабельный фасад - Известняк
appliedenergistics2:facade:0, Кабельный фасад - Известняк
appliedenergistics2:facade:0, Кабельный фасад - Известняк
appliedenergistics2:facade:0, Кабельный фасад - Известняк
appliedenergistics2:facade:0, Кабельный фасад - Известняк
appliedenergistics2:facade:0, Кабельный фасад - Известняк
appliedenergistics2:facade:0, Кабельный фасад - Известняк
appliedenergistics2:facade:0, Кабельный фасад - Известняк
appliedenergistics2:facade:0, Кабельный фасад - Известняк
appliedenergistics2:facade:0, Кабельный фасад - Известняк
appliedenergistics2:facade:0, Кабельный фасад - Известняк
appliedenergistics2:facade:0, Кабельный фасад - Известняк
appliedenergistics2:facade:0, Кабельный фасад - Известняк
appliedenergistics2:facade:0, Кабельный фасад - Известняк
appliedenergistics2:facade:0, Кабельный фасад - Известняк
appliedenergistics2:facade:0, Кабельный фасад - Известняк
appliedenergistics2:facade:0, Кабельный фасад - Известняк
appliedenergistics2:facade:0, Кабельный фасад - Известняк
appliedenergistics2:facade:0, Кабельный фасад - Мрамор
appliedenergistics2:facade:0, Кабельный фасад - Мрамор
appliedenergistics2:facade:0, Кабельный фасад - Мрамор
appliedenergistics2:facade:0, Кабельный фасад - Мрамор
appliedenergistics2:facade:0, Кабельный фасад - Мрамор
appliedenergistics2:facade:0, Кабельный фасад - Мрамор
appliedenergistics2:facade:0, Кабельный фасад - Мрамор
appliedenergistics2:facade:0, Кабельный фасад - Мрамор
appliedenergistics2:facade:0, Кабельный фасад - Мрамор
appliedenergistics2:facade:0, Кабельный фасад - Мрамор
appliedenergistics2:facade:0, Кабельный фасад - Мрамор
appliedenergistics2:facade:0, Кабельный фасад - Мрамор
appliedenergistics2:facade:0, Кабельный фасад - Мрамор
appliedenergistics2:facade:0, Кабельный фасад - Мрамор
appliedenergistics2:facade:0, Кабельный фасад - Мрамор
appliedenergistics2:facade:0, Кабельный фасад - Мрамор
appliedenergistics2:facade:0, Кабельный фасад - Мрамор
appliedenergistics2:facade:0, Кабельный фасад - Мрамор
appliedenergistics2:facade:0, Кабельный фасад - Мрамор
appliedenergistics2:facade:0, Кабельный фасад - Мрамор
appliedenergistics2:facade:0, Кабельный фасад - Мрамор
appliedenergistics2:facade:0, Кабельный фасад - Мрамор
appliedenergistics2:facade:0, Кабельный фасад - Мрамор
appliedenergistics2:facade:0, Кабельный фасад - Мрамор
appliedenergistics2:facade:0, Кабельный фасад - Мрамор
appliedenergistics2:facade:0, Кабельный фасад - Мрамор
appliedenergistics2:facade:0, Кабельный фасад - Мрамор
appliedenergistics2:facade:0, Кабельный фасад - Мрамор
appliedenergistics2:facade:0, Кабельный фасад - Мрамор
appliedenergistics2:facade:0, Кабельный фасад - Мрамор
appliedenergistics2:facade:0, Кабельный фасад - Мрамор
appliedenergistics2:facade:0, Кабельный фасад - Мрамор
appliedenergistics2:facade:0, Кабельный фасад - Мрамор
appliedenergistics2:facade:0, Кабельный фасад - Мрамор
appliedenergistics2:facade:0, Кабельный фасад - Мраморная колонна
appliedenergistics2:facade:0, Кабельный фасад - Мраморная колонна
appliedenergistics2:facade:0, Кабельный фасад - Мраморная колонна
appliedenergistics2:facade:0, Кабельный фасад - Мраморная колонна
appliedenergistics2:facade:0, Кабельный фасад - Мраморная колонна
appliedenergistics2:facade:0, Кабельный фасад - Мраморная колонна
appliedenergistics2:facade:0, Кабельный фасад - Мраморная колонна
appliedenergistics2:facade:0, Кабельный фасад - Мраморная колонна
appliedenergistics2:facade:0, Кабельный фасад - Мраморная колонна
appliedenergistics2:facade:0, Кабельный фасад - Мраморная колонна
appliedenergistics2:facade:0, Кабельный фасад - Мраморная колонна
appliedenergistics2:facade:0, Кабельный фасад - Мраморная колонна
appliedenergistics2:facade:0, Кабельный фасад - Мраморная колонна
appliedenergistics2:facade:0, Кабельный фасад - Мраморная колонна
appliedenergistics2:facade:0, Кабельный фасад - Мраморная колонна
appliedenergistics2:facade:0, Кабельный фасад - Мраморная колонна
appliedenergistics2:facade:0, Кабельный фасад - Незеритовый кирпич
appliedenergistics2:facade:0, Кабельный фасад - Незеритовый кирпич
appliedenergistics2:facade:0, Кабельный фасад - Незеритовый кирпич
appliedenergistics2:facade:0, Кабельный фасад - Незеритовый кирпич
appliedenergistics2:facade:0, Кабельный фасад - Незеритовый кирпич
appliedenergistics2:facade:0, Кабельный фасад - Незеритовый кирпич
appliedenergistics2:facade:0, Кабельный фасад - Незеритовый кирпич
appliedenergistics2:facade:0, Кабельный фасад - Незеритовый кирпич
appliedenergistics2:facade:0, Кабельный фасад - Незеритовый кирпич
appliedenergistics2:facade:0, Кабельный фасад - Незеритовый кирпич
appliedenergistics2:facade:0, Кабельный фасад - Незеритовый кирпич
appliedenergistics2:facade:0, Кабельный фасад - Незеритовый кирпич
appliedenergistics2:facade:0, Кабельный фасад - Незеритовый кирпич
appliedenergistics2:facade:0, Кабельный фасад - Незеритовый кирпич
appliedenergistics2:facade:0, Кабельный фасад - Незеритовый кирпич
appliedenergistics2:facade:0, Кабельный фасад - Незеритовый кирпич
appliedenergistics2:facade:0, Кабельный фасад - Незерит
appliedenergistics2:facade:0, Кабельный фасад - Незерит
appliedenergistics2:facade:0, Кабельный фасад - Незерит
appliedenergistics2:facade:0, Кабельный фасад - Незерит
appliedenergistics2:facade:0, Кабельный фасад - Незерит
appliedenergistics2:facade:0, Кабельный фасад - Незерит
appliedenergistics2:facade:0, Кабельный фасад - Незерит
appliedenergistics2:facade:0, Кабельный фасад - Незерит
appliedenergistics2:facade:0, Кабельный фасад - Незерит
appliedenergistics2:facade:0, Кабельный фасад - Незерит
appliedenergistics2:facade:0, Кабельный фасад - Незерит
appliedenergistics2:facade:0, Кабельный фасад - Незерит
appliedenergistics2:facade:0, Кабельный фасад - Незерит
appliedenergistics2:facade:0, Кабельный фасад - Незерит
appliedenergistics2:facade:0, Кабельный фасад - Никелевый блок
appliedenergistics2:facade:0, Кабельный фасад - Никелевый блок
appliedenergistics2:facade:0, Кабельный фасад - Никелевый блок
appliedenergistics2:facade:0, Кабельный фасад - Никелевый блок
appliedenergistics2:facade:0, Кабельный фасад - Никелевый блок
appliedenergistics2:facade:0, Кабельный фасад - Никелевый блок
appliedenergistics2:facade:0, Кабельный фасад - Никелевый блок
appliedenergistics2:facade:0, Кабельный фасад - Обсидиан
appliedenergistics2:facade:0, Кабельный фасад - Обсидиан
appliedenergistics2:facade:0, Кабельный фасад - Обсидиан
appliedenergistics2:facade:0, Кабельный фасад - Обсидиан
appliedenergistics2:facade:0, Кабельный фасад - Обсидиан
appliedenergistics2:facade:0, Кабельный фасад - Обсидиан
appliedenergistics2:facade:0, Кабельный фасад - Обсидиан
appliedenergistics2:facade:0, Кабельный фасад - Обсидиан
appliedenergistics2:facade:0, Кабельный фасад - Обсидиан
appliedenergistics2:facade:0, Кабельный фасад - Обсидиан
appliedenergistics2:facade:0, Кабельный фасад - Обсидиан
appliedenergistics2:facade:0, Кабельный фасад - Обсидиан
appliedenergistics2:facade:0, Кабельный фасад - Обсидиан
appliedenergistics2:facade:0, Кабельный фасад - Обсидиан
appliedenergistics2:facade:0, Кабельный фасад - Обсидиан
appliedenergistics2:facade:0, Кабельный фасад - Бумажная стена
appliedenergistics2:facade:0, Кабельный фасад - Бумажная стена
appliedenergistics2:facade:0, Кабельный фасад - Бумажная стена
appliedenergistics2:facade:0, Кабельный фасад - Бумажная стена
appliedenergistics2:facade:0, Кабельный фасад - Бумажная стена
appliedenergistics2:facade:0, Кабельный фасад - Бумажная стена
appliedenergistics2:facade:0, Кабельный фасад - Бумажная стена
appliedenergistics2:facade:0, Кабельный фасад - Бумажная стена
appliedenergistics2:facade:0, Кабельный фасад - Бумажная стена
appliedenergistics2:facade:0, Кабельный фасад - Дубовые доски
appliedenergistics2:facade:0, Кабельный фасад - Дубовые доски
appliedenergistics2:facade:0, Кабельный фасад - Дубовые доски
appliedenergistics2:facade:0, Кабельный фасад - Дубовые доски
appliedenergistics2:facade:0, Кабельный фасад - Дубовые доски
appliedenergistics2:facade:0, Кабельный фасад - Дубовые доски
appliedenergistics2:facade:0, Кабельный фасад - Дубовые доски
appliedenergistics2:facade:0, Кабельный фасад - Дубовые доски
appliedenergistics2:facade:0, Кабельный фасад - Дубовые доски
appliedenergistics2:facade:0, Кабельный фасад - Дубовые доски
appliedenergistics2:facade:0, Кабельный фасад - Дубовые доски
appliedenergistics2:facade:0, Кабельный фасад - Дубовые доски
appliedenergistics2:facade:0, Кабельный фасад - Дубовые доски
appliedenergistics2:facade:0, Кабельный фасад - Дубовые доски
appliedenergistics2:facade:0, Кабельный фасад - Дубовые доски
appliedenergistics2:facade:0, Кабельный фасад - Еловые доски
appliedenergistics2:facade:0, Кабельный фасад - Еловые доски
appliedenergistics2:facade:0, Кабельный фасад - Еловые доски
appliedenergistics2:facade:0, Кабельный фасад - Еловые доски
appliedenergistics2:facade:0, Кабельный фасад - Еловые доски
appliedenergistics2:facade:0, Кабельный фасад - Еловые доски
appliedenergistics2:facade:0, Кабельный фасад - Еловые доски
appliedenergistics2:facade:0, Кабельный фасад - Еловые доски
appliedenergistics2:facade:0, Кабельный фасад - Еловые доски
appliedenergistics2:facade:0, Кабельный фасад - Еловые доски
appliedenergistics2:facade:0, Кабельный фасад - Еловые доски
appliedenergistics2:facade:0, Кабельный фасад - Еловые доски
appliedenergistics2:facade:0, Кабельный фасад - Еловые доски
appliedenergistics2:facade:0, Кабельный фасад - Еловые доски
appliedenergistics2:facade:0, Кабельный фасад - Еловые доски
appliedenergistics2:facade:0, Кабельный фасад - Берёзовые доски
appliedenergistics2:facade:0, Кабельный фасад - Берёзовые доски
appliedenergistics2:facade:0, Кабельный фасад - Берёзовые доски
appliedenergistics2:facade:0, Кабельный фасад - Берёзовые доски
appliedenergistics2:facade:0, Кабельный фасад - Берёзовые доски
appliedenergistics2:facade:0, Кабельный фасад - Берёзовые доски
appliedenergistics2:facade:0, Кабельный фасад - Берёзовые доски
appliedenergistics2:facade:0, Кабельный фасад - Берёзовые доски
appliedenergistics2:facade:0, Кабельный фасад - Берёзовые доски
appliedenergistics2:facade:0, Кабельный фасад - Берёзовые доски
appliedenergistics2:facade:0, Кабельный фасад - Берёзовые доски
appliedenergistics2:facade:0, Кабельный фасад - Берёзовые доски
appliedenergistics2:facade:0, Кабельный фасад - Берёзовые доски
appliedenergistics2:facade:0, Кабельный фасад - Берёзовые доски
appliedenergistics2:facade:0, Кабельный фасад - Берёзовые доски
appliedenergistics2:facade:0, Кабельный фасад - Доски из тропического дерева
appliedenergistics2:facade:0, Кабельный фасад - Доски из тропического дерева
appliedenergistics2:facade:0, Кабельный фасад - Доски из тропического дерева
appliedenergistics2:facade:0, Кабельный фасад - Доски из тропического дерева
appliedenergistics2:facade:0, Кабельный фасад - Доски из тропического дерева
appliedenergistics2:facade:0, Кабельный фасад - Доски из тропического дерева
appliedenergistics2:facade:0, Кабельный фасад - Доски из тропического дерева
appliedenergistics2:facade:0, Кабельный фасад - Доски из тропического дерева
appliedenergistics2:facade:0, Кабельный фасад - Доски из тропического дерева
appliedenergistics2:facade:0, Кабельный фасад - Доски из тропического дерева
appliedenergistics2:facade:0, Кабельный фасад - Доски из тропического дерева
appliedenergistics2:facade:0, Кабельный фасад - Доски из тропического дерева
appliedenergistics2:facade:0, Кабельный фасад - Доски из тропического дерева
appliedenergistics2:facade:0, Кабельный фасад - Доски из тропического дерева
appliedenergistics2:facade:0, Кабельный фасад - Доски из тропического дерева
appliedenergistics2:facade:0, Кабельный фасад - Доски из акации
appliedenergistics2:facade:0, Кабельный фасад - Доски из акации
appliedenergistics2:facade:0, Кабельный фасад - Доски из акации
appliedenergistics2:facade:0, Кабельный фасад - Доски из акации
appliedenergistics2:facade:0, Кабельный фасад - Доски из акации
appliedenergistics2:facade:0, Кабельный фасад - Доски из акации
appliedenergistics2:facade:0, Кабельный фасад - Доски из акации
appliedenergistics2:facade:0, Кабельный фасад - Доски из акации
appliedenergistics2:facade:0, Кабельный фасад - Доски из акации
appliedenergistics2:facade:0, Кабельный фасад - Доски из акации
appliedenergistics2:facade:0, Кабельный фасад - Доски из акации
appliedenergistics2:facade:0, Кабельный фасад - Доски из акации
appliedenergistics2:facade:0, Кабельный фасад - Доски из акации
appliedenergistics2:facade:0, Кабельный фасад - Доски из акации
appliedenergistics2:facade:0, Кабельный фасад - Доски из акации
appliedenergistics2:facade:0, Кабельный фасад - Доски из тёмного дуба
appliedenergistics2:facade:0, Кабельный фасад - Доски из тёмного дуба
appliedenergistics2:facade:0, Кабельный фасад - Доски из тёмного дуба
appliedenergistics2:facade:0, Кабельный фасад - Доски из тёмного дуба
appliedenergistics2:facade:0, Кабельный фасад - Доски из тёмного дуба
appliedenergistics2:facade:0, Кабельный фасад - Доски из тёмного дуба
appliedenergistics2:facade:0, Кабельный фасад - Доски из тёмного дуба
appliedenergistics2:facade:0, Кабельный фасад - Доски из тёмного дуба
appliedenergistics2:facade:0, Кабельный фасад - Доски из тёмного дуба
appliedenergistics2:facade:0, Кабельный фасад - Доски из тёмного дуба
appliedenergistics2:facade:0, Кабельный фасад - Доски из тёмного дуба
appliedenergistics2:facade:0, Кабельный фасад - Доски из тёмного дуба
appliedenergistics2:facade:0, Кабельный фасад - Доски из тёмного дуба
appliedenergistics2:facade:0, Кабельный фасад - Доски из тёмного дуба
appliedenergistics2:facade:0, Кабельный фасад - Доски из тёмного дуба
appliedenergistics2:facade:0, Кабельный фасад - Платиновый блок
appliedenergistics2:facade:0, Кабельный фасад - Платиновый блок
appliedenergistics2:facade:0, Кабельный фасад - Платиновый блок
appliedenergistics2:facade:0, Кабельный фасад - Платиновый блок
appliedenergistics2:facade:0, Кабельный фасад - Платиновый блок
appliedenergistics2:facade:0, Кабельный фасад - Платиновый блок
appliedenergistics2:facade:0, Кабельный фасад - Платиновый блок
appliedenergistics2:facade:0, Кабельный фасад - Призмарин
appliedenergistics2:facade:0, Кабельный фасад - Призмарин
appliedenergistics2:facade:0, Кабельный фасад - Призмарин
appliedenergistics2:facade:0, Кабельный фасад - Призмарин
appliedenergistics2:facade:0, Кабельный фасад - Призмарин
appliedenergistics2:facade:0, Кабельный фасад - Призмарин
appliedenergistics2:facade:0, Кабельный фасад - Призмарин
appliedenergistics2:facade:0, Кабельный фасад - Призмарин
appliedenergistics2:facade:0, Кабельный фасад - Призмарин
appliedenergistics2:facade:0, Кабельный фасад - Призмарин
appliedenergistics2:facade:0, Кабельный фасад - Призмарин
appliedenergistics2:facade:0, Кабельный фасад - Призмарин
appliedenergistics2:facade:0, Кабельный фасад - Призмарин
appliedenergistics2:facade:0, Кабельный фасад - Призмарин
appliedenergistics2:facade:0, Кабельный фасад - Призмарин
appliedenergistics2:facade:0, Кабельный фасад - Призмарин
appliedenergistics2:facade:0, Кабельный фасад - Призмарин
appliedenergistics2:facade:0, Кабельный фасад - Призмарин
appliedenergistics2:facade:0, Кабельный фасад - Призмарин
appliedenergistics2:facade:0, Кабельный фасад - Призмарин
appliedenergistics2:facade:0, Кабельный фасад - Призмарин
appliedenergistics2:facade:0, Кабельный фасад - Призмарин
appliedenergistics2:facade:0, Кабельный фасад - Призмарин
appliedenergistics2:facade:0, Кабельный фасад - Призмарин
appliedenergistics2:facade:0, Кабельный фасад - Призмарин
appliedenergistics2:facade:0, Кабельный фасад - Призмарин
appliedenergistics2:facade:0, Кабельный фасад - Призмарин
appliedenergistics2:facade:0, Кабельный фасад - Призмарин
appliedenergistics2:facade:0, Кабельный фасад - Призмарин
appliedenergistics2:facade:0, Кабельный фасад - Призмарин
appliedenergistics2:facade:0, Кабельный фасад - Призмарин
appliedenergistics2:facade:0, Кабельный фасад - Призмарин
appliedenergistics2:facade:0, Кабельный фасад - Кварцевый блок
appliedenergistics2:facade:0, Кабельный фасад - Кварцевый блок
appliedenergistics2:facade:0, Кабельный фасад - Кварцевый блок
appliedenergistics2:facade:0, Кабельный фасад - Кварцевый блок
appliedenergistics2:facade:0, Кабельный фасад - Кварцевый блок
appliedenergistics2:facade:0, Кабельный фасад - Кварцевый блок
appliedenergistics2:facade:0, Кабельный фасад - Кварцевый блок
appliedenergistics2:facade:0, Кабельный фасад - Кварцевый блок
appliedenergistics2:facade:0, Кабельный фасад - Кварцевый блок
appliedenergistics2:facade:0, Кабельный фасад - Кварцевый блок
appliedenergistics2:facade:0, Кабельный фасад - Кварцевый блок
appliedenergistics2:facade:0, Кабельный фасад - Кварцевый блок
appliedenergistics2:facade:0, Кабельный фасад - Кварцевый блок
appliedenergistics2:facade:0, Кабельный фасад - Кварцевый блок
appliedenergistics2:facade:0, Кабельный фасад - Кварцевый блок
appliedenergistics2:facade:0, Кабельный фасад - Кварцевый блок
appliedenergistics2:facade:0, Кабельный фасад - Кварцевый блок
appliedenergistics2:facade:0, Кабельный фасад - Кварцевый блок
appliedenergistics2:facade:0, Кабельный фасад - Кварцевый блок
appliedenergistics2:facade:0, Кабельный фасад - Кварцевый блок
appliedenergistics2:facade:0, Кабельный фасад - Кварцевый блок
appliedenergistics2:facade:0, Кабельный фасад - Кварцевый блок
appliedenergistics2:facade:0, Кабельный фасад - Кварцевый блок
appliedenergistics2:facade:0, Кабельный фасад - Кварцевый блок
appliedenergistics2:facade:0, Кабельный фасад - Кварцевый блок
appliedenergistics2:facade:0, Кабельный фасад - Кварцевый блок
appliedenergistics2:facade:0, Кабельный фасад - Кварцевый блок
appliedenergistics2:facade:0, Кабельный фасад - Кварцевый блок
appliedenergistics2:facade:0, Кабельный фасад - Кварцевый блок
appliedenergistics2:facade:0, Кабельный фасад - Кварцевый блок
appliedenergistics2:facade:0, Кабельный фасад - Кварцевый блок
appliedenergistics2:facade:0, Кабельный фасад - Кварцевый блок
appliedenergistics2:facade:0, Кабельный фасад - Редстоуновый блок
appliedenergistics2:facade:0, Кабельный фасад - Редстоуновый блок
appliedenergistics2:facade:0, Кабельный фасад - Редстоуновый блок
appliedenergistics2:facade:0, Кабельный фасад - Редстоуновый блок
appliedenergistics2:facade:0, Кабельный фасад - Редстоуновый блок
appliedenergistics2:facade:0, Кабельный фасад - Редстоуновый блок
appliedenergistics2:facade:0, Кабельный фасад - Редстоуновый блок
appliedenergistics2:facade:0, Кабельный фасад - Редстоуновый блок
appliedenergistics2:facade:0, Кабельный фасад - Редстоуновый блок
appliedenergistics2:facade:0, Кабельный фасад - Редстоуновый блок
appliedenergistics2:facade:0, Кабельный фасад - Редстоуновый блок
appliedenergistics2:facade:0, Кабельный фасад - Редстоуновый блок
appliedenergistics2:facade:0, Кабельный фасад - Редстоуновый блок
appliedenergistics2:facade:0, Кабельный фасад - Редстоуновый блок
appliedenergistics2:facade:0, Кабельный фасад - Редстоуновый блок
appliedenergistics2:facade:0, Кабельный фасад - Редстоуновый блок
appliedenergistics2:facade:0, Кабельный фасад - Редстоуновый блок
appliedenergistics2:facade:0, Кабельный фасад - Редстоуновый блок
appliedenergistics2:facade:0, Кабельный фасад - Редстоуновый блок
appliedenergistics2:facade:0, Кабельный фасад - Редстоуновый блок
appliedenergistics2:facade:0, Кабельный фасад - Редстоуновый блок
appliedenergistics2:facade:0, Кабельный фасад - Редстоуновый блок
appliedenergistics2:facade:0, Кабельный фасад - Редстоуновый блок
appliedenergistics2:facade:0, Кабельный фасад - Редстоуновый блок
appliedenergistics2:facade:0, Кабельный фасад - Редстоуновый блок
appliedenergistics2:facade:0, Кабельный фасад - Редстоуновый блок
appliedenergistics2:facade:0, Кабельный фасад - Редстоуновый блок
appliedenergistics2:facade:0, Кабельный фасад - Редстоуновый блок
appliedenergistics2:facade:0, Кабельный фасад - Песчаник
appliedenergistics2:facade:0, Кабельный фасад - Песчаник
appliedenergistics2:facade:0, Кабельный фасад - Песчаник
appliedenergistics2:facade:0, Кабельный фасад - Песчаник
appliedenergistics2:facade:0, Кабельный фасад - Песчаник
appliedenergistics2:facade:0, Кабельный фасад - Песчаник
appliedenergistics2:facade:0, Кабельный фасад - Песчаник
appliedenergistics2:facade:0, Кабельный фасад - Песчаник
appliedenergistics2:facade:0, Кабельный фасад - Песчаник
appliedenergistics2:facade:0, Кабельный фасад - Песчаник
appliedenergistics2:facade:0, Кабельный фасад - Песчаник
appliedenergistics2:facade:0, Кабельный фасад - Песчаник
appliedenergistics2:facade:0, Кабельный фасад - Песчаник
appliedenergistics2:facade:0, Кабельный фасад - Песчаник
appliedenergistics2:facade:0, Кабельный фасад - Песчаник
appliedenergistics2:facade:0, Кабельный фасад - Песчаник
appliedenergistics2:facade:0, Кабельный фасад - Песчаник
appliedenergistics2:facade:0, Кабельный фасад - Песчаник
appliedenergistics2:facade:0, Кабельный фасад - Песчаник
appliedenergistics2:facade:0, Кабельный фасад - Песчаник
appliedenergistics2:facade:0, Кабельный фасад - Песчаник
appliedenergistics2:facade:0, Кабельный фасад - Песчаник
appliedenergistics2:facade:0, Кабельный фасад - Песчаник
appliedenergistics2:facade:0, Кабельный фасад - Песчаник
appliedenergistics2:facade:0, Кабельный фасад - Песчаник
appliedenergistics2:facade:0, Кабельный фасад - Песчаник
appliedenergistics2:facade:0, Кабельный фасад - Песчаник
appliedenergistics2:facade:0, Кабельный фасад - Песчаник
appliedenergistics2:facade:0, Кабельный фасад - Песчаник
appliedenergistics2:facade:0, Кабельный фасад - Песчаник
appliedenergistics2:facade:0, Кабельный фасад - Песчаник
appliedenergistics2:facade:0, Кабельный фасад - Песчаник
appliedenergistics2:facade:0, Кабельный фасад - Песчаник
appliedenergistics2:facade:0, Кабельный фасад - Песчаник
appliedenergistics2:facade:0, Кабельный фасад - Красный песчаник
appliedenergistics2:facade:0, Кабельный фасад - Красный песчаник
appliedenergistics2:facade:0, Кабельный фасад - Красный песчаник
appliedenergistics2:facade:0, Кабельный фасад - Красный песчаник
appliedenergistics2:facade:0, Кабельный фасад - Красный песчаник
appliedenergistics2:facade:0, Кабельный фасад - Красный песчаник
appliedenergistics2:facade:0, Кабельный фасад - Красный песчаник
appliedenergistics2:facade:0, Кабельный фасад - Красный песчаник
appliedenergistics2:facade:0, Кабельный фасад - Красный песчаник
appliedenergistics2:facade:0, Кабельный фасад - Красный песчаник
appliedenergistics2:facade:0, Кабельный фасад - Красный песчаник
appliedenergistics2:facade:0, Кабельный фасад - Красный песчаник
appliedenergistics2:facade:0, Кабельный фасад - Красный песчаник
appliedenergistics2:facade:0, Кабельный фасад - Красный песчаник
appliedenergistics2:facade:0, Кабельный фасад - Красный песчаник
appliedenergistics2:facade:0, Кабельный фасад - Красный песчаник
appliedenergistics2:facade:0, Кабельный фасад - Красный песчаник
appliedenergistics2:facade:0, Кабельный фасад - Красный песчаник
appliedenergistics2:facade:0, Кабельный фасад - Красный песчаник
appliedenergistics2:facade:0, Кабельный фасад - Красный песчаник
appliedenergistics2:facade:0, Кабельный фасад - Красный песчаник
appliedenergistics2:facade:0, Кабельный фасад - Красный песчаник
appliedenergistics2:facade:0, Кабельный фасад - Красный песчаник
appliedenergistics2:facade:0, Кабельный фасад - Красный песчаник
appliedenergistics2:facade:0, Кабельный фасад - Красный песчаник
appliedenergistics2:facade:0, Кабельный фасад - Красный песчаник
appliedenergistics2:facade:0, Кабельный фасад - Красный песчаник
appliedenergistics2:facade:0, Кабельный фасад - Красный песчаник
appliedenergistics2:facade:0, Кабельный фасад - Красный песчаник
appliedenergistics2:facade:0, Кабельный фасад - Красный песчаник
appliedenergistics2:facade:0, Кабельный фасад - Красный песчаник
appliedenergistics2:facade:0, Кабельный фасад - Красный песчаник
appliedenergistics2:facade:0, Кабельный фасад - Красный песчаник
appliedenergistics2:facade:0, Кабельный фасад - Красный песчаник
appliedenergistics2:facade:0, Кабельный фасад - Песчаник с каракулями
appliedenergistics2:facade:0, Кабельный фасад - Песчаник с каракулями
appliedenergistics2:facade:0, Кабельный фасад - Песчаник с каракулями
appliedenergistics2:facade:0, Кабельный фасад - Песчаник с каракулями
appliedenergistics2:facade:0, Кабельный фасад - Песчаник с каракулями
appliedenergistics2:facade:0, Кабельный фасад - Песчаник с каракулями
appliedenergistics2:facade:0, Кабельный фасад - Песчаник с каракулями
appliedenergistics2:facade:0, Кабельный фасад - Песчаник с каракулями
appliedenergistics2:facade:0, Кабельный фасад - Песчаник с каракулями
appliedenergistics2:facade:0, Кабельный фасад - Песчаник с каракулями
appliedenergistics2:facade:0, Кабельный фасад - Песчаник с каракулями
appliedenergistics2:facade:0, Кабельный фасад - Песчаник с каракулями
appliedenergistics2:facade:0, Кабельный фасад - Песчаник с каракулями
appliedenergistics2:facade:0, Кабельный фасад - Песчаник с каракулями
appliedenergistics2:facade:0, Кабельный фасад - Песчаник с каракулями
appliedenergistics2:facade:0, Кабельный фасад - Песчаник с каракулями
appliedenergistics2:facade:0, Кабельный фасад - Red Sandstone Scribbles
appliedenergistics2:facade:0, Кабельный фасад - Red Sandstone Scribbles
appliedenergistics2:facade:0, Кабельный фасад - Red Sandstone Scribbles
appliedenergistics2:facade:0, Кабельный фасад - Red Sandstone Scribbles
appliedenergistics2:facade:0, Кабельный фасад - Red Sandstone Scribbles
appliedenergistics2:facade:0, Кабельный фасад - Red Sandstone Scribbles
appliedenergistics2:facade:0, Кабельный фасад - Red Sandstone Scribbles
appliedenergistics2:facade:0, Кабельный фасад - Red Sandstone Scribbles
appliedenergistics2:facade:0, Кабельный фасад - Red Sandstone Scribbles
appliedenergistics2:facade:0, Кабельный фасад - Red Sandstone Scribbles
appliedenergistics2:facade:0, Кабельный фасад - Red Sandstone Scribbles
appliedenergistics2:facade:0, Кабельный фасад - Red Sandstone Scribbles
appliedenergistics2:facade:0, Кабельный фасад - Red Sandstone Scribbles
appliedenergistics2:facade:0, Кабельный фасад - Red Sandstone Scribbles
appliedenergistics2:facade:0, Кабельный фасад - Red Sandstone Scribbles
appliedenergistics2:facade:0, Кабельный фасад - Red Sandstone Scribbles
appliedenergistics2:facade:0, Кабельный фасад - Серебряный блок
appliedenergistics2:facade:0, Кабельный фасад - Серебряный блок
appliedenergistics2:facade:0, Кабельный фасад - Серебряный блок
appliedenergistics2:facade:0, Кабельный фасад - Серебряный блок
appliedenergistics2:facade:0, Кабельный фасад - Серебряный блок
appliedenergistics2:facade:0, Кабельный фасад - Серебряный блок
appliedenergistics2:facade:0, Кабельный фасад - Серебряный блок
appliedenergistics2:facade:0, Кабельный фасад - Стальной блок
appliedenergistics2:facade:0, Кабельный фасад - Стальной блок
appliedenergistics2:facade:0, Кабельный фасад - Стальной блок
appliedenergistics2:facade:0, Кабельный фасад - Стальной блок
appliedenergistics2:facade:0, Кабельный фасад - Стальной блок
appliedenergistics2:facade:0, Кабельный фасад - Стальной блок
appliedenergistics2:facade:0, Кабельный фасад - Стальной блок
appliedenergistics2:facade:0, Кабельный фасад - Резной камень
appliedenergistics2:facade:0, Кабельный фасад - Резной камень
appliedenergistics2:facade:0, Кабельный фасад - Резной камень
appliedenergistics2:facade:0, Кабельный фасад - Резной камень
appliedenergistics2:facade:0, Кабельный фасад - Резной камень
appliedenergistics2:facade:0, Кабельный фасад - Резной камень
appliedenergistics2:facade:0, Кабельный фасад - Резной камень
appliedenergistics2:facade:0, Кабельный фасад - Резной камень
appliedenergistics2:facade:0, Кабельный фасад - Резной камень
appliedenergistics2:facade:0, Кабельный фасад - Резной камень
appliedenergistics2:facade:0, Кабельный фасад - Резной камень
appliedenergistics2:facade:0, Кабельный фасад - Резной камень
appliedenergistics2:facade:0, Кабельный фасад - Резной камень
appliedenergistics2:facade:0, Кабельный фасад - Резной камень
appliedenergistics2:facade:0, Кабельный фасад - Резной камень
appliedenergistics2:facade:0, Кабельный фасад - Резной камень
appliedenergistics2:facade:0, Кабельный фасад - Резной камень
appliedenergistics2:facade:0, Кабельный фасад - Резной камень
appliedenergistics2:facade:0, Кабельный фасад - Резной камень
appliedenergistics2:facade:0, Кабельный фасад - Резной камень
appliedenergistics2:facade:0, Кабельный фасад - Резной камень
appliedenergistics2:facade:0, Кабельный фасад - Резной камень
appliedenergistics2:facade:0, Кабельный фасад - Резной камень
appliedenergistics2:facade:0, Кабельный фасад - Резной камень
appliedenergistics2:facade:0, Кабельный фасад - Резной камень
appliedenergistics2:facade:0, Кабельный фасад - Резной камень
appliedenergistics2:facade:0, Кабельный фасад - Резной камень
appliedenergistics2:facade:0, Кабельный фасад - Резной камень
appliedenergistics2:facade:0, Кабельный фасад - Резной камень
appliedenergistics2:facade:0, Кабельный фасад - Резной камень
appliedenergistics2:facade:0, Кабельный фасад - Резной камень
appliedenergistics2:facade:0, Кабельный фасад - Резной камень
appliedenergistics2:facade:0, Кабельный фасад - Резной камень
appliedenergistics2:facade:0, Кабельный фасад - Резной камень
appliedenergistics2:facade:0, Кабельный фасад - Резной камень
appliedenergistics2:facade:0, Кабельный фасад - Резной камень
appliedenergistics2:facade:0, Кабельный фасад - Фабричный блок
appliedenergistics2:facade:0, Кабельный фасад - Фабричный блок
appliedenergistics2:facade:0, Кабельный фасад - Фабричный блок
appliedenergistics2:facade:0, Кабельный фасад - Фабричный блок
appliedenergistics2:facade:0, Кабельный фасад - Фабричный блок
appliedenergistics2:facade:0, Кабельный фасад - Фабричный блок
appliedenergistics2:facade:0, Кабельный фасад - Фабричный блок
appliedenergistics2:facade:0, Кабельный фасад - Фабричный блок
appliedenergistics2:facade:0, Кабельный фасад - Фабричный блок
appliedenergistics2:facade:0, Кабельный фасад - Фабричный блок
appliedenergistics2:facade:0, Кабельный фасад - Фабричный блок
appliedenergistics2:facade:0, Кабельный фасад - Фабричный блок
appliedenergistics2:facade:0, Кабельный фасад - Фабричный блок
appliedenergistics2:facade:0, Кабельный фасад - Фабричный блок
appliedenergistics2:facade:0, Кабельный фасад - Фабричный блок
appliedenergistics2:facade:0, Кабельный фасад - Фабричный блок
appliedenergistics2:facade:0, Кабельный фасад - Фабричный блок
appliedenergistics2:facade:0, Кабельный фасад - Фабричный блок
appliedenergistics2:facade:0, Кабельный фасад - Фабричный блок
appliedenergistics2:facade:0, Кабельный фасад - Фабричный блок
appliedenergistics2:facade:0, Кабельный фасад - Фабричный блок
appliedenergistics2:facade:0, Кабельный фасад - Фабричный блок
appliedenergistics2:facade:0, Кабельный фасад - Фабричный блок
appliedenergistics2:facade:0, Кабельный фасад - Фабричный блок
appliedenergistics2:facade:0, Кабельный фасад - Фабричный блок
appliedenergistics2:facade:0, Кабельный фасад - Храмовый блок
appliedenergistics2:facade:0, Кабельный фасад - Храмовый блок
appliedenergistics2:facade:0, Кабельный фасад - Храмовый блок
appliedenergistics2:facade:0, Кабельный фасад - Храмовый блок
appliedenergistics2:facade:0, Кабельный фасад - Храмовый блок
appliedenergistics2:facade:0, Кабельный фасад - Храмовый блок
appliedenergistics2:facade:0, Кабельный фасад - Храмовый блок
appliedenergistics2:facade:0, Кабельный фасад - Храмовый блок
appliedenergistics2:facade:0, Кабельный фасад - Храмовый блок
appliedenergistics2:facade:0, Кабельный фасад - Храмовый блок
appliedenergistics2:facade:0, Кабельный фасад - Храмовый блок
appliedenergistics2:facade:0, Кабельный фасад - Храмовый блок
appliedenergistics2:facade:0, Кабельный фасад - Храмовый блок
appliedenergistics2:facade:0, Кабельный фасад - Храмовый блок
appliedenergistics2:facade:0, Кабельный фасад - Храмовый блок
appliedenergistics2:facade:0, Кабельный фасад - Храмовый блок
appliedenergistics2:facade:0, Кабельный фасад - Замшелый храмовый блок
appliedenergistics2:facade:0, Кабельный фасад - Замшелый храмовый блок
appliedenergistics2:facade:0, Кабельный фасад - Замшелый храмовый блок
appliedenergistics2:facade:0, Кабельный фасад - Замшелый храмовый блок
appliedenergistics2:facade:0, Кабельный фасад - Замшелый храмовый блок
appliedenergistics2:facade:0, Кабельный фасад - Замшелый храмовый блок
appliedenergistics2:facade:0, Кабельный фасад - Замшелый храмовый блок
appliedenergistics2:facade:0, Кабельный фасад - Замшелый храмовый блок
appliedenergistics2:facade:0, Кабельный фасад - Замшелый храмовый блок
appliedenergistics2:facade:0, Кабельный фасад - Замшелый храмовый блок
appliedenergistics2:facade:0, Кабельный фасад - Замшелый храмовый блок
appliedenergistics2:facade:0, Кабельный фасад - Замшелый храмовый блок
appliedenergistics2:facade:0, Кабельный фасад - Замшелый храмовый блок
appliedenergistics2:facade:0, Кабельный фасад - Замшелый храмовый блок
appliedenergistics2:facade:0, Кабельный фасад - Замшелый храмовый блок
appliedenergistics2:facade:0, Кабельный фасад - Замшелый храмовый блок
appliedenergistics2:facade:0, Кабельный фасад - Оловянный блок
appliedenergistics2:facade:0, Кабельный фасад - Оловянный блок
appliedenergistics2:facade:0, Кабельный фасад - Оловянный блок
appliedenergistics2:facade:0, Кабельный фасад - Оловянный блок
appliedenergistics2:facade:0, Кабельный фасад - Оловянный блок
appliedenergistics2:facade:0, Кабельный фасад - Оловянный блок
appliedenergistics2:facade:0, Кабельный фасад - Оловянный блок
appliedenergistics2:facade:0, Кабельный фасад - Тириан
appliedenergistics2:facade:0, Кабельный фасад - Тириан
appliedenergistics2:facade:0, Кабельный фасад - Тириан
appliedenergistics2:facade:0, Кабельный фасад - Тириан
appliedenergistics2:facade:0, Кабельный фасад - Тириан
appliedenergistics2:facade:0, Кабельный фасад - Тириан
appliedenergistics2:facade:0, Кабельный фасад - Тириан
appliedenergistics2:facade:0, Кабельный фасад - Тириан
appliedenergistics2:facade:0, Кабельный фасад - Тириан
appliedenergistics2:facade:0, Кабельный фасад - Тириан
appliedenergistics2:facade:0, Кабельный фасад - Тириан
appliedenergistics2:facade:0, Кабельный фасад - Тириан
appliedenergistics2:facade:0, Кабельный фасад - Тириан
appliedenergistics2:facade:0, Кабельный фасад - Тириан
appliedenergistics2:facade:0, Кабельный фасад - Тириан
appliedenergistics2:facade:0, Кабельный фасад - Тириан
appliedenergistics2:facade:0, Кабельный фасад - Урановый блок
appliedenergistics2:facade:0, Кабельный фасад - Урановый блок
appliedenergistics2:facade:0, Кабельный фасад - Урановый блок
appliedenergistics2:facade:0, Кабельный фасад - Урановый блок
appliedenergistics2:facade:0, Кабельный фасад - Урановый блок
appliedenergistics2:facade:0, Кабельный фасад - Урановый блок
appliedenergistics2:facade:0, Кабельный фасад - Урановый блок
appliedenergistics2:facade:0, Кабельный фасад - Блок Валентина
appliedenergistics2:facade:0, Кабельный фасад - Блок Валентина
appliedenergistics2:facade:0, Кабельный фасад - Блок Валентина
appliedenergistics2:facade:0, Кабельный фасад - Блок Валентина
appliedenergistics2:facade:0, Кабельный фасад - Блок Валентина
appliedenergistics2:facade:0, Кабельный фасад - Блок Валентина
appliedenergistics2:facade:0, Кабельный фасад - Блок Валентина
appliedenergistics2:facade:0, Кабельный фасад - Блок Валентина
appliedenergistics2:facade:0, Кабельный фасад - Блок Валентина
appliedenergistics2:facade:0, Кабельный фасад - Блок Валентина
appliedenergistics2:facade:0, Кабельный фасад - Пустотный камень
appliedenergistics2:facade:0, Кабельный фасад - Пустотный камень
appliedenergistics2:facade:0, Кабельный фасад - Пустотный камень
appliedenergistics2:facade:0, Кабельный фасад - Пустотный камень
appliedenergistics2:facade:0, Кабельный фасад - Пустотный камень
appliedenergistics2:facade:0, Кабельный фасад - Пустотный камень
appliedenergistics2:facade:0, Кабельный фасад - Пустотный камень
appliedenergistics2:facade:0, Кабельный фасад - Пустотный камень
appliedenergistics2:facade:0, Кабельный фасад - Первичный пустотный камень
appliedenergistics2:facade:0, Кабельный фасад - Первичный пустотный камень
appliedenergistics2:facade:0, Кабельный фасад - Первичный пустотный камень
appliedenergistics2:facade:0, Кабельный фасад - Первичный пустотный камень
appliedenergistics2:facade:0, Кабельный фасад - Первичный пустотный камень
appliedenergistics2:facade:0, Кабельный фасад - Первичный пустотный камень
appliedenergistics2:facade:0, Кабельный фасад - Первичный пустотный камень
appliedenergistics2:facade:0, Кабельный фасад - Первичный пустотный камень
appliedenergistics2:facade:0, Кабельный фасад - Рунический пустотный камень
appliedenergistics2:facade:0, Кабельный фасад - Рунический пустотный камень
appliedenergistics2:facade:0, Кабельный фасад - Рунический пустотный камень
appliedenergistics2:facade:0, Кабельный фасад - Рунический пустотный камень
appliedenergistics2:facade:0, Кабельный фасад - Рунический пустотный камень
appliedenergistics2:facade:0, Кабельный фасад - Рунический пустотный камень
appliedenergistics2:facade:0, Кабельный фасад - Рунический пустотный камень
appliedenergistics2:facade:0, Кабельный фасад - Рунический пустотный камень
appliedenergistics2:facade:0, Кабельный фасад - Рунический пустотный камень
appliedenergistics2:facade:0, Кабельный фасад - Рунический пустотный камень
appliedenergistics2:facade:0, Кабельный фасад - Рунический пустотный камень
appliedenergistics2:facade:0, Кабельный фасад - Рунический пустотный камень
appliedenergistics2:facade:0, Кабельный фасад - Рунический пустотный камень
appliedenergistics2:facade:0, Кабельный фасад - Рунический пустотный камень
appliedenergistics2:facade:0, Кабельный фасад - Рунический пустотный камень
appliedenergistics2:facade:0, Кабельный фасад - Black Wool
appliedenergistics2:facade:0, Кабельный фасад - Black Wool
appliedenergistics2:facade:0, Кабельный фасад - Red Wool
appliedenergistics2:facade:0, Кабельный фасад - Red Wool
appliedenergistics2:facade:0, Кабельный фасад - Green Wool
appliedenergistics2:facade:0, Кабельный фасад - Green Wool
appliedenergistics2:facade:0, Кабельный фасад - Brown Wool
appliedenergistics2:facade:0, Кабельный фасад - Brown Wool
appliedenergistics2:facade:0, Кабельный фасад - Blue Wool
appliedenergistics2:facade:0, Кабельный фасад - Blue Wool
appliedenergistics2:facade:0, Кабельный фасад - Purple Wool
appliedenergistics2:facade:0, Кабельный фасад - Purple Wool
appliedenergistics2:facade:0, Кабельный фасад - Cyan Wool
appliedenergistics2:facade:0, Кабельный фасад - Cyan Wool
appliedenergistics2:facade:0, Кабельный фасад - Light Gray Wool
appliedenergistics2:facade:0, Кабельный фасад - Light Gray Wool
appliedenergistics2:facade:0, Кабельный фасад - Gray Wool
appliedenergistics2:facade:0, Кабельный фасад - Gray Wool
appliedenergistics2:facade:0, Кабельный фасад - Pink Wool
appliedenergistics2:facade:0, Кабельный фасад - Pink Wool
appliedenergistics2:facade:0, Кабельный фасад - Lime Wool
appliedenergistics2:facade:0, Кабельный фасад - Lime Wool
appliedenergistics2:facade:0, Кабельный фасад - Yellow Wool
appliedenergistics2:facade:0, Кабельный фасад - Yellow Wool
appliedenergistics2:facade:0, Кабельный фасад - Light Blue Wool
appliedenergistics2:facade:0, Кабельный фасад - Light Blue Wool
appliedenergistics2:facade:0, Кабельный фасад - Magenta Wool
appliedenergistics2:facade:0, Кабельный фасад - Magenta Wool
appliedenergistics2:facade:0, Кабельный фасад - Orange Wool
appliedenergistics2:facade:0, Кабельный фасад - Orange Wool
appliedenergistics2:facade:0, Кабельный фасад - Wool
appliedenergistics2:facade:0, Кабельный фасад - Wool
appliedenergistics2:facade:0, Кабельный фасад - Блок наэлектризованной стали
appliedenergistics2:facade:0, Кабельный фасад - Infinity Dust Block
appliedenergistics2:facade:0, Кабельный фасад - Compressed Infinity Dust Block
appliedenergistics2:facade:0, Кабельный фасад - Double Compressed Infinity Dust Block
appliedenergistics2:facade:0, Кабельный фасад - Укреплённый обсидиан
appliedenergistics2:facade:0, Кабельный фасад - Корпус механизма (декоративный блок)
appliedenergistics2:facade:0, Кабельный фасад - Пустой механизм (декоративный блок)
appliedenergistics2:facade:0, Кабельный фасад - Верхняя часть механизма (декоративный блок)
appliedenergistics2:facade:0, Кабельный фасад - Стороны механизма (декоративный блок)
appliedenergistics2:facade:0, Кабельный фасад - Задние части механизма (декоративный блок)
appliedenergistics2:facade:0, Кабельный фасад - Механизм со сторонами (декоративный блок)
appliedenergistics2:facade:0, Кабельный фасад - Механизм задняя ширина (декоративный блок)
appliedenergistics2:facade:0, Кабельный фасад - Пустой механизм души (декоративный блок)
appliedenergistics2:facade:0, Кабельный фасад - Верхняя часть механизма души (декоративный блок)
appliedenergistics2:facade:0, Кабельный фасад - Стороны механизма души (декоративный блок)
appliedenergistics2:facade:0, Кабельный фасад - Задние части механизма души (декоративный блок)
appliedenergistics2:facade:0, Кабельный фасад - Механизм души со сторонами (декоративный блок)
appliedenergistics2:facade:0, Кабельный фасад - Механизм души задняя ширина (декоративный блок)
appliedenergistics2:facade:0, Кабельный фасад - Красный механизм (декоративный блок)
appliedenergistics2:facade:0, Кабельный фасад - Сломанный спаунер (декоративный блок)
appliedenergistics2:facade:0, Кабельный фасад - Невидимый блок (декоративный блок)
appliedenergistics2:facade:0, Кабельный фасад - Завод сплавов (декоративный блок)
appliedenergistics2:facade:0, Кабельный фасад - Предметный буфер (декоративный блок)
appliedenergistics2:facade:0, Кабельный фасад - Энергобуфер (декоративный блок)
appliedenergistics2:facade:0, Кабельный фасад - Универсальный буфер (декоративный блок)
appliedenergistics2:facade:0, Кабельный фасад - Творческий буфер (декоративный блок)
appliedenergistics2:facade:0, Кабельный фасад - Создатель (декоративный блок)
appliedenergistics2:facade:0, Кабельный фасад - Покрасочный механизм (декоративный блок)
appliedenergistics2:facade:0, Кабельный фасад - Индикатор мощности (декоративный блок)
appliedenergistics2:facade:0, Кабельный фасад - Дробитель (декоративный блок)
appliedenergistics2:facade:0, Кабельный фасад - "Отрубатель и сращиватель" (декоративный блок)
appliedenergistics2:facade:0, Кабельный фасад - Генератор Стирлинга (декоративный блок)
appliedenergistics2:facade:0, Кабельный фасад - Жидкостный резервуар (декоративный блок)
appliedenergistics2:facade:0, Кабельный фасад - Жидкостный резервуар под давлением (декоративный блок)
appliedenergistics2:facade:0, Кабельный фасад - Якорь путешествия (декоративный блок)
appliedenergistics2:facade:0, Кабельный фасад - Вакуумный сундук (декоративный блок)
appliedenergistics2:facade:0, Кабельный фасад - Беспроводной зарядник (декоративный блок)
appliedenergistics2:facade:0, Кабельный фасад - Вакуумный опыт (декоративный блок)
appliedenergistics2:facade:0, Кабельный фасад - Простой завод сплавов (декоративный блок)
appliedenergistics2:facade:0, Кабельный фасад - Простой генератор Стирлинга (декоративный блок)
appliedenergistics2:facade:0, Кабельный фасад - Проводной зарядник (декоративный блок)
appliedenergistics2:facade:0, Кабельный фасад - Простой дробитель (декоративный блок)
appliedenergistics2:facade:0, Кабельный фасад - Промышленная изоляция
appliedenergistics2:facade:0, Кабельный фасад - Заряд замешательства
appliedenergistics2:facade:0, Кабельный фасад - Сотрясающий заряд
appliedenergistics2:facade:0, Кабельный фасад - Заряд Края
appliedenergistics2:facade:0, Кабельный фасад - Crude Steel Block
appliedenergistics2:facade:0, Кабельный фасад - Расширение антенны беспроводной зарядки
appliedenergistics2:facade:0, Кабельный фасад - Цемент
appliedenergistics2:facade:0, Кабельный фасад - Конгломерат зелёной слизи
appliedenergistics2:facade:0, Кабельный фасад - Конгломерат синей слизи
appliedenergistics2:facade:0, Кабельный фасад - Кладбищенская земля
appliedenergistics2:facade:0, Кабельный фасад - Освящённая земля
appliedenergistics2:facade:0, Кабельный фасад - Конгломерат огненной слизи
appliedenergistics2:facade:0, Кабельный фасад - Блок застывшей зелёной слизи
appliedenergistics2:facade:0, Кабельный фасад - Блок застывшей синей слизи
appliedenergistics2:facade:0, Кабельный фасад - Блок застывшей фиолетовой слизи
appliedenergistics2:facade:0, Кабельный фасад - Блок застывшей крови
appliedenergistics2:facade:0, Кабельный фасад - Блок застывшей огненной слизи
appliedenergistics2:facade:0, Кабельный фасад - Кобальтовая руда
appliedenergistics2:facade:0, Кабельный фасад - Ардитовая руда
appliedenergistics2:facade:0, Кабельный фасад - Лаводерево
appliedenergistics2:facade:0, Кабельный фасад - Огнедерево
appliedenergistics2:facade:0, Кабельный фасад - Грязевой кирпич
appliedenergistics2:facade:0, Кабельный фасад - Блок кобальта
appliedenergistics2:facade:0, Кабельный фасад - Блок ардита
appliedenergistics2:facade:0, Кабельный фасад - Блок маньюлина
appliedenergistics2:facade:0, Кабельный фасад - Блок слизестали
appliedenergistics2:facade:0, Кабельный фасад - Блок свинстали
appliedenergistics2:facade:0, Кабельный фасад - Шёлковый блок
appliedenergistics2:facade:0, Кабельный фасад - Грязь из зелёной слизи
appliedenergistics2:facade:0, Кабельный фасад - Грязь из синей слизи
appliedenergistics2:facade:0, Кабельный фасад - Грязь из фиолетовой слизи
appliedenergistics2:facade:0, Кабельный фасад - Грязь из огненной слизи
appliedenergistics2:facade:0, Кабельный фасад - Слизневая трава
appliedenergistics2:facade:0, Кабельный фасад - Трава из зелёной слизи
appliedenergistics2:facade:0, Кабельный фасад - Трава из синей слизи
appliedenergistics2:facade:0, Кабельный фасад - Трава из фиолетовой слизи
appliedenergistics2:facade:0, Кабельный фасад - Трава из огненной слизи
appliedenergistics2:facade:0, Кабельный фасад - Слизневая трава
appliedenergistics2:facade:0, Кабельный фасад - Трава из зелёной слизи
appliedenergistics2:facade:0, Кабельный фасад - Трава из синей слизи
appliedenergistics2:facade:0, Кабельный фасад - Трава из фиолетовой слизи
appliedenergistics2:facade:0, Кабельный фасад - Трава из огненной слизи
appliedenergistics2:facade:0, Кабельный фасад - Слизневая трава
appliedenergistics2:facade:0, Кабельный фасад - Трава из зелёной слизи
appliedenergistics2:facade:0, Кабельный фасад - Трава из синей слизи
appliedenergistics2:facade:0, Кабельный фасад - Трава из фиолетовой слизи
appliedenergistics2:facade:0, Кабельный фасад - Трава из огненной слизи
appliedenergistics2:facade:0, Кабельный фасад - Листья синей слизи
appliedenergistics2:facade:0, Кабельный фасад - Листья фиолетовой слизи
appliedenergistics2:facade:0, Кабельный фасад - Листья огненной слизи
appliedenergistics2:facade:0, Кабельный фасад - Сушёная глина
appliedenergistics2:facade:0, Кабельный фасад - Кирпичи из сушёной глины
appliedenergistics2:facade:0, Кабельный фасад - Гладкий браунстоун
appliedenergistics2:facade:0, Кабельный фасад - Грубый браунстоун
appliedenergistics2:facade:0, Кабельный фасад - Плитки из браунстоуна
appliedenergistics2:facade:0, Кабельный фасад - Кладка из браунстоуна
appliedenergistics2:facade:0, Кабельный фасад - Кладка из браунстоуна (трещины)
appliedenergistics2:facade:0, Кабельный фасад - Кладка из браунстоуна (орнамент)
appliedenergistics2:facade:0, Кабельный фасад - Кладка из браунстоуна (узор)
appliedenergistics2:facade:0, Кабельный фасад - Дорога из браунстоуна
appliedenergistics2:facade:0, Кабельный фасад - Кладка из браунстоуна (крипер)
appliedenergistics2:facade:0, Кабельный фасад - Кладка из браунстоуна (треугольник)
appliedenergistics2:facade:0, Кабельный фасад - Кладка из браунстоуна (малая)
appliedenergistics2:facade:0, Кабельный фасад - Мини-плитка из браунстоуна
appliedenergistics2:facade:0, Кабельный фасад - Блок синей слизи
appliedenergistics2:facade:0, Кабельный фасад - Блок фиолетовой слизи
appliedenergistics2:facade:0, Кабельный фасад - Блок крови
appliedenergistics2:facade:0, Кабельный фасад - Блок огненной слизи
appliedenergistics2:facade:0, Кабельный фасад - Декоративный оловянный блок
appliedenergistics2:facade:0, Кабельный фасад - Декоративный оловянный блок
appliedenergistics2:facade:0, Кабельный фасад - Медная руда
appliedenergistics2:facade:0, Кабельный фасад - Оловянная руда
appliedenergistics2:facade:0, Кабельный фасад - Алюминиевая руда
appliedenergistics2:facade:0, Кабельный фасад - Кремниевая руда
appliedenergistics2:facade:0, Кабельный фасад - Медный блок
appliedenergistics2:facade:0, Кабельный фасад - Оловянный блок
appliedenergistics2:facade:0, Кабельный фасад - Алюминиевый блок
appliedenergistics2:facade:0, Кабельный фасад - Блок метеоритного железа
appliedenergistics2:facade:0, Кабельный фасад - Кремниевый блок
appliedenergistics2:facade:0, Кабельный фасад - Медная руда
appliedenergistics2:facade:0, Кабельный фасад - Оловянная руда
appliedenergistics2:facade:0, Кабельный фасад - Сырная руда
appliedenergistics2:facade:0, Кабельный фасад - Лунный грунт
appliedenergistics2:facade:0, Кабельный фасад - Лунный камень
appliedenergistics2:facade:0, Кабельный фасад - Лунный реголит
appliedenergistics2:facade:0, Кабельный фасад - Сапфировая руда
appliedenergistics2:facade:0, Кабельный фасад - Кирпич лунной сокровищницы
appliedenergistics2:facade:0, Кабельный фасад - tile.slab_gc_double.tin_slab_1.name
appliedenergistics2:facade:0, Кабельный фасад - tile.slab_gc_double.tin_slab_2.name
appliedenergistics2:facade:0, Кабельный фасад - tile.slab_gc_double.moon_slab.name
appliedenergistics2:facade:0, Кабельный фасад - tile.slab_gc_double.moon_bricks_slab.name
appliedenergistics2:facade:0, Кабельный фасад - tile.slab_gc_double.mars_slab.name
appliedenergistics2:facade:0, Кабельный фасад - tile.slab_gc_double.mars_bricks_slab.name
appliedenergistics2:facade:0, Кабельный фасад - tile.slab_gc_double.asteroids_slab.name
appliedenergistics2:facade:0, Кабельный фасад - Скрытый красный провод
appliedenergistics2:facade:0, Кабельный фасад - tile.concealed_repeater_pow.name
appliedenergistics2:facade:0, Кабельный фасад - Скрытый повторитель красного камня
appliedenergistics2:facade:0, Кабельный фасад - Медная руда
appliedenergistics2:facade:0, Кабельный фасад - Оловянная руда
appliedenergistics2:facade:0, Кабельный фасад - Руда деш
appliedenergistics2:facade:0, Кабельный фасад - Железная руда
appliedenergistics2:facade:0, Кабельный фасад - Марсианский булыжник
appliedenergistics2:facade:0, Кабельный фасад - Марсианский мелкодисперсный реголит
appliedenergistics2:facade:0, Кабельный фасад - Марсианский реголит
appliedenergistics2:facade:0, Кабельный фасад - Кирпич марсианской сокровищницы
appliedenergistics2:facade:0, Кабельный фасад - Блок деш
appliedenergistics2:facade:0, Кабельный фасад - Марсианский камень
appliedenergistics2:facade:0, Кабельный фасад - Астероидный камень
appliedenergistics2:facade:0, Кабельный фасад - Астероидный камень
appliedenergistics2:facade:0, Кабельный фасад - Астероидный камень
appliedenergistics2:facade:0, Кабельный фасад - Алюминиевая руда
appliedenergistics2:facade:0, Кабельный фасад - Ильменитовая руда
appliedenergistics2:facade:0, Кабельный фасад - Железная руда
appliedenergistics2:facade:0, Кабельный фасад - Тёмный декоративный блок
appliedenergistics2:facade:0, Кабельный фасад - Титановый блок
appliedenergistics2:facade:0, Кабельный фасад - Плотный лёд
appliedenergistics2:facade:0, Кабельный фасад - Мягкий Венерианский камень
appliedenergistics2:facade:0, Кабельный фасад - Твердый Венерианский камень
appliedenergistics2:facade:0, Кабельный фасад - Вулканический Венерианский камень
appliedenergistics2:facade:0, Кабельный фасад - Пемза
appliedenergistics2:facade:0, Кабельный фасад - Кирпичи сокровищницы Венеры I
appliedenergistics2:facade:0, Кабельный фасад - Кирпичи сокровищницы Венеры II
appliedenergistics2:facade:0, Кабельный фасад - Алюминивая руда
appliedenergistics2:facade:0, Кабельный фасад - Медная руда
appliedenergistics2:facade:0, Кабельный фасад - Галенитовая руда
appliedenergistics2:facade:0, Кабельный фасад - Кварцевая руда
appliedenergistics2:facade:0, Кабельный фасад - Кремниевая руда
appliedenergistics2:facade:0, Кабельный фасад - Оловянная руда
appliedenergistics2:facade:0, Кабельный фасад - Свинцовый блок
appliedenergistics2:facade:0, Кабельный фасад - Солнечная руда
appliedenergistics2:facade:0, Кабельный фасад - Обожжённый Венерианский камень
appliedenergistics2:facade:0, Кабельный фасад - Поверхность Меркурия
appliedenergistics2:facade:0, Кабельный фасад - Подповерхностный грунт Меркурия
appliedenergistics2:facade:0, Кабельный фасад - Камень Меркурия
appliedenergistics2:facade:0, Кабельный фасад - Железная руда Меркурия
appliedenergistics2:facade:0, Кабельный фасад - Оловянная руда Меркурия
appliedenergistics2:facade:0, Кабельный фасад - Медная руда Меркурия
appliedenergistics2:facade:0, Кабельный фасад - Ртутная руда Меркурия
appliedenergistics2:facade:0, Кабельный фасад - Ртутный блок
appliedenergistics2:facade:0, Кабельный фасад - Каменные кирпичи Меркурия
appliedenergistics2:facade:0, Кабельный фасад - Кирпич сокровищницы Меркурия
appliedenergistics2:facade:0, Кабельный фасад - Углеродная руда Меркурия
appliedenergistics2:facade:0, Кабельный фасад - Углеродный блок
appliedenergistics2:facade:0, Кабельный фасад - Гравий Меркурия
appliedenergistics2:facade:0, Кабельный фасад - Поверхность Цереры
appliedenergistics2:facade:0, Кабельный фасад - Подповерхностный грунт Цереры
appliedenergistics2:facade:0, Кабельный фасад - Камень Цереры
appliedenergistics2:facade:0, Кабельный фасад - Железная руда Цереры
appliedenergistics2:facade:0, Кабельный фасад - Оловянная руда Цереры
appliedenergistics2:facade:0, Кабельный фасад - Медная руда Цереры
appliedenergistics2:facade:0, Кабельный фасад - Урановая руда Цереры
appliedenergistics2:facade:0, Кабельный фасад - Урановый блок
appliedenergistics2:facade:0, Кабельный фасад - Кирпич сокровищницы Цереры
appliedenergistics2:facade:0, Кабельный фасад - Гравий Цереры
appliedenergistics2:facade:0, Кабельный фасад - Поверхность Юпитера
appliedenergistics2:facade:0, Кабельный фасад - Подповерхностный грунт Юпитера
appliedenergistics2:facade:0, Кабельный фасад - Камень Юпитера
appliedenergistics2:facade:0, Кабельный фасад - Железная руда Юпитера
appliedenergistics2:facade:0, Кабельный фасад - Оловянная руда Юпитера
appliedenergistics2:facade:0, Кабельный фасад - Медная руда Юпитера
appliedenergistics2:facade:0, Кабельный фасад - Палладиевая руда Юпитера
appliedenergistics2:facade:0, Кабельный фасад - Никелевая руда Юпитера
appliedenergistics2:facade:0, Кабельный фасад - Палладиевый блок
appliedenergistics2:facade:0, Кабельный фасад - Каменные кирпичи Юпитера
appliedenergistics2:facade:0, Кабельный фасад - Кирпич сокровищницы Юпитера
appliedenergistics2:facade:0, Кабельный фасад - Руда красного драгоценного камня Юпитера
appliedenergistics2:facade:0, Кабельный фасад - Блок красного драгоценного камня
appliedenergistics2:facade:0, Кабельный фасад - Никелевый блок
appliedenergistics2:facade:0, Кабельный фасад - Гравий Юпитера
appliedenergistics2:facade:0, Кабельный фасад - Вулканические породы
appliedenergistics2:facade:0, Кабельный фасад - Блок пепла
appliedenergistics2:facade:0, Кабельный фасад - Оранжевый песок
appliedenergistics2:facade:0, Кабельный фасад - Оранжевый песчаник
appliedenergistics2:facade:0, Кабельный фасад - Поверхность Сатурна
appliedenergistics2:facade:0, Кабельный фасад - Подповерхностный грунт Сатурна
appliedenergistics2:facade:0, Кабельный фасад - Камень Сатурна
appliedenergistics2:facade:0, Кабельный фасад - Железная руда Сатурна
appliedenergistics2:facade:0, Кабельный фасад - Оловянная руда Сатурна
appliedenergistics2:facade:0, Кабельный фасад - Медная руда Сатурна
appliedenergistics2:facade:0, Кабельный фасад - Магниевая руда Сатурна
appliedenergistics2:facade:0, Кабельный фасад - Магниевый блок
appliedenergistics2:facade:0, Кабельный фасад - Каменные кирпичи Сатурна
appliedenergistics2:facade:0, Кабельный фасад - Кирпич сокровищницы Сатурна
appliedenergistics2:facade:0, Кабельный фасад - Сломанный зараженный камень Сатурна
appliedenergistics2:facade:0, Кабельный фасад - Зараженный камень Сатурна
appliedenergistics2:facade:0, Кабельный фасад - Слизневая руда Сатурна
appliedenergistics2:facade:0, Кабельный фасад - Гравий Сатурна
appliedenergistics2:facade:0, Кабельный фасад - Поверхность Урана
appliedenergistics2:facade:0, Кабельный фасад - Подповерхностный грунт Урана
appliedenergistics2:facade:0, Кабельный фасад - Камень Урана
appliedenergistics2:facade:0, Кабельный фасад - Кристальная руда Урана
appliedenergistics2:facade:0, Кабельный фасад - Кристальный блок
appliedenergistics2:facade:0, Кабельный фасад - Каменные кирпичи Урана
appliedenergistics2:facade:0, Кабельный фасад - Кирпич сокровищницы Урана
appliedenergistics2:facade:0, Кабельный фасад - Руда белого драгоценного камня Урана
appliedenergistics2:facade:0, Кабельный фасад - Блок белого драгоценного камня Урана
appliedenergistics2:facade:0, Кабельный фасад - Плотный лёд
appliedenergistics2:facade:0, Кабельный фасад - Поверхность Нептуна
appliedenergistics2:facade:0, Кабельный фасад - Подповерхностный грунт Нептуна
appliedenergistics2:facade:0, Кабельный фасад - Камень Нептуна
appliedenergistics2:facade:0, Кабельный фасад - Железная руда Нептуна
appliedenergistics2:facade:0, Кабельный фасад - Оловянная руда Нептуна
appliedenergistics2:facade:0, Кабельный фасад - Медная руда Нептуна
appliedenergistics2:facade:0, Кабельный фасад - Цинкова руда Нептуна
appliedenergistics2:facade:0, Кабельный фасад - Цинковый блок
appliedenergistics2:facade:0, Кабельный фасад - Каменные кирпичи Нептуна
appliedenergistics2:facade:0, Кабельный фасад - Кирпич сокровищницы Нептуна
appliedenergistics2:facade:0, Кабельный фасад - Руда синего драгоценного камня Нептуна
appliedenergistics2:facade:0, Кабельный фасад - Блок синего драгоценного камня Нептуна
appliedenergistics2:facade:0, Кабельный фасад - Замороженный азот
appliedenergistics2:facade:0, Кабельный фасад - Поверхность Плутона
appliedenergistics2:facade:0, Кабельный фасад - Подповерхностный грунт Плутона
appliedenergistics2:facade:0, Кабельный фасад - Камень Плутона
appliedenergistics2:facade:0, Кабельный фасад - Железная руда Плутона
appliedenergistics2:facade:0, Кабельный фасад - Оловянная руда Плутона
appliedenergistics2:facade:0, Кабельный фасад - Медная руда Плутона
appliedenergistics2:facade:0, Кабельный фасад - Вольфрамовая руда Плутона
appliedenergistics2:facade:0, Кабельный фасад - Вольфрамовый блок
appliedenergistics2:facade:0, Кабельный фасад - Каменные кирпичи Плутона
appliedenergistics2:facade:0, Кабельный фасад - Кирпич сокровищницы Плутона
appliedenergistics2:facade:0, Кабельный фасад - Гравий Плутона
appliedenergistics2:facade:0, Кабельный фасад - Поверхность Эриды
appliedenergistics2:facade:0, Кабельный фасад - Подповерхностный грунт Эриды
appliedenergistics2:facade:0, Кабельный фасад - Камень Эриды
appliedenergistics2:facade:0, Кабельный фасад - Железная руда Эриды
appliedenergistics2:facade:0, Кабельный фасад - Оловянная руда Эриды
appliedenergistics2:facade:0, Кабельный фасад - Медная руда Эриды
appliedenergistics2:facade:0, Кабельный фасад - Руда тёмного железа Эриды
appliedenergistics2:facade:0, Кабельный фасад - Блок тёмного железа Эриды
appliedenergistics2:facade:0, Кабельный фасад - Каменные кирпичи Эриды
appliedenergistics2:facade:0, Кабельный фасад - Кирпич сокровищницы Эриды
appliedenergistics2:facade:0, Кабельный фасад - Гравий Эриды
appliedenergistics2:facade:0, Кабельный фасад - Земля Кеплер-22 b
appliedenergistics2:facade:0, Кабельный фасад - Камень Кеплер-22 b
appliedenergistics2:facade:0, Кабельный фасад - Железная руда Кеплер-22 b
appliedenergistics2:facade:0, Кабельный фасад - Оловянная руда Кеплер-22 b
appliedenergistics2:facade:0, Кабельный фасад - Медная руда Кеплер-22 b
appliedenergistics2:facade:0, Кабельный фасад - Руда плотного угля Кеплер-22 b
appliedenergistics2:facade:0, Кабельный фасад - Руда синего алмаза Кеплер-22 b
appliedenergistics2:facade:0, Кабельный фасад - Руда красного алмаза Кеплер-22 b
appliedenergistics2:facade:0, Кабельный фасад - Руда фиолетового алмаза Кеплер-22 b
appliedenergistics2:facade:0, Кабельный фасад - Руда жёлтого алмаза Кеплер-22 b
appliedenergistics2:facade:0, Кабельный фасад - Руда зелёного алмаза Кеплер-22 b
appliedenergistics2:facade:0, Кабельный фасад - Каменные кирпичи Кеплер-22 b
appliedenergistics2:facade:0, Кабельный фасад - Булыжник Кеплер-22 b
appliedenergistics2:facade:0, Кабельный фасад - Платиновая руда Кеплер-22 b
appliedenergistics2:facade:0, Кабельный фасад - Платиновый блок
appliedenergistics2:facade:0, Кабельный фасад - Блок травы Кеплер-22 b
appliedenergistics2:facade:0, Кабельный фасад - Блок синей травы Кеплер-22 b
appliedenergistics2:facade:0, Кабельный фасад - Блок фиолетовой травы Кеплер-22 b
appliedenergistics2:facade:0, Кабельный фасад - Блок красной травы Кеплер-22 b
appliedenergistics2:facade:0, Кабельный фасад - Блок жёлтой травы Кеплер-22 b
appliedenergistics2:facade:0, Кабельный фасад - Зараженное стекло Кеплер-22 b
appliedenergistics2:facade:0, Кабельный фасад - Красный песок
appliedenergistics2:facade:0, Кабельный фасад - Красный песчаник
appliedenergistics2:facade:0, Кабельный фасад - Поверхность Европы
appliedenergistics2:facade:0, Кабельный фасад - Подповерхностный грунт Европы
appliedenergistics2:facade:0, Кабельный фасад - Камень Европы
appliedenergistics2:facade:0, Кабельный фасад - Железная руда Европы
appliedenergistics2:facade:0, Кабельный фасад - Оловянная руда Европы
appliedenergistics2:facade:0, Кабельный фасад - Медная руда Европы
appliedenergistics2:facade:0, Кабельный фасад - Гравий Европы
appliedenergistics2:facade:0, Кабельный фасад - Поверхность Ио
appliedenergistics2:facade:0, Кабельный фасад - Подповерхностный грунт Ио
appliedenergistics2:facade:0, Кабельный фасад - Камень Ио
appliedenergistics2:facade:0, Кабельный фасад - Железная руда Ио
appliedenergistics2:facade:0, Кабельный фасад - Оловянная руда Ио
appliedenergistics2:facade:0, Кабельный фасад - Медная руда Ио
appliedenergistics2:facade:0, Кабельный фасад - Гравий Ио
appliedenergistics2:facade:0, Кабельный фасад - Поверхность Деймоса
appliedenergistics2:facade:0, Кабельный фасад - Подповерхностный грунт Деймоса
appliedenergistics2:facade:0, Кабельный фасад - Камень Деймоса
appliedenergistics2:facade:0, Кабельный фасад - Железная руда Деймоса
appliedenergistics2:facade:0, Кабельный фасад - Оловянная руда Деймоса
appliedenergistics2:facade:0, Кабельный фасад - Медная руда Деймоса
appliedenergistics2:facade:0, Кабельный фасад - Гравий Деймоса
appliedenergistics2:facade:0, Кабельный фасад - Поверхность Фобоса
appliedenergistics2:facade:0, Кабельный фасад - Подповерхностный грунт Фобоса
appliedenergistics2:facade:0, Кабельный фасад - Камень Фобоса
appliedenergistics2:facade:0, Кабельный фасад - Железная руда Фобоса
appliedenergistics2:facade:0, Кабельный фасад - Оловянная руда Фобоса
appliedenergistics2:facade:0, Кабельный фасад - Медная руда Фобоса
appliedenergistics2:facade:0, Кабельный фасад - Гравий Фобоса
appliedenergistics2:facade:0, Кабельный фасад - Поверхность Тритона
appliedenergistics2:facade:0, Кабельный фасад - Подповерхностный грунт Тритона
appliedenergistics2:facade:0, Кабельный фасад - Камень Тритона
appliedenergistics2:facade:0, Кабельный фасад - Железная руда Тритона
appliedenergistics2:facade:0, Кабельный фасад - Оловянная руда Тритона
appliedenergistics2:facade:0, Кабельный фасад - Медная руда Тритона
appliedenergistics2:facade:0, Кабельный фасад - Гравий Тритона
appliedenergistics2:facade:0, Кабельный фасад - Поверхность Каллисто
appliedenergistics2:facade:0, Кабельный фасад - Подповерхностный грунт Каллисто
appliedenergistics2:facade:0, Кабельный фасад - Камень Каллисто
appliedenergistics2:facade:0, Кабельный фасад - Железная руда Каллисто
appliedenergistics2:facade:0, Кабельный фасад - Оловянная руда Каллисто
appliedenergistics2:facade:0, Кабельный фасад - Медная руда Каллисто
appliedenergistics2:facade:0, Кабельный фасад - Сухая нефть Каллисто
appliedenergistics2:facade:0, Кабельный фасад - Сланцевая нефть Каллисто
appliedenergistics2:facade:0, Кабельный фасад - Гравий Каллисто
appliedenergistics2:facade:0, Кабельный фасад - Поверхность Ганимеда
appliedenergistics2:facade:0, Кабельный фасад - Подповерхностный грунт Ганимеда
appliedenergistics2:facade:0, Кабельный фасад - Камень Ганимеда
appliedenergistics2:facade:0, Кабельный фасад - Железная руда Ганимеда
appliedenergistics2:facade:0, Кабельный фасад - Оловянная руда Ганимеда
appliedenergistics2:facade:0, Кабельный фасад - Медная руда Ганимеда
appliedenergistics2:facade:0, Кабельный фасад - Гравий Ганимеда
appliedenergistics2:facade:0, Кабельный фасад - Поверхность Реи
appliedenergistics2:facade:0, Кабельный фасад - Подповерхностный грунт Реи
appliedenergistics2:facade:0, Кабельный фасад - Камень Реи
appliedenergistics2:facade:0, Кабельный фасад - Железная руда Реи
appliedenergistics2:facade:0, Кабельный фасад - Оловянная руда Реи
appliedenergistics2:facade:0, Кабельный фасад - Медная руда Реи
appliedenergistics2:facade:0, Кабельный фасад - Гравий Реи
appliedenergistics2:facade:0, Кабельный фасад - Поверхность Титана
appliedenergistics2:facade:0, Кабельный фасад - Подповерхностный грунт Титана
appliedenergistics2:facade:0, Кабельный фасад - Камень Титана
appliedenergistics2:facade:0, Кабельный фасад - Железная руда Титана
appliedenergistics2:facade:0, Кабельный фасад - Оловянная руда Титана
appliedenergistics2:facade:0, Кабельный фасад - Медная руда Титана
appliedenergistics2:facade:0, Кабельный фасад - Метановая поверхность Титана
appliedenergistics2:facade:0, Кабельный фасад - Метановый подповерхностный грунт Титана
appliedenergistics2:facade:0, Кабельный фасад - Камни Титана
appliedenergistics2:facade:0, Кабельный фасад - Гравий Титана
appliedenergistics2:facade:0, Кабельный фасад - Поверхность Оберона
appliedenergistics2:facade:0, Кабельный фасад - Подповерхностный грунт Оберона
appliedenergistics2:facade:0, Кабельный фасад - Камень Оберона
appliedenergistics2:facade:0, Кабельный фасад - Железная руда Оберона
appliedenergistics2:facade:0, Кабельный фасад - Оловянная руда Оберона
appliedenergistics2:facade:0, Кабельный фасад - Медная руда Оберона
appliedenergistics2:facade:0, Кабельный фасад - Гравий Оберона
appliedenergistics2:facade:0, Кабельный фасад - Поверхность Титании
appliedenergistics2:facade:0, Кабельный фасад - Подповерхностный грунт Титании
appliedenergistics2:facade:0, Кабельный фасад - Камень Титании
appliedenergistics2:facade:0, Кабельный фасад - Железная руда Титании
appliedenergistics2:facade:0, Кабельный фасад - Оловянная руда Титании
appliedenergistics2:facade:0, Кабельный фасад - Медная руда Титании
appliedenergistics2:facade:0, Кабельный фасад - Гравий Титании
appliedenergistics2:facade:0, Кабельный фасад - Поверхность Япета
appliedenergistics2:facade:0, Кабельный фасад - Подповерхностный грунт Япета
appliedenergistics2:facade:0, Кабельный фасад - Камень Япета
appliedenergistics2:facade:0, Кабельный фасад - Железная руда Япета
appliedenergistics2:facade:0, Кабельный фасад - Оловянная руда Япета
appliedenergistics2:facade:0, Кабельный фасад - Медная руда Япета
appliedenergistics2:facade:0, Кабельный фасад - Лёд Япета
appliedenergistics2:facade:0, Кабельный фасад - Гравий Япета
appliedenergistics2:facade:0, Кабельный фасад - Блок ископаемых
appliedenergistics2:facade:0, Кабельный фасад - Ядерная бомба
appliedenergistics2:facade:0, Кабельный фасад - Огненная бомба
appliedenergistics2:facade:0, Кабельный фасад - Свинцовая руда
appliedenergistics2:facade:0, Кабельный фасад - Карбонат калия
appliedenergistics2:facade:0, Кабельный фасад - Мрамор
appliedenergistics2:facade:0, Кабельный фасад - Мраморный блок
appliedenergistics2:facade:0, Кабельный фасад - Снежные кирпичи
appliedenergistics2:facade:0, Кабельный фасад - Ледянные кирпичи
appliedenergistics2:facade:0, Кабельный фасад - Огненные кирпичи
appliedenergistics2:facade:0, Кабельный фасад - Чёрно-белая кафельная плитка
appliedenergistics2:facade:0, Кабельный фасад - Мраморная кафельная плитка
appliedenergistics2:facade:0, Кабельный фасад - Сломанная мраморная кафельная плитка
appliedenergistics2:facade:0, Кабельный фасад - Металлическая сетка
appliedenergistics2:facade:0, Кабельный фасад - Кирпичи из замороженного азота
appliedenergistics2:facade:0, Кабельный фасад - Кирпичи из вулканических пород
appliedenergistics2:facade:0, Кабельный фасад - Углеродный кафельный пол
appliedenergistics2:facade:0, Кабельный фасад - Сломанный углеродный кафельный пол
appliedenergistics2:facade:0, Кабельный фасад - Магниевый кафельный пол
appliedenergistics2:facade:0, Кабельный фасад - Сломанный магниевый пол
appliedenergistics2:facade:0, Кабельный фасад - Пепельные кирпичи
appliedenergistics2:facade:0, Кабельный фасад - Белый блок
appliedenergistics2:facade:0, Кабельный фасад - Красный блок
appliedenergistics2:facade:0, Кабельный фасад - Синий блок
appliedenergistics2:facade:0, Кабельный фасад - Светло-синий блок
appliedenergistics2:facade:0, Кабельный фасад - Жёлтый блок
appliedenergistics2:facade:0, Кабельный фасад - Зелёный блок
appliedenergistics2:facade:0, Кабельный фасад - Красный леденец
appliedenergistics2:facade:0, Кабельный фасад - Зелёный леденец
appliedenergistics2:facade:0, Кабельный фасад - Синий леденец
appliedenergistics2:facade:0, Кабельный фасад - Оранжевый леденец
appliedenergistics2:facade:0, Кабельный фасад - Пурпурный леденец
appliedenergistics2:facade:0, Кабельный фасад - Розовый леденец
appliedenergistics2:facade:0, Кабельный фасад - Лаймовый леденец
appliedenergistics2:facade:0, Кабельный фасад - Фиолетовый леденец
appliedenergistics2:facade:0, Кабельный фасад - Коричневый леденец
appliedenergistics2:facade:0, Кабельный фасад - Чёрный леденец
appliedenergistics2:facade:0, Кабельный фасад - Красный леденец (горизонтальный)
appliedenergistics2:facade:0, Кабельный фасад - Зелёный леденец (горизонтальный)
appliedenergistics2:facade:0, Кабельный фасад - Синий леденец (горизонтальный)
appliedenergistics2:facade:0, Кабельный фасад - Оранжевый леденец (горизонтальный)
appliedenergistics2:facade:0, Кабельный фасад - Пурпурный леденец (горизонтальный)
appliedenergistics2:facade:0, Кабельный фасад - Розовый леденец (горизонтальный)
appliedenergistics2:facade:0, Кабельный фасад - Лаймовый леденец (горизонтальный)
appliedenergistics2:facade:0, Кабельный фасад - Фиолетовый леденец (горизонтальный)
appliedenergistics2:facade:0, Кабельный фасад - Коричневый леденец (горизонтальный)
appliedenergistics2:facade:0, Кабельный фасад - Чёрный леденец (горизонтальный)
appliedenergistics2:facade:0, Кабельный фасад - Блок кекса
appliedenergistics2:facade:0, Кабельный фасад - Красный бархатный блок кекса
appliedenergistics2:facade:0, Кабельный фасад - Шоколадный блок кекса
appliedenergistics2:facade:0, Кабельный фасад - Белая глазурь с красными точками
appliedenergistics2:facade:0, Кабельный фасад - Белая глазурь с зелёными точками
appliedenergistics2:facade:0, Кабельный фасад - Белая глазурь с розовыми точками
appliedenergistics2:facade:0, Кабельный фасад - Белая глазурь с оранжевыми точками
appliedenergistics2:facade:0, Кабельный фасад - Каменное печенье
appliedenergistics2:facade:0, Кабельный фасад - Алмазная крошка
appliedenergistics2:facade:0, Кабельный фасад - Золотая крошка
appliedenergistics2:facade:0, Кабельный фасад - Угольная крошка
appliedenergistics2:facade:0, Кабельный фасад - Железная крошка
appliedenergistics2:facade:0, Кабельный фасад - Изумрудная крошка
appliedenergistics2:facade:0, Кабельный фасад - Синий дуб Кеплер-22 b
appliedenergistics2:facade:0, Кабельный фасад - Красный дуб Кеплер-22 b
appliedenergistics2:facade:0, Кабельный фасад - Фиолетовый дуб Кеплер-22 b
appliedenergistics2:facade:0, Кабельный фасад - Жёлтый дуб Кеплер-22 b
appliedenergistics2:facade:0, Кабельный фасад - Зелёный дуб Кеплер-22 b
appliedenergistics2:facade:0, Кабельный фасад - Коричневый дуб Кеплер-22 b
appliedenergistics2:facade:0, Кабельный фасад - Листва синего дуба Кеплер-22 b
appliedenergistics2:facade:0, Кабельный фасад - Листва красного дуба Кеплер-22 b
appliedenergistics2:facade:0, Кабельный фасад - Листва фиолетового дуба Кеплер-22 b
appliedenergistics2:facade:0, Кабельный фасад - Листва жёлтого дуба Кеплер-22 b
appliedenergistics2:facade:0, Кабельный фасад - Листва зелёного дуба Кеплер-22 b
appliedenergistics2:facade:0, Кабельный фасад - Листва коричневого дуба Кеплер-22 b
appliedenergistics2:facade:0, Кабельный фасад - Синие доски Кеплер-22 b
appliedenergistics2:facade:0, Кабельный фасад - Красные доски Кеплер-22 b
appliedenergistics2:facade:0, Кабельный фасад - Фиолетовые доски Кеплер-22 b
appliedenergistics2:facade:0, Кабельный фасад - Жёлтые доски Кеплер-22 b
appliedenergistics2:facade:0, Кабельный фасад - Зелёные доски Кеплер-22 b
appliedenergistics2:facade:0, Кабельный фасад - Коричневые доски Кеплер-22 b
appliedenergistics2:facade:0, Кабельный фасад - Флаксовый блок
appliedenergistics2:facade:0, Кабельный фасад - Катушка Для Термоядерного Реактора
appliedenergistics2:facade:0, Кабельный фасад - Иридиевая Катушка
appliedenergistics2:facade:0, Кабельный фасад - Магнитное Кольцо
appliedenergistics2:facade:0, Кабельный фасад - Теплообменник
appliedenergistics2:facade:0, Кабельный фасад - Бойлер
appliedenergistics2:facade:0, Кабельный фасад - Плазменный Синтезатор
appliedenergistics2:facade:0, Кабельный фасад - Дейтериевый Фильтр
appliedenergistics2:facade:0, Кабельный фасад - Ториевая Руда
appliedenergistics2:facade:0, Кабельный фасад - Centennial Trophy
appliedenergistics2:facade:0, Кабельный фасад - Oak Rail Bridge
appliedenergistics2:facade:0, Кабельный фасад - Oak Rail Bridge End
appliedenergistics2:facade:0, Кабельный фасад - Spruce Rail Bridge
appliedenergistics2:facade:0, Кабельный фасад - Spruce Rail Bridge End
appliedenergistics2:facade:0, Кабельный фасад - Birch Rail Bridge
appliedenergistics2:facade:0, Кабельный фасад - Birch Rail Bridge End
appliedenergistics2:facade:0, Кабельный фасад - Jungle Rail Bridge
appliedenergistics2:facade:0, Кабельный фасад - Jungle Rail Bridge End
appliedenergistics2:facade:0, Кабельный фасад - Acacia Rail Bridge
appliedenergistics2:facade:0, Кабельный фасад - Acacia Rail Bridge End
appliedenergistics2:facade:0, Кабельный фасад - Dark Oak Rail Bridge
appliedenergistics2:facade:0, Кабельный фасад - Dark Oak Rail Bridge End
appliedenergistics2:facade:0, Кабельный фасад - What a beautiful block
appliedenergistics2:facade:0, Кабельный фасад - Медная руда
appliedenergistics2:facade:0, Кабельный фасад - Бокситовая руда
appliedenergistics2:facade:0, Кабельный фасад - Свинцовая руда
appliedenergistics2:facade:0, Кабельный фасад - Серебряная руда
appliedenergistics2:facade:0, Кабельный фасад - Никелевая руда
appliedenergistics2:facade:0, Кабельный фасад - Урановая руда
appliedenergistics2:facade:0, Кабельный фасад - Медный блок
appliedenergistics2:facade:0, Кабельный фасад - Алюминиевый блок
appliedenergistics2:facade:0, Кабельный фасад - Свинцовый блок
appliedenergistics2:facade:0, Кабельный фасад - Серебряный блок
appliedenergistics2:facade:0, Кабельный фасад - Никелевый блок
appliedenergistics2:facade:0, Кабельный фасад - Урановый блок
appliedenergistics2:facade:0, Кабельный фасад - Константановый блок
appliedenergistics2:facade:0, Кабельный фасад - Электрумовый блок
appliedenergistics2:facade:0, Кабельный фасад - Стальной блок
appliedenergistics2:facade:0, Кабельный фасад - Кирпич коксовой печи
appliedenergistics2:facade:0, Кабельный фасад - Кирпич доменной печи
appliedenergistics2:facade:0, Кабельный фасад - Кирпич продвинутой доменной печи
appliedenergistics2:facade:0, Кабельный фасад - Блок коксового угля
appliedenergistics2:facade:0, Кабельный фасад - Костробетон
appliedenergistics2:facade:0, Кабельный фасад - Бетон
appliedenergistics2:facade:0, Кабельный фасад - Кафельный бетон
appliedenergistics2:facade:0, Кабельный фасад - Свинцовый бетон
appliedenergistics2:facade:0, Кабельный фасад - Стеклоизоляция
appliedenergistics2:facade:0, Кабельный фасад - Печной кирпич
appliedenergistics2:facade:0, Кабельный фасад - Доски из обработанного дерева
appliedenergistics2:facade:0, Кабельный фасад - Доски из обработанного дерева
appliedenergistics2:facade:0, Кабельный фасад - Доски из обработанного дерева
appliedenergistics2:facade:0, Кабельный фасад - Медный листовой металл
appliedenergistics2:facade:0, Кабельный фасад - Алюминиевый листовой металл
appliedenergistics2:facade:0, Кабельный фасад - Свинцовый листовой металл
appliedenergistics2:facade:0, Кабельный фасад - Серебряный листовой металл
appliedenergistics2:facade:0, Кабельный фасад - Никелевый листовой металл
appliedenergistics2:facade:0, Кабельный фасад - Урановый листовой металл
appliedenergistics2:facade:0, Кабельный фасад - Константановый листовой металл
appliedenergistics2:facade:0, Кабельный фасад - Электрумовый листовой металл
appliedenergistics2:facade:0, Кабельный фасад - Стальной листовой металл
appliedenergistics2:facade:0, Кабельный фасад - Железный листовой металл
appliedenergistics2:facade:0, Кабельный фасад - Золотой листовой металл
appliedenergistics2:facade:0, Кабельный фасад - Блок медного провода
appliedenergistics2:facade:0, Кабельный фасад - Блок электрумового провода
appliedenergistics2:facade:0, Кабельный фасад - Блок высоковольтного провода
appliedenergistics2:facade:0, Кабельный фасад - Краснокаменный инженерный блок
appliedenergistics2:facade:0, Кабельный фасад - Лёгкий инженерный блок
appliedenergistics2:facade:0, Кабельный фасад - Тяжёлый инженерный блок
appliedenergistics2:facade:0, Кабельный фасад - Блок генератора
appliedenergistics2:facade:0, Кабельный фасад - Блок радиатора
appliedenergistics2:facade:0, Кабельный фасад - Источник воды
appliedenergistics2:facade:0, Кабельный фасад - Источник нефти
appliedenergistics2:facade:0, Кабельный фасад - tile.decorated.destroy.name
appliedenergistics2:facade:0, Кабельный фасад - Чертёж (декорация)
appliedenergistics2:facade:0, Кабельный фасад - Шаблон (декорация)
appliedenergistics2:facade:0, Кабельный фасад - tile.decorated.paper.name
appliedenergistics2:facade:0, Кабельный фасад - tile.decorated.leather.name
appliedenergistics2:facade:0, Кабельный фасад - Лазер (декорация)
appliedenergistics2:crystal_seed:0, Семя истинного кварца
appliedenergistics2:crystal_seed:600, Семя кварца Нижнего мира
appliedenergistics2:crystal_seed:1200, Изменчивое семя
appliedenergistics2:crystal_seed:0, Семя истинного кварца
appliedenergistics2:crystal_seed:600, Семя кварца Нижнего мира
appliedenergistics2:crystal_seed:1200, Изменчивое семя
appliedenergistics2:crystal_seed:0, Семя истинного кварца
appliedenergistics2:crystal_seed:600, Семя кварца Нижнего мира
appliedenergistics2:crystal_seed:1200, Изменчивое семя
appliedenergistics2:encoded_pattern, Кодированный шаблон
appliedenergistics2:paint_ball:0, Шар с краской - Белый
appliedenergistics2:paint_ball:1, Шар с краской - Оранжевый
appliedenergistics2:paint_ball:2, Шар с краской - Сиреневый
appliedenergistics2:paint_ball:3, Шар с краской - Светло-синий
appliedenergistics2:paint_ball:4, Шар с краской - Жёлтый
appliedenergistics2:paint_ball:5, Шар с краской - Лаймовый
appliedenergistics2:paint_ball:6, Шар с краской - Розовый
appliedenergistics2:paint_ball:7, Шар с краской - Серый
appliedenergistics2:paint_ball:8, Шар с краской - Светло-серый
appliedenergistics2:paint_ball:9, Шар с краской - Бирюзовый
appliedenergistics2:paint_ball:10, Шар с краской - Фиолетовый
appliedenergistics2:paint_ball:11, Шар с краской - Синий
appliedenergistics2:paint_ball:12, Шар с краской - Коричневый
appliedenergistics2:paint_ball:13, Шар с краской - Зелёный
appliedenergistics2:paint_ball:14, Шар с краской - Красный
appliedenergistics2:paint_ball:15, Шар с краской - Чёрный
appliedenergistics2:paint_ball:20, Шар с краской - Люмен Белый
appliedenergistics2:paint_ball:21, Шар с краской - Люмен Оранжевый
appliedenergistics2:paint_ball:22, Шар с краской - Люмен Сиреневый
appliedenergistics2:paint_ball:23, Шар с краской - Люмен Светло-синий
appliedenergistics2:paint_ball:24, Шар с краской - Люмен Жёлтый
appliedenergistics2:paint_ball:25, Шар с краской - Люмен Лаймовый
appliedenergistics2:paint_ball:26, Шар с краской - Люмен Розовый
appliedenergistics2:paint_ball:27, Шар с краской - Люмен Серый
appliedenergistics2:paint_ball:28, Шар с краской - Люмен Светло-серый
appliedenergistics2:paint_ball:29, Шар с краской - Люмен Бирюзовый
appliedenergistics2:paint_ball:30, Шар с краской - Люмен Фиолетовый
appliedenergistics2:paint_ball:31, Шар с краской - Люмен Синий
appliedenergistics2:paint_ball:32, Шар с краской - Люмен Коричневый
appliedenergistics2:paint_ball:33, Шар с краской - Люмен Зелёный
appliedenergistics2:paint_ball:34, Шар с краской - Люмен Красный
appliedenergistics2:paint_ball:35, Шар с краской - Люмен Чёрный
appliedenergistics2:dummy_fluid_item, item.appliedenergistics2.dummy_fluid_item.name
appliedenergistics2:material:28, Продвинутая карта
appliedenergistics2:material:44, Ядро истребления
appliedenergistics2:material:25, Базовая карта
appliedenergistics2:material:52, Пустой шаблон
appliedenergistics2:material:23, Вычислительный процессор
appliedenergistics2:material:13, Вычислительный пресс для высекателя
appliedenergistics2:material:16, Отпечатанный вычислительный контур
appliedenergistics2:material:27, Карта ёмкости
appliedenergistics2:material:53, Карта крафта
appliedenergistics2:material:29, Карта нечёткости
appliedenergistics2:material:31, Карта инвертирования
appliedenergistics2:material:26, Карта красного камня
appliedenergistics2:material:30, Карта ускорения
appliedenergistics2:material:34, 128³ пространственный компонент
appliedenergistics2:material:37, 16К МЭ компонент хранения
appliedenergistics2:material:33, 16³ пространственный компонент
appliedenergistics2:material:35, 1К МЭ компонент хранения
appliedenergistics2:material:32, 2³ пространственный компонент
appliedenergistics2:material:36, 4К МЭ компонент хранения
appliedenergistics2:material:38, 64К МЭ компонент хранения
appliedenergistics2:material:0, Кристалл истинного кварца
appliedenergistics2:material:1, Заряженный кристалл истинного кварца
appliedenergistics2:material:2, Пыль истинного кварца
appliedenergistics2:material:39, МЭ корпус ячейки хранения
appliedenergistics2:material:46, Пыль Края
appliedenergistics2:material:24, Инженерный процессор
appliedenergistics2:material:14, Инженерный пресс для высекателя
appliedenergistics2:material:17, Отпечатанный инженерный контур
appliedenergistics2:material:4, Мука
appliedenergistics2:material:56, 16k ME Fluid Storage Component
appliedenergistics2:material:54, 1k ME Fluid Storage Component
appliedenergistics2:material:55, 4k ME Fluid Storage Component
appliedenergistics2:material:57, 64k ME Fluid Storage Component
appliedenergistics2:material:7, Изменчивый кристалл
appliedenergistics2:material:8, Изменчивая пыль
appliedenergistics2:material:9, Изменчивая жемчужина
appliedenergistics2:material:43, Ядро формирования
appliedenergistics2:material:51, Золотая пыль
appliedenergistics2:material:49, Железная пыль
appliedenergistics2:material:22, Логический процессор
appliedenergistics2:material:15, Логический пресс для высекателя
appliedenergistics2:material:18, Отпечатанный логический контур
appliedenergistics2:material:6, Шарик материи
appliedenergistics2:material:21, Именующий пресс для высекателя
appliedenergistics2:material:3, Пыль кварца Нижнего мира
appliedenergistics2:material:10, Чистый кристалл истинного кварца
appliedenergistics2:material:12, Чистый изменчивый кристалл
appliedenergistics2:material:11, Чистый кристалл кварца Нижнего мира
appliedenergistics2:material:48, Квантовая запутанная сингулярность
appliedenergistics2:material:5, Кремний
appliedenergistics2:material:19, Кремниевый пресс для высекателя
appliedenergistics2:material:20, Отпечатанный кремний
appliedenergistics2:material:47, Сингулярность
appliedenergistics2:material:45, Пыль небесного камня
appliedenergistics2:material:41, Беспроводной приёмник
appliedenergistics2:material:42, Беспроводной усилитель
appliedenergistics2:material:40, Деревянная шестерня
appliedenergistics2:part:300, МЭ плоскость истребления
appliedenergistics2:part:120, Кабельный якорь
appliedenergistics2:part:20, МЭ закрытый кабель - Белый
appliedenergistics2:part:21, МЭ закрытый кабель - Оранжевый
appliedenergistics2:part:22, МЭ закрытый кабель - Сиреневый
appliedenergistics2:part:23, МЭ закрытый кабель - Светло-синий
appliedenergistics2:part:24, МЭ закрытый кабель - Жёлтый
appliedenergistics2:part:25, МЭ закрытый кабель - Лаймовый
appliedenergistics2:part:26, МЭ закрытый кабель - Розовый
appliedenergistics2:part:27, МЭ закрытый кабель - Серый
appliedenergistics2:part:28, МЭ закрытый кабель - Светло-серый
appliedenergistics2:part:29, МЭ закрытый кабель - Бирюзовый
appliedenergistics2:part:30, МЭ закрытый кабель - Фиолетовый
appliedenergistics2:part:31, МЭ закрытый кабель - Синий
appliedenergistics2:part:32, МЭ закрытый кабель - Коричневый
appliedenergistics2:part:33, МЭ закрытый кабель - Зелёный
appliedenergistics2:part:34, МЭ закрытый кабель - Красный
appliedenergistics2:part:35, МЭ закрытый кабель - Чёрный
appliedenergistics2:part:36, МЭ закрытый кабель - Изменчивый
appliedenergistics2:part:500, МЭ плотный закрытый кабель - Белый
appliedenergistics2:part:501, МЭ плотный закрытый кабель - Оранжевый
appliedenergistics2:part:502, МЭ плотный закрытый кабель - Сиреневый
appliedenergistics2:part:503, МЭ плотный закрытый кабель - Светло-синий
appliedenergistics2:part:504, МЭ плотный закрытый кабель - Жёлтый
appliedenergistics2:part:505, МЭ плотный закрытый кабель - Лаймовый
appliedenergistics2:part:506, МЭ плотный закрытый кабель - Розовый
appliedenergistics2:part:507, МЭ плотный закрытый кабель - Серый
appliedenergistics2:part:508, МЭ плотный закрытый кабель - Светло-серый
appliedenergistics2:part:509, МЭ плотный закрытый кабель - Бирюзовый
appliedenergistics2:part:510, МЭ плотный закрытый кабель - Фиолетовый
appliedenergistics2:part:511, МЭ плотный закрытый кабель - Синий
appliedenergistics2:part:512, МЭ плотный закрытый кабель - Коричневый
appliedenergistics2:part:513, МЭ плотный закрытый кабель - Зелёный
appliedenergistics2:part:514, МЭ плотный закрытый кабель - Красный
appliedenergistics2:part:515, МЭ плотный закрытый кабель - Чёрный
appliedenergistics2:part:516, МЭ плотный закрытый кабель - Изменчивый
appliedenergistics2:part:60, МЭ плотный умный кабель - Белый
appliedenergistics2:part:61, МЭ плотный умный кабель - Оранжевый
appliedenergistics2:part:62, МЭ плотный умный кабель - Сиреневый
appliedenergistics2:part:63, МЭ плотный умный кабель - Светло-синий
appliedenergistics2:part:64, МЭ плотный умный кабель - Жёлтый
appliedenergistics2:part:65, МЭ плотный умный кабель - Лаймовый
appliedenergistics2:part:66, МЭ плотный умный кабель - Розовый
appliedenergistics2:part:67, МЭ плотный умный кабель - Серый
appliedenergistics2:part:68, МЭ плотный умный кабель - Светло-серый
appliedenergistics2:part:69, МЭ плотный умный кабель - Бирюзовый
appliedenergistics2:part:70, МЭ плотный умный кабель - Фиолетовый
appliedenergistics2:part:71, МЭ плотный умный кабель - Синий
appliedenergistics2:part:72, МЭ плотный умный кабель - Коричневый
appliedenergistics2:part:73, МЭ плотный умный кабель - Зелёный
appliedenergistics2:part:74, МЭ плотный умный кабель - Красный
appliedenergistics2:part:75, МЭ плотный умный кабель - Чёрный
appliedenergistics2:part:76, МЭ плотный умный кабель - Изменчивый
appliedenergistics2:part:0, МЭ стеклянный кабель - Белый
appliedenergistics2:part:1, МЭ стеклянный кабель - Оранжевый
appliedenergistics2:part:2, МЭ стеклянный кабель - Сиреневый
appliedenergistics2:part:3, МЭ стеклянный кабель - Светло-синий
appliedenergistics2:part:4, МЭ стеклянный кабель - Жёлтый
appliedenergistics2:part:5, МЭ стеклянный кабель - Лаймовый
appliedenergistics2:part:6, МЭ стеклянный кабель - Розовый
appliedenergistics2:part:7, МЭ стеклянный кабель - Серый
appliedenergistics2:part:8, МЭ стеклянный кабель - Светло-серый
appliedenergistics2:part:9, МЭ стеклянный кабель - Бирюзовый
appliedenergistics2:part:10, МЭ стеклянный кабель - Фиолетовый
appliedenergistics2:part:11, МЭ стеклянный кабель - Синий
appliedenergistics2:part:12, МЭ стеклянный кабель - Коричневый
appliedenergistics2:part:13, МЭ стеклянный кабель - Зелёный
appliedenergistics2:part:14, МЭ стеклянный кабель - Красный
appliedenergistics2:part:15, МЭ стеклянный кабель - Чёрный
appliedenergistics2:part:16, МЭ стеклянный кабель - Изменчивый
appliedenergistics2:part:40, МЭ умный кабель - Белый
appliedenergistics2:part:41, МЭ умный кабель - Оранжевый
appliedenergistics2:part:42, МЭ умный кабель - Сиреневый
appliedenergistics2:part:43, МЭ умный кабель - Светло-синий
appliedenergistics2:part:44, МЭ умный кабель - Жёлтый
appliedenergistics2:part:45, МЭ умный кабель - Лаймовый
appliedenergistics2:part:46, МЭ умный кабель - Розовый
appliedenergistics2:part:47, МЭ умный кабель - Серый
appliedenergistics2:part:48, МЭ умный кабель - Светло-серый
appliedenergistics2:part:49, МЭ умный кабель - Бирюзовый
appliedenergistics2:part:50, МЭ умный кабель - Фиолетовый
appliedenergistics2:part:51, МЭ умный кабель - Синий
appliedenergistics2:part:52, МЭ умный кабель - Коричневый
appliedenergistics2:part:53, МЭ умный кабель - Зелёный
appliedenergistics2:part:54, МЭ умный кабель - Красный
appliedenergistics2:part:55, МЭ умный кабель - Чёрный
appliedenergistics2:part:56, МЭ умный кабель - Изменчивый
appliedenergistics2:part:420, МЭ монитор преобразования
appliedenergistics2:part:360, МЭ терминал крафта
appliedenergistics2:part:200, Тёмная осветительная панель
appliedenergistics2:part:260, МЭ шина экспорта
appliedenergistics2:part:302, ME Fluid Annihilation Plane
appliedenergistics2:part:261, ME Fluid Export Bus
appliedenergistics2:part:321, ME Fluid Formation Plane
appliedenergistics2:part:241, ME Fluid Import Bus
appliedenergistics2:part:441, ME Fluid Interface
appliedenergistics2:part:281, ME Fluid Level Emitter
appliedenergistics2:part:221, ME Fluid Storage Bus
appliedenergistics2:part:520, ME Fluid Terminal
appliedenergistics2:part:320, МЭ плоскость формирования
appliedenergistics2:part:301, МЭ id плоскость истребления
appliedenergistics2:part:240, МЭ шина импорта
appliedenergistics2:part:440, МЭ интерфейс
appliedenergistics2:part:480, МЭ терминал интерфейсов
appliedenergistics2:part:100, МЭ инвертированная шина переключения
appliedenergistics2:part:280, МЭ излучатель уровня
appliedenergistics2:part:160, Яркая осветительная панель
appliedenergistics2:part:469, Туннель точка-точка - FE
appliedenergistics2:part:463, Туннель точка-точка - Жидкость
appliedenergistics2:part:465, Туннель точка-точка - EU
appliedenergistics2:part:462, Туннель точка-точка - Предмет
appliedenergistics2:part:467, Туннель точка-точка - Свет
appliedenergistics2:part:460, Туннель точка-точка - МЭ
appliedenergistics2:part:461, Туннель точка-точка - Красный камень
appliedenergistics2:part:340, МЭ терминал шаблонов
appliedenergistics2:part:140, Кварцевое оптическое волокно
appliedenergistics2:part:180, Осветительная панель
appliedenergistics2:part:220, МЭ шина хранения
appliedenergistics2:part:400, МЭ монитор хранения
appliedenergistics2:part:380, МЭ терминал
appliedenergistics2:part:80, МЭ шина переключения
buildcraftlib:guide, Руководство по BuildCraft
buildcraftlib:guide_note, Примечание руководства
buildcraftlib:debugger, Отладчик
mekanism:electricbow, Электрический лук
mekanism:dust:0, Железная пыль
mekanism:dust:1, Золотая пыль
mekanism:dust:2, Осмиевая пыль
mekanism:dust:3, Медная пыль
mekanism:dust:4, Оловянная пыль
mekanism:dust:5, Серебряная пыль
mekanism:dust:6, Свинцовая пыль
mekanism:ingot:0, Обсидиановый слиток
mekanism:ingot:1, Осмиевый слиток
mekanism:ingot:2, Бронзовый слиток
mekanism:ingot:3, Светокаменный слиток
mekanism:ingot:4, Стальной слиток
mekanism:ingot:5, Медный слиток
mekanism:ingot:6, Оловянный слиток
mekanism:nugget:0, Очищенного обсидиана кусочек
mekanism:nugget:1, Осмиевый кусочек
mekanism:nugget:2, Бронзовый кусочек
mekanism:nugget:3, Светокаменный кусочек
mekanism:nugget:4, Стальной кусочек
mekanism:nugget:5, Медный кусочек
mekanism:nugget:6, Оловянный кусочек
mekanism:energytablet, Энергетический планшет
mekanism:speedupgrade, Улучшение: Скорость
mekanism:energyupgrade, Улучшение: Энергия
mekanism:filterupgrade, Улучшение: Фильтр
mekanism:mufflingupgrade, Улучшение: Шум
mekanism:gasupgrade, Улучшение: Газ
mekanism:anchorupgrade, Улучшение: Якорь
mekanism:robit, Робит
mekanism:atomicdisassembler, Атомный разборщик
mekanism:enrichedalloy, Обогащённый сплав
mekanism:reinforcedalloy, Укреплённый сплав
mekanism:atomicalloy, Атомный сплав
mekanism:itemproxy, item.ItemProxy.name
mekanism:controlcircuit:0, Базовая схема управления
mekanism:controlcircuit:1, Продвинутая схема управления
mekanism:controlcircuit:2, Элитная схема управления
mekanism:controlcircuit:3, Совершенная схема управления
mekanism:enrichediron, Обогащённое железо
mekanism:compressedcarbon, Сжатый уголь
mekanism:compressedredstone, Сжатый редстоун
mekanism:compresseddiamond, Сжатый алмаз
mekanism:compressedobsidian, Сжатый обсидиан
mekanism:portableteleporter, Переносной телепорт
mekanism:teleportationcore, Ядро телепортации
mekanism:clump:0, Железная глыба
mekanism:clump:1, Золотая глыба
mekanism:clump:2, Осмиевая глыба
mekanism:clump:3, Медная глыба
mekanism:clump:4, Оловянная глыба
mekanism:clump:5, Серебряная глыба
mekanism:clump:6, Свинцовая глыба
mekanism:dirtydust:0, Загрязненная железная пыль
mekanism:dirtydust:1, Загрязненная золотая пыль
mekanism:dirtydust:2, Загрязненная осмиевая пыль
mekanism:dirtydust:3, Загрязненная медная пыль
mekanism:dirtydust:4, Загрязненная оловянная пыль
mekanism:dirtydust:5, Загрязненная серебряная пыль
mekanism:dirtydust:6, Загрязненная свинцовая пыль
mekanism:configurator, Конфигуратор
mekanism:networkreader, Считыватель сети
mekanism:walkietalkie, Переносная рация
mekanism:jetpack, Реактивный ранец
mekanism:dictionary, Словарь
mekanism:gasmask, Противогаз
mekanism:scubatank, Акваланг
mekanism:balloon:0, §8Черный Воздушный шар
mekanism:balloon:1, §cКрасный Воздушный шар
mekanism:balloon:2, §2Зеленый Воздушный шар
mekanism:balloon:3, §6Коричневый Воздушный шар
mekanism:balloon:4, §1Синий Воздушный шар
mekanism:balloon:5, §5Фиолетовый Воздушный шар
mekanism:balloon:6, §3Темно-Голубой Воздушный шар
mekanism:balloon:7, §7Светло-Серый Воздушный шар
mekanism:balloon:8, §8Серый Воздушный шар
mekanism:balloon:9, §dРозовый Воздушный шар
mekanism:balloon:10, §aСветло-Зеленый Воздушный шар
mekanism:balloon:11, §eЖелтый Воздушный шар
mekanism:balloon:12, §9Светло-Голубой Воздушный шар
mekanism:balloon:13, §dПурпурный Воздушный шар
mekanism:balloon:14, §6Оранжевый Воздушный шар
mekanism:balloon:15, §fБелый Воздушный шар
mekanism:shard:0, Железный осколок
mekanism:shard:1, Золотой осколок
mekanism:shard:2, Осмиевый осколок
mekanism:shard:3, Медный осколок
mekanism:shard:4, Оловянный осколок
mekanism:shard:5, Серебряный осколок
mekanism:shard:6, Свинцовый осколок
mekanism:electrolyticcore, Электролитическое ядро
mekanism:sawdust, Опилки
mekanism:salt, Соль
mekanism:crystal:0, Железный кристалл
mekanism:crystal:1, Золотой кристалл
mekanism:crystal:2, Осмиевый кристалл
mekanism:crystal:3, Медный кристалл
mekanism:crystal:4, Оловянный кристалл
mekanism:crystal:5, Серебряный кристалл
mekanism:crystal:6, Свинцовый кристалл
mekanism:freerunners, Бегунки
mekanism:armoredjetpack, Бронированный реактивный ранец
mekanism:configurationcard, Карта настройки
mekanism:craftingformula, Формула создания
mekanism:seismicreader, Сейсмический считыватель
mekanism:substrate, Субстрат
mekanism:polyethene:0, Полиэтилен
mekanism:polyethene:1, Полиэтиленовый стержень
mekanism:polyethene:2, Полиэтиленовый лист
mekanism:polyethene:3, Пластиковая палка
mekanism:biofuel, Биотопливо
mekanism:flamethrower, Огнемёт
mekanism:gaugedropper, Датчик выбрасывателя
mekanism:tierinstaller:0, Установщик основного уровня
mekanism:tierinstaller:1, Установщик продвинутого уровня
mekanism:tierinstaller:2, Установщик элитного уровня
mekanism:tierinstaller:3, Установщик совершенного уровня
mekanism:otherdust:0, Алмазная пыль
mekanism:otherdust:1, Стальная пыль
mekanism:otherdust:3, Серная пыль
mekanism:otherdust:4, Литиевая пыль
mekanism:otherdust:5, Пыль очищенного обсидиана
mekanism:otherdust:6, Обсидиановая пыль
mekanism:basicblock:0, Осмиевый блок
mekanism:basicblock:1, Бронзовый блок
mekanism:basicblock:2, Очищенный обсидиан
mekanism:basicblock:3, Древесноугольный блок
mekanism:basicblock:4, Очищенный светокамень
mekanism:basicblock:5, Стальной блок
mekanism:basicblock:6, Основной ящик
mekanism:basicblock:6, Продвинутый ящик
mekanism:basicblock:6, Элитный ящик
mekanism:basicblock:6, Совершенный ящик
mekanism:basicblock:6, Творческий ящик
mekanism:basicblock:7, Каркас телепорта
mekanism:basicblock:8, Стальной корпус
mekanism:basicblock:9, Динамический резервуар
mekanism:basicblock:10, Структурное стекло
mekanism:basicblock:11, Динамический вентиль
mekanism:basicblock:12, Медный блок
mekanism:basicblock:13, Оловянный блок
mekanism:basicblock:14, Контроллер теплового испарителя
mekanism:basicblock:15, Вентиль теплового испарителя
mekanism:basicblock2:0, Блок теплового испарителя
mekanism:basicblock2:1, Индукционный корпус
mekanism:basicblock2:2, Индукционный порт
mekanism:basicblock2:3, Базовая индукционная ячейка
mekanism:basicblock2:3, Продвинутая индукционная ячейка
mekanism:basicblock2:3, Элитная индукционная ячейка
mekanism:basicblock2:3, Совершенная индукционная ячейка
mekanism:basicblock2:4, Базовый индукционный поставщик
mekanism:basicblock2:4, Продвинутый индукционный поставщик
mekanism:basicblock2:4, Элитный индукционный поставщик
mekanism:basicblock2:4, Совершенный индукционный поставщик
mekanism:basicblock2:5, Сверхмощный нагревательный элемент
mekanism:basicblock2:6, Рассеиватель давления
mekanism:basicblock2:7, Обшивка бойлера
mekanism:basicblock2:8, Вентиль бойлера
mekanism:basicblock2:9, Защитный блок
mekanism:machineblock:0, Камера обогащения
mekanism:machineblock:1, Осмиевый компрессор
mekanism:machineblock:2, Объединитель
mekanism:machineblock:3, Дробитель
mekanism:machineblock:4, Цифровой шахтёр
mekanism:machineblock:5, Базовый Плавящий Механизм
mekanism:machineblock:5, Базовый Обогащающий Механизм
mekanism:machineblock:5, Базовый Дробящий Механизм
mekanism:machineblock:5, Базовый Сжимающий Механизм
mekanism:machineblock:5, Базовый Объединяющий Механизм
mekanism:machineblock:5, Базовый Очищающий Механизм
mekanism:machineblock:5, Базовый Впрыскивающий Механизм
mekanism:machineblock:5, Базовый Наполняющий Механизм
mekanism:machineblock:5, Базовый Распиловка Механизм
mekanism:machineblock:6, Продвинутый Плавящий Механизм
mekanism:machineblock:6, Продвинутый Обогащающий Механизм
mekanism:machineblock:6, Продвинутый Дробящий Механизм
mekanism:machineblock:6, Продвинутый Сжимающий Механизм
mekanism:machineblock:6, Продвинутый Объединяющий Механизм
mekanism:machineblock:6, Продвинутый Очищающий Механизм
mekanism:machineblock:6, Продвинутый Впрыскивающий Механизм
mekanism:machineblock:6, Продвинутый Наполняющий Механизм
mekanism:machineblock:6, Продвинутый Распиловка Механизм
mekanism:machineblock:7, Элитный Плавящий Механизм
mekanism:machineblock:7, Элитный Обогащающий Механизм
mekanism:machineblock:7, Элитный Дробящий Механизм
mekanism:machineblock:7, Элитный Сжимающий Механизм
mekanism:machineblock:7, Элитный Объединяющий Механизм
mekanism:machineblock:7, Элитный Очищающий Механизм
mekanism:machineblock:7, Элитный Впрыскивающий Механизм
mekanism:machineblock:7, Элитный Наполняющий Механизм
mekanism:machineblock:7, Элитный Распиловка Механизм
mekanism:machineblock:8, Металлургический наполнитель
mekanism:machineblock:9, Камера очистки
mekanism:machineblock:10, Энергетическая плавильня
mekanism:machineblock:11, Телепорт
mekanism:machineblock:12, Электрическая помпа
mekanism:machineblock:13, Личный сундук
mekanism:machineblock:14, Зарядник
mekanism:machineblock:15, Логистический сортировщик
mekanism:machineblock2:0, Роторный сгуститель
mekanism:machineblock2:1, Химический окислитель
mekanism:machineblock2:2, Химический наполнитель
mekanism:machineblock2:3, Химическая инъекционная камера
mekanism:machineblock2:4, Электролитический сепаратор
mekanism:machineblock2:5, Точная лесопилка
mekanism:machineblock2:6, Химическая камера растворения
mekanism:machineblock2:7, Химический мойщик
mekanism:machineblock2:8, Химический кристаллизатор
mekanism:machineblock2:9, Сейсмический вибромеханизм
mekanism:machineblock2:10, Камера реакций под давлением
mekanism:machineblock2:11, Базовый жидкостный бак
mekanism:machineblock2:11, Продвинутый жидкостный бак
mekanism:machineblock2:11, Элитный жидкостный бак
mekanism:machineblock2:11, Совершенный жидкостный бак
mekanism:machineblock2:11, Творческий жидкостный бак
mekanism:machineblock2:12, Жидкостный снабжатель
mekanism:machineblock2:13, Лазер
mekanism:machineblock2:14, Усилитель лазера
mekanism:machineblock2:15, Лазерный притягиватель
mekanism:machineblock3:0, Квантовый телепорт
mekanism:machineblock3:1, Солнечный активатор нейтронов
mekanism:machineblock3:3, Унификатор словаря руд
mekanism:machineblock3:4, Устойчивый нагреватель
mekanism:machineblock3:5, Формульный сборщик
mekanism:machineblock3:6, Твердотопливный нагреватель
mekanism:oreblock:0, Осмиевая руда
mekanism:oreblock:1, Медная руда
mekanism:oreblock:2, Оловянная руда
mekanism:energycube:0, Основной энергетический куб
mekanism:energycube:0, Основной энергетический куб
mekanism:energycube:0, Продвинутый энергетический куб
mekanism:energycube:0, Продвинутый энергетический куб
mekanism:energycube:0, Элитный энергетический куб
mekanism:energycube:0, Элитный энергетический куб
mekanism:energycube:0, Совершенный энергетический куб
mekanism:energycube:0, Совершенный энергетический куб
mekanism:energycube:0, Творческий энергетический куб
mekanism:energycube:0, Творческий энергетический куб
mekanism:transmitter:0, Базовый универсальный провод
mekanism:transmitter:0, Продвинутый универсальный провод
mekanism:transmitter:0, Элитный универсальный провод
mekanism:transmitter:0, Совершенный универсальный провод
mekanism:transmitter:1, Базовая механическая труба
mekanism:transmitter:1, Продвинутая механическая труба
mekanism:transmitter:1, Элитная механическая труба
mekanism:transmitter:1, Совершенная механическая труба
mekanism:transmitter:2, Базовая герметичная труба
mekanism:transmitter:2, Продвинутая герметичная труба
mekanism:transmitter:2, Элитная герметичная труба
mekanism:transmitter:2, Совершенная герметичная труба
mekanism:transmitter:3, Базовый логистический транспортер
mekanism:transmitter:3, Продвинутый логистический транспортер
mekanism:transmitter:3, Элитный логистический транспортер
mekanism:transmitter:3, Совершенный логистический транспортер
mekanism:transmitter:4, Ограничительный транспортер
mekanism:transmitter:5, Отклоняющий транспортер
mekanism:transmitter:6, Базовый теплопровод
mekanism:transmitter:6, Продвинутый теплопровод
mekanism:transmitter:6, Элитный теплопровод
mekanism:transmitter:6, Совершенный теплопровод
mekanism:obsidiantnt, Обсидиановый динамит
mekanism:boundingblock, Скреплённый блок
mekanism:gastank:0, Базовый газовый баллон
mekanism:gastank:0, Продвинутый газовый баллон
mekanism:gastank:0, Элитный газовый баллон
mekanism:gastank:0, Совершенный газовый баллон
mekanism:gastank:0, Творческий газовый баллон
mekanism:gastank:0, Творческий газовый баллон
mekanism:gastank:0, Творческий газовый баллон
mekanism:gastank:0, Творческий газовый баллон
mekanism:gastank:0, Творческий газовый баллон
mekanism:gastank:0, Творческий газовый баллон
mekanism:gastank:0, Творческий газовый баллон
mekanism:gastank:0, Творческий газовый баллон
mekanism:gastank:0, Творческий газовый баллон
mekanism:gastank:0, Творческий газовый баллон
mekanism:gastank:0, Творческий газовый баллон
mekanism:gastank:0, Творческий газовый баллон
mekanism:gastank:0, Творческий газовый баллон
mekanism:gastank:0, Творческий газовый баллон
mekanism:gastank:0, Творческий газовый баллон
mekanism:gastank:0, Творческий газовый баллон
mekanism:cardboardbox, Картонная коробка
mekanism:glowpanel:0, §8Черный Cветящийся полублок
mekanism:glowpanel:1, §cКрасный Cветящийся полублок
mekanism:glowpanel:2, §2Зеленый Cветящийся полублок
mekanism:glowpanel:3, §6Коричневый Cветящийся полублок
mekanism:glowpanel:4, §1Синий Cветящийся полублок
mekanism:glowpanel:5, §5Фиолетовый Cветящийся полублок
mekanism:glowpanel:6, §3Темно-Голубой Cветящийся полублок
mekanism:glowpanel:7, §7Светло-Серый Cветящийся полублок
mekanism:glowpanel:8, §8Серый Cветящийся полублок
mekanism:glowpanel:9, §dРозовый Cветящийся полублок
mekanism:glowpanel:10, §aСветло-Зеленый Cветящийся полублок
mekanism:glowpanel:11, §eЖелтый Cветящийся полублок
mekanism:glowpanel:12, §9Светло-Голубой Cветящийся полублок
mekanism:glowpanel:13, §dПурпурный Cветящийся полублок
mekanism:glowpanel:14, §6Оранжевый Cветящийся полублок
mekanism:glowpanel:15, §fБелый Cветящийся полублок
mekanism:plasticblock:0, §8Черный Пластиковый блок
mekanism:plasticblock:1, §cКрасный Пластиковый блок
mekanism:plasticblock:2, §2Зеленый Пластиковый блок
mekanism:plasticblock:3, §6Коричневый Пластиковый блок
mekanism:plasticblock:4, §1Синий Пластиковый блок
mekanism:plasticblock:5, §5Фиолетовый Пластиковый блок
mekanism:plasticblock:6, §3Темно-Голубой Пластиковый блок
mekanism:plasticblock:7, §7Светло-Серый Пластиковый блок
mekanism:plasticblock:8, §8Серый Пластиковый блок
mekanism:plasticblock:9, §dРозовый Пластиковый блок
mekanism:plasticblock:10, §aСветло-Зеленый Пластиковый блок
mekanism:plasticblock:11, §eЖелтый Пластиковый блок
mekanism:plasticblock:12, §9Светло-Голубой Пластиковый блок
mekanism:plasticblock:13, §dПурпурный Пластиковый блок
mekanism:plasticblock:14, §6Оранжевый Пластиковый блок
mekanism:plasticblock:15, §fБелый Пластиковый блок
mekanism:slickplasticblock:0, §8Черный Гладкий пластиковый блок
mekanism:slickplasticblock:1, §cКрасный Гладкий пластиковый блок
mekanism:slickplasticblock:2, §2Зеленый Гладкий пластиковый блок
mekanism:slickplasticblock:3, §6Коричневый Гладкий пластиковый блок
mekanism:slickplasticblock:4, §1Синий Гладкий пластиковый блок
mekanism:slickplasticblock:5, §5Фиолетовый Гладкий пластиковый блок
mekanism:slickplasticblock:6, §3Темно-Голубой Гладкий пластиковый блок
mekanism:slickplasticblock:7, §7Светло-Серый Гладкий пластиковый блок
mekanism:slickplasticblock:8, §8Серый Гладкий пластиковый блок
mekanism:slickplasticblock:9, §dРозовый Гладкий пластиковый блок
mekanism:slickplasticblock:10, §aСветло-Зеленый Гладкий пластиковый блок
mekanism:slickplasticblock:11, §eЖелтый Гладкий пластиковый блок
mekanism:slickplasticblock:12, §9Светло-Голубой Гладкий пластиковый блок
mekanism:slickplasticblock:13, §dПурпурный Гладкий пластиковый блок
mekanism:slickplasticblock:14, §6Оранжевый Гладкий пластиковый блок
mekanism:slickplasticblock:15, §fБелый Гладкий пластиковый блок
mekanism:glowplasticblock:0, §8Черный Пластиковый светящийся блок
mekanism:glowplasticblock:1, §cКрасный Пластиковый светящийся блок
mekanism:glowplasticblock:2, §2Зеленый Пластиковый светящийся блок
mekanism:glowplasticblock:3, §6Коричневый Пластиковый светящийся блок
mekanism:glowplasticblock:4, §1Синий Пластиковый светящийся блок
mekanism:glowplasticblock:5, §5Фиолетовый Пластиковый светящийся блок
mekanism:glowplasticblock:6, §3Темно-Голубой Пластиковый светящийся блок
mekanism:glowplasticblock:7, §7Светло-Серый Пластиковый светящийся блок
mekanism:glowplasticblock:8, §8Серый Пластиковый светящийся блок
mekanism:glowplasticblock:9, §dРозовый Пластиковый светящийся блок
mekanism:glowplasticblock:10, §aСветло-Зеленый Пластиковый светящийся блок
mekanism:glowplasticblock:11, §eЖелтый Пластиковый светящийся блок
mekanism:glowplasticblock:12, §9Светло-Голубой Пластиковый светящийся блок
mekanism:glowplasticblock:13, §dПурпурный Пластиковый светящийся блок
mekanism:glowplasticblock:14, §6Оранжевый Пластиковый светящийся блок
mekanism:glowplasticblock:15, §fБелый Пластиковый светящийся блок
mekanism:reinforcedplasticblock:0, §8Черный Укреплённый пластиковый блок
mekanism:reinforcedplasticblock:1, §cКрасный Укреплённый пластиковый блок
mekanism:reinforcedplasticblock:2, §2Зеленый Укреплённый пластиковый блок
mekanism:reinforcedplasticblock:3, §6Коричневый Укреплённый пластиковый блок
mekanism:reinforcedplasticblock:4, §1Синий Укреплённый пластиковый блок
mekanism:reinforcedplasticblock:5, §5Фиолетовый Укреплённый пластиковый блок
mekanism:reinforcedplasticblock:6, §3Темно-Голубой Укреплённый пластиковый блок
mekanism:reinforcedplasticblock:7, §7Светло-Серый Укреплённый пластиковый блок
mekanism:reinforcedplasticblock:8, §8Серый Укреплённый пластиковый блок
mekanism:reinforcedplasticblock:9, §dРозовый Укреплённый пластиковый блок
mekanism:reinforcedplasticblock:10, §aСветло-Зеленый Укреплённый пластиковый блок
mekanism:reinforcedplasticblock:11, §eЖелтый Укреплённый пластиковый блок
mekanism:reinforcedplasticblock:12, §9Светло-Голубой Укреплённый пластиковый блок
mekanism:reinforcedplasticblock:13, §dПурпурный Укреплённый пластиковый блок
mekanism:reinforcedplasticblock:14, §6Оранжевый Укреплённый пластиковый блок
mekanism:reinforcedplasticblock:15, §fБелый Укреплённый пластиковый блок
mekanism:roadplasticblock:0, §8Черный Пластиковый путь
mekanism:roadplasticblock:1, §cКрасный Пластиковый путь
mekanism:roadplasticblock:2, §2Зеленый Пластиковый путь
mekanism:roadplasticblock:3, §6Коричневый Пластиковый путь
mekanism:roadplasticblock:4, §1Синий Пластиковый путь
mekanism:roadplasticblock:5, §5Фиолетовый Пластиковый путь
mekanism:roadplasticblock:6, §3Темно-Голубой Пластиковый путь
mekanism:roadplasticblock:7, §7Светло-Серый Пластиковый путь
mekanism:roadplasticblock:8, §8Серый Пластиковый путь
mekanism:roadplasticblock:9, §dРозовый Пластиковый путь
mekanism:roadplasticblock:10, §aСветло-Зеленый Пластиковый путь
mekanism:roadplasticblock:11, §eЖелтый Пластиковый путь
mekanism:roadplasticblock:12, §9Светло-Голубой Пластиковый путь
mekanism:roadplasticblock:13, §dПурпурный Пластиковый путь
mekanism:roadplasticblock:14, §6Оранжевый Пластиковый путь
mekanism:roadplasticblock:15, §fБелый Пластиковый путь
mekanism:plasticfence:0, §8Черный Пластиковый забор
mekanism:plasticfence:1, §cКрасный Пластиковый забор
mekanism:plasticfence:2, §2Зеленый Пластиковый забор
mekanism:plasticfence:3, §6Коричневый Пластиковый забор
mekanism:plasticfence:4, §1Синий Пластиковый забор
mekanism:plasticfence:5, §5Фиолетовый Пластиковый забор
mekanism:plasticfence:6, §3Темно-Голубой Пластиковый забор
mekanism:plasticfence:7, §7Светло-Серый Пластиковый забор
mekanism:plasticfence:8, §8Серый Пластиковый забор
mekanism:plasticfence:9, §dРозовый Пластиковый забор
mekanism:plasticfence:10, §aСветло-Зеленый Пластиковый забор
mekanism:plasticfence:11, §eЖелтый Пластиковый забор
mekanism:plasticfence:12, §9Светло-Голубой Пластиковый забор
mekanism:plasticfence:13, §dПурпурный Пластиковый забор
mekanism:plasticfence:14, §6Оранжевый Пластиковый забор
mekanism:plasticfence:15, §fБелый Пластиковый забор
mekanism:saltblock, Блок соли
quark:sandstone_new:0, Полированный песчаник
quark:sandstone_new:1, Кирпичи из песчаника
quark:sandstone_new:2, Полированный красный песчаник
quark:sandstone_new:3, Кирпичи из красного песчаника
quark:sandstone_new:4, Полированный песок душ
quark:sandstone_new:5, Кирпичи из песка душ
quark:sandstone_bricks_stairs, tile.sandstone_bricks_stairs.name
quark:red_sandstone_bricks_stairs, tile.red_sandstone_bricks_stairs.name
quark:soul_sandstone_bricks_stairs, tile.soul_sandstone_bricks_stairs.name
quark:sandstone_smooth_slab:0, Плита отполированного песчаника
quark:sandstone_bricks_slab:0, Плита из кирпичей песчаника
quark:red_sandstone_smooth_slab:0, Плита отполированного красного песчаника
quark:red_sandstone_bricks_slab:0, Плита из кирпичей красного песчанника
quark:soul_sandstone_smooth_slab:0, Полированный полублок из песка душ
quark:soul_sandstone_bricks_slab:0, Кирпичный полублок из песка душ
quark:polished_stone, tile.polished_stone.name
quark:stone_wall, tile.stone_wall.name
quark:stone_granite_wall, tile.stone_granite_wall.name
quark:stone_diorite_wall, tile.stone_diorite_wall.name
quark:stone_andesite_wall, tile.stone_andesite_wall.name
quark:sandstone_wall, tile.sandstone_wall.name
quark:red_sandstone_wall, tile.red_sandstone_wall.name
quark:stonebrick_wall, tile.stonebrick_wall.name
quark:brick_wall, tile.brick_wall.name
quark:quartz_wall, tile.quartz_wall.name
quark:prismarine_rough_wall, tile.prismarine_rough_wall.name
quark:prismarine_bricks_wall, tile.prismarine_bricks_wall.name
quark:dark_prismarine_wall, tile.dark_prismarine_wall.name
quark:purpur_block_wall, tile.purpur_block_wall.name
quark:end_bricks_wall, tile.end_bricks_wall.name
quark:stonebrick_mossy_wall, tile.stonebrick_mossy_wall.name
quark:stained_planks:0, Белые крашеные доски
quark:stained_planks:1, Оранжевые крашеные доски
quark:stained_planks:2, Сиреневые крашеные доски
quark:stained_planks:3, Голубые крашеные доски
quark:stained_planks:4, Жёлтые крашеные доски
quark:stained_planks:5, Лаймовые крашеные доски
quark:stained_planks:6, Розовые крашеные доски
quark:stained_planks:7, Серые крашеные доски
quark:stained_planks:8, Светло-серые крашеные доски
quark:stained_planks:9, Бирюзовые крашеные доски
quark:stained_planks:10, Пурпурные крашеные доски
quark:stained_planks:11, Синие крашеные доски
quark:stained_planks:12, Коричневые крашеные доски
quark:stained_planks:13, Зелёные крашеные доски
quark:stained_planks:14, Красные крашеные доски
quark:stained_planks:15, Чёрные крашеные доски
quark:stained_planks_white_stairs, tile.stained_planks_white_stairs.name
quark:stained_planks_orange_stairs, tile.stained_planks_orange_stairs.name
quark:stained_planks_magenta_stairs, tile.stained_planks_magenta_stairs.name
quark:stained_planks_light_blue_stairs, tile.stained_planks_light_blue_stairs.name
quark:stained_planks_yellow_stairs, tile.stained_planks_yellow_stairs.name
quark:stained_planks_lime_stairs, tile.stained_planks_lime_stairs.name
quark:stained_planks_pink_stairs, tile.stained_planks_pink_stairs.name
quark:stained_planks_gray_stairs, tile.stained_planks_gray_stairs.name
quark:stained_planks_silver_stairs, tile.stained_planks_silver_stairs.name
quark:stained_planks_cyan_stairs, tile.stained_planks_cyan_stairs.name
quark:stained_planks_purple_stairs, tile.stained_planks_purple_stairs.name
quark:stained_planks_blue_stairs, tile.stained_planks_blue_stairs.name
quark:stained_planks_brown_stairs, tile.stained_planks_brown_stairs.name
quark:stained_planks_green_stairs, tile.stained_planks_green_stairs.name
quark:stained_planks_red_stairs, tile.stained_planks_red_stairs.name
quark:stained_planks_black_stairs, tile.stained_planks_black_stairs.name
quark:stained_planks_white_slab:0, Плита из белого крашеного дерева
quark:stained_planks_orange_slab:0, Плита из оранжевого крашеного дерева
quark:stained_planks_magenta_slab:0, Плита из сиреневого крашеного дерева
quark:stained_planks_light_blue_slab:0, Плита из голубого крашеного дерева
quark:stained_planks_yellow_slab:0, Плита из жёлтого крашеного дерева
quark:stained_planks_lime_slab:0, Плита из лаймового крашеного дерева
quark:stained_planks_pink_slab:0, Плита из розового крашеного дерева
quark:stained_planks_gray_slab:0, Плита из серого крашеного дерева
quark:stained_planks_silver_slab:0, Плита из светло-серого крашеного дерева
quark:stained_planks_cyan_slab:0, Плита из бирюзового крашеного дерева
quark:stained_planks_purple_slab:0, Плита из пурпурного крашеного дерева
quark:stained_planks_blue_slab:0, Плита из синего крашеного дерева
quark:stained_planks_brown_slab:0, Плита из коричневого крашеного дерева
quark:stained_planks_green_slab:0, Плита из зелёного крашеного дерева
quark:stained_planks_red_slab:0, Плита из красного крашеного дерева
quark:stained_planks_black_slab:0, Плита из чёрного крашеного дерева
quark:hardened_clay_tiles, tile.hardened_clay_tiles.name
quark:hardened_clay_tiles_stairs, tile.hardened_clay_tiles_stairs.name
quark:hardened_clay_tiles_slab:0, Полублок плитки из обожженной глины
quark:stained_clay_tiles:0, Плитка из белой глины
quark:stained_clay_tiles:1, Плитка из оранжевой глины
quark:stained_clay_tiles:2, Плитка из пурпурной глины
quark:stained_clay_tiles:3, Плитка из голубой глины
quark:stained_clay_tiles:4, Плитка из жёлтой глины
quark:stained_clay_tiles:5, Плитка из лаймовой глины
quark:stained_clay_tiles:6, Плитка из розовой глины
quark:stained_clay_tiles:7, Плитка из серой глины
quark:stained_clay_tiles:8, Плитка из светло-серой глины
quark:stained_clay_tiles:9, Плитка из бирюзовой глины
quark:stained_clay_tiles:10, Плитка из фиолетовой глины
quark:stained_clay_tiles:11, Плитка из синей глины
quark:stained_clay_tiles:12, Плитка из коричневой глины
quark:stained_clay_tiles:13, Плитка из зелёной глины
quark:stained_clay_tiles:14, Плитка из красной глины
quark:stained_clay_tiles:15, Плитка из чёрной глины
quark:stained_clay_tiles_white_stairs, tile.stained_clay_tiles_white_stairs.name
quark:stained_clay_tiles_orange_stairs, tile.stained_clay_tiles_orange_stairs.name
quark:stained_clay_tiles_magenta_stairs, tile.stained_clay_tiles_magenta_stairs.name
quark:stained_clay_tiles_light_blue_stairs, tile.stained_clay_tiles_light_blue_stairs.name
quark:stained_clay_tiles_yellow_stairs, tile.stained_clay_tiles_yellow_stairs.name
quark:stained_clay_tiles_lime_stairs, tile.stained_clay_tiles_lime_stairs.name
quark:stained_clay_tiles_pink_stairs, tile.stained_clay_tiles_pink_stairs.name
quark:stained_clay_tiles_gray_stairs, tile.stained_clay_tiles_gray_stairs.name
quark:stained_clay_tiles_silver_stairs, tile.stained_clay_tiles_silver_stairs.name
quark:stained_clay_tiles_cyan_stairs, tile.stained_clay_tiles_cyan_stairs.name
quark:stained_clay_tiles_purple_stairs, tile.stained_clay_tiles_purple_stairs.name
quark:stained_clay_tiles_blue_stairs, tile.stained_clay_tiles_blue_stairs.name
quark:stained_clay_tiles_brown_stairs, tile.stained_clay_tiles_brown_stairs.name
quark:stained_clay_tiles_green_stairs, tile.stained_clay_tiles_green_stairs.name
quark:stained_clay_tiles_red_stairs, tile.stained_clay_tiles_red_stairs.name
quark:stained_clay_tiles_black_stairs, tile.stained_clay_tiles_black_stairs.name
quark:stained_clay_tiles_white_slab:0, Полублок плитки из белой глины
quark:stained_clay_tiles_orange_slab:0, Полублок плитки из оранжевой глины
quark:stained_clay_tiles_magenta_slab:0, Полублок плитки из пурпурной глины
quark:stained_clay_tiles_light_blue_slab:0, Полублок плитки из голубой глины
quark:stained_clay_tiles_yellow_slab:0, Полублок плитки из жёлтой глины
quark:stained_clay_tiles_lime_slab:0, Полублок плитки из лаймовой глины
quark:stained_clay_tiles_pink_slab:0, Полублок плитки из розовой глины
quark:stained_clay_tiles_gray_slab:0, Полублок плитки из серой глины
quark:stained_clay_tiles_silver_slab:0, Полублок плитки из светло-серой глины
quark:stained_clay_tiles_cyan_slab:0, Полублок плитки из бирюзовой глины
quark:stained_clay_tiles_purple_slab:0, Полублок плитки из фиолетовой глины
quark:stained_clay_tiles_blue_slab:0, Полублок плитки из синей глины
quark:stained_clay_tiles_brown_slab:0, Полублок плитки из коричневой глины
quark:stained_clay_tiles_green_slab:0, Полублок плитки из зелёной глины
quark:stained_clay_tiles_red_slab:0, Полублок плитки из красной глины
quark:stained_clay_tiles_black_slab:0, Полублок плитки из чёрной глины
quark:bark:0, Неотёсанный дуб
quark:bark:1, Неотёсанная ель
quark:bark:2, Неотёсанная береза
quark:bark:3, Неотёсанное тропическое дерево
quark:bark:4, Неотёсанная акация
quark:bark:5, Неотёсанный темный дуб
quark:bark_oak_wall, tile.bark_oak_wall.name
quark:bark_oak_stairs, tile.bark_oak_stairs.name
quark:bark_oak_slab:0, Полублок из неотёсанного дуба
quark:bark_spruce_wall, tile.bark_spruce_wall.name
quark:bark_spruce_stairs, tile.bark_spruce_stairs.name
quark:bark_spruce_slab:0, Полублок из неотёсанной ели
quark:bark_birch_wall, tile.bark_birch_wall.name
quark:bark_birch_stairs, tile.bark_birch_stairs.name
quark:bark_birch_slab:0, Полублок из неотёсанной березы
quark:bark_jungle_wall, tile.bark_jungle_wall.name
quark:bark_jungle_stairs, tile.bark_jungle_stairs.name
quark:bark_jungle_slab:0, Полублок из неотёсанного дерева джунглей
quark:bark_acacia_wall, tile.bark_acacia_wall.name
quark:bark_acacia_stairs, tile.bark_acacia_stairs.name
quark:bark_acacia_slab:0, Полублок из неотёсанной акации
quark:bark_dark_oak_wall, tile.bark_dark_oak_wall.name
quark:bark_dark_oak_stairs, tile.bark_dark_oak_stairs.name
quark:bark_dark_oak_slab:0, Полублок из неотёсанного темного дуба
quark:sturdy_stone, tile.sturdy_stone.name
quark:iron_plate:0, Железная пластина
quark:iron_plate:1, Ржавая железная пластина
quark:iron_plate_stairs, tile.iron_plate_stairs.name
quark:iron_plate_slab:0, Плита из железных пластин
quark:sandy_bricks, tile.sandy_bricks.name
quark:sandy_bricks_stairs, tile.sandy_bricks_stairs.name
quark:sandy_bricks_slab:0, Плита из песчанного кирпича
quark:sandy_bricks_wall, tile.sandy_bricks_wall.name
quark:stone_stairs, tile.stone_stairs.name
quark:stone_granite_stairs, tile.stone_granite_stairs.name
quark:stone_granite_slab:0, Гранитная плита
quark:stone_diorite_stairs, tile.stone_diorite_stairs.name
quark:stone_diorite_slab:0, Диоритовая плита
quark:stone_andesite_stairs, tile.stone_andesite_stairs.name
quark:stone_andesite_slab:0, Андезитовая плита
quark:end_bricks_stairs, tile.end_bricks_stairs.name
quark:end_bricks_slab:0, Плита из кирпича края
quark:prismarine_stairs, tile.prismarine_stairs.name
quark:prismarine_slab:0, Призмариновая плита
quark:prismarine_bricks_stairs, tile.prismarine_bricks_stairs.name
quark:prismarine_bricks_slab:0, Плита из призмаринового кирпича
quark:prismarine_dark_stairs, tile.prismarine_dark_stairs.name
quark:prismarine_dark_slab:0, Плита из темного призмарина
quark:red_nether_brick_stairs, tile.red_nether_brick_stairs.name
quark:red_nether_brick_slab:0, Плита из красного адского кирпича
quark:cobblestone_mossy_stairs, tile.cobblestone_mossy_stairs.name
quark:cobblestone_mossy_slab:0, Moss Stone Slab
quark:stonebrick_mossy_stairs, tile.stonebrick_mossy_stairs.name
quark:stonebrick_mossy_slab:0, Mossy Stone Brick Slab
quark:thatch, tile.thatch.name
quark:thatch_stairs, tile.thatch_stairs.name
quark:thatch_slab:0, Плита из соломы
quark:charred_nether_bricks, tile.charred_nether_bricks.name
quark:charred_nether_brick_stairs, tile.charred_nether_brick_stairs.name
quark:charred_nether_brick_slab:0, Плита обугленного адского кирпича
quark:world_stone_bricks:0, Гранитный кирпич
quark:world_stone_bricks:1, Диоритовый кирпич
quark:world_stone_bricks:2, Андезитовый кирпич
quark:world_stone_bricks:3, Базальтовый кирпич
quark:world_stone_bricks:4, Мраморный кирпич
quark:world_stone_bricks:5, Кирпичи из известняка
quark:world_stone_bricks:6, Jasper Bricks
quark:world_stone_bricks:7, Slate Bricks
quark:world_stone_carved:0, Резные гранитные кирпичи
quark:world_stone_carved:1, Резные диоритовые кирпичи
quark:world_stone_carved:2, Резные андезитовые кирпичи
quark:world_stone_carved:3, Резные базальтовые кирпичи
quark:world_stone_carved:4, Резные мраморные кирпичи
quark:world_stone_carved:5, Резные известняковые кирпичи
quark:world_stone_carved:6, Chiseled Jasper Bricks
quark:world_stone_carved:7, Chiseled Slate Bricks
quark:stone_granite_bricks_stairs, tile.stone_granite_bricks_stairs.name
quark:stone_granite_bricks_slab:0, Плита из гранитного кирпича
quark:stone_diorite_bricks_stairs, tile.stone_diorite_bricks_stairs.name
quark:stone_diorite_bricks_slab:0, Плита из диоритового кирпича
quark:stone_andesite_bricks_stairs, tile.stone_andesite_bricks_stairs.name
quark:stone_andesite_bricks_slab:0, Плита из андезитового кирпича
quark:stone_basalt_bricks_stairs, tile.stone_basalt_bricks_stairs.name
quark:stone_basalt_bricks_slab:0, Плита из базальтового кирпича
quark:stone_marble_bricks_stairs, tile.stone_marble_bricks_stairs.name
quark:stone_marble_bricks_slab:0, Плита из мраморного кирпича
quark:stone_limestone_bricks_stairs, tile.stone_limestone_bricks_stairs.name
quark:stone_limestone_bricks_slab:0, Плита из кирпичей известняка
quark:stone_jasper_bricks_stairs, tile.stone_jasper_bricks_stairs.name
quark:stone_jasper_bricks_slab:0, Jasper Brick Slab
quark:stone_slate_bricks_stairs, tile.stone_slate_bricks_stairs.name
quark:stone_slate_bricks_slab:0, Slate Brick Slab
quark:stone_granite_bricks_wall, tile.stone_granite_bricks_wall.name
quark:stone_diorite_bricks_wall, tile.stone_diorite_bricks_wall.name
quark:stone_andesite_bricks_wall, tile.stone_andesite_bricks_wall.name
quark:stone_basalt_bricks_wall, tile.stone_basalt_bricks_wall.name
quark:stone_marble_bricks_wall, tile.stone_marble_bricks_wall.name
quark:stone_limestone_bricks_wall, tile.stone_limestone_bricks_wall.name
quark:stone_jasper_bricks_wall, tile.stone_jasper_bricks_wall.name
quark:stone_slate_bricks_wall, tile.stone_slate_bricks_wall.name
quark:midori_block, tile.midori_block.name
quark:midori_pillar, tile.midori_pillar.name
quark:midori_block_stairs, tile.midori_block_stairs.name
quark:midori_block_slab:0, Полублок мидори
quark:midori_block_wall, tile.midori_block_wall.name
quark:magma_bricks, tile.magma_bricks.name
quark:magma_bricks_stairs, tile.magma_bricks_stairs.name
quark:magma_bricks_slab:0, Полублок из магмового кирпича
quark:vertical_planks:0, Вертикальные дубовые деревянные доски
quark:vertical_planks:1, Вертикальные еловые деревянные доски
quark:vertical_planks:2, Вертикальные березовые деревянные доски
quark:vertical_planks:3, Вертикальные деревянные доски джунглей
quark:vertical_planks:4, Вертикальные деревянные доски из акации
quark:vertical_planks:5, Вертикальные темные дубовые деревянные доски
quark:vertical_stained_planks:0, Белые крашеные вертикальные доски
quark:vertical_stained_planks:1, Оранжевые крашеные вертикальные доски
quark:vertical_stained_planks:2, Сиреневые крашеные вертикальные доски
quark:vertical_stained_planks:3, Голубые крашеные вертикальные доски
quark:vertical_stained_planks:4, Желтые крашеные вертикальные доски
quark:vertical_stained_planks:5, Лаймовые крашеные вертикальные доски
quark:vertical_stained_planks:6, Розовые крашеные вертикальные доски
quark:vertical_stained_planks:7, Серые крашеные вертикальные доски
quark:vertical_stained_planks:8, Светло-серые крашеные вертикальные доски
quark:vertical_stained_planks:9, Бирюзовые крашеные вертикальные доски
quark:vertical_stained_planks:10, Пурпурные крашеные вертикальные доски
quark:vertical_stained_planks:11, Синие крашеные вертикальные доски
quark:vertical_stained_planks:12, Коричневые крашеные вертикальные доски
quark:vertical_stained_planks:13, Зелёные крашеные вертикальные доски
quark:vertical_stained_planks:14, Красные крашеные вертикальные доски
quark:vertical_stained_planks:15, Чёрные крашеные вертикальные доски
quark:duskbound_block, tile.duskbound_block.name
quark:duskbound_lantern, tile.duskbound_lantern.name
quark:duskbound_block_stairs, tile.duskbound_block_stairs.name
quark:duskbound_block_slab:0, Плита из сумрачной материи
quark:duskbound_block_wall, tile.duskbound_block_wall.name
quark:world_stone_pavement:0, Гранитная плитка
quark:world_stone_pavement:1, Диоритовая плитка
quark:world_stone_pavement:2, Андезитовая плитка
quark:world_stone_pavement:3, Базальтовая плитка
quark:world_stone_pavement:4, Мраморная плитка
quark:world_stone_pavement:5, Известняковая плитка
quark:world_stone_pavement:6, Jasper Pavement
quark:world_stone_pavement:7, Slate Pavement
quark:reed_block, tile.reed_block.name
quark:reed_block_stairs, tile.reed_block_stairs.name
quark:reed_block_slab:0, Плита из тростника
quark:reed_block_wall, tile.reed_block_wall.name
quark:snow_bricks, tile.snow_bricks.name
quark:snow_bricks_stairs, tile.snow_bricks_stairs.name
quark:snow_bricks_slab:0, Плита из снежных кирпичей
quark:snow_bricks_wall, tile.snow_bricks_wall.name
quark:carved_wood:0, Отёсанный дуб
quark:carved_wood:1, Отёсанная ель
quark:carved_wood:2, Отёсанная береза
quark:carved_wood:3, Отёсанное тропическое дерево
quark:carved_wood:4, Отёсанная акация
quark:carved_wood:5, Отёсанный темный дуб
quark:soul_sandstone:0, Песчаник душ
quark:soul_sandstone:1, Резной песчаник душ
quark:soul_sandstone:2, Гладкий песчаник душ
quark:soul_sandstone_slab:0, Полублок из песчаника душ
quark:soul_sandstone_stairs, tile.soul_sandstone_stairs.name
quark:soul_sandstone_wall, tile.soul_sandstone_wall.name
quark:turf, tile.turf.name
quark:turf_stairs, tile.turf_stairs.name
quark:turf_slab:0, Торфяная плита
quark:framed_glass, tile.framed_glass.name
quark:framed_glass_pane, tile.framed_glass_pane.name
quark:polished_netherrack:0, Пустотный адский камень
quark:polished_netherrack:1, Полированный пустотный адский кирпич
quark:polished_netherrack_bricks_stairs, tile.polished_netherrack_bricks_stairs.name
quark:polished_netherrack_bricks_slab:0, Плита из пустотного адского кирпича
quark:polished_netherrack_bricks_wall, tile.polished_netherrack_bricks_wall.name
quark:trowel, item.trowel.name
quark:quilted_wool:0, Белая стеганая шерсть
quark:quilted_wool:1, Оранжевая стеганая шерсть
quark:quilted_wool:2, Сиреневая стеганая шерсть
quark:quilted_wool:3, Голубая стеганая шерсть
quark:quilted_wool:4, Жёлтая стеганая шерсть
quark:quilted_wool:5, Лаймовая стеганая шерсть
quark:quilted_wool:6, Розовая стеганая шерсть
quark:quilted_wool:7, Серая стеганая шерсть
quark:quilted_wool:8, Светло-серая стеганая шерсть
quark:quilted_wool:9, Бирюзовая стеганая шерсть
quark:quilted_wool:10, Фиолетовая стеганая шерсть
quark:quilted_wool:11, Синяя стеганая шерсть
quark:quilted_wool:12, Коричневая стеганая шерсть
quark:quilted_wool:13, Зелёная стеганая шерсть
quark:quilted_wool:14, Красная стеганая шерсть
quark:quilted_wool:15, Чёрная стеганая шерсть
quark:roots, tile.roots.name
quark:root, item.root.name
quark:roots_blue_flower, tile.roots_blue_flower.name
quark:roots_black_flower, tile.roots_black_flower.name
quark:roots_white_flower, tile.roots_white_flower.name
quark:root_flower:0, Синий росток
quark:root_flower:1, Черный росток
quark:root_flower:2, Белый росток
quark:root_dye:0, Синий краситель
quark:root_dye:1, Черный краситель
quark:root_dye:2, Белый краситель
quark:diamond_heart, item.diamond_heart.name
quark:archaeologist_hat, item.archaeologist_hat.name
quark:variant_leaves:0, Swamp Oak Leaves
quark:variant_leaves:1, Blossoming Leaves
quark:variant_sapling:0, Swamp Oak Sapling
quark:variant_sapling:1, Blossoming Sapling
quark:crystal:0, Белый пещерный кристалл
quark:crystal:1, Красный пещерный кристалл
quark:crystal:2, Оранжевый пещерный кристалл
quark:crystal:3, Жёлтый пещерный кристалл
quark:crystal:4, Зелёный пещерный кристалл
quark:crystal:5, Синий пещерный кристалл
quark:crystal:6, Индиго пещерный кристалл
quark:crystal:7, Фиолетовый пещерный кристалл
quark:crystal:8, Black Cave Crystal
quark:crystal_pane:0, White Cave Crystal Sheet
quark:crystal_pane:1, Red Cave Crystal Sheet
quark:crystal_pane:2, Orange Cave Crystal Sheet
quark:crystal_pane:3, Yellow Cave Crystal Sheet
quark:crystal_pane:4, Green Cave Crystal Sheet
quark:crystal_pane:5, Blue Cave Crystal Sheet
quark:crystal_pane:6, Indigo Cave Crystal Sheet
quark:crystal_pane:7, Violet Cave Crystal Sheet
quark:crystal_pane:8, Black Cave Crystal Sheet
quark:stone_speleothem, tile.stone_speleothem.name
quark:granite_speleothem, tile.granite_speleothem.name
quark:diorite_speleothem, tile.diorite_speleothem.name
quark:andesite_speleothem, tile.andesite_speleothem.name
quark:netherrack_speleothem, tile.netherrack_speleothem.name
quark:basalt_speleothem, tile.basalt_speleothem.name
quark:marble_speleothem, tile.marble_speleothem.name
quark:limestone_speleothem, tile.limestone_speleothem.name
quark:jasper_speleothem, tile.jasper_speleothem.name
quark:slate_speleothem, tile.slate_speleothem.name
quark:biotite_ore, tile.biotite_ore.name
quark:biotite_block:0, Блок биотита
quark:biotite_block:1, Резной блок биотита
quark:biotite_block:2, Колонна из биотита
quark:biotite, item.biotite.name
quark:biotite_slab:0, Плита биотита
quark:biotite_stairs, tile.biotite_stairs.name
quark:biotite_wall, tile.biotite_wall.name
quark:monster_box, tile.monster_box.name
quark:basalt:0, Базальт
quark:basalt:1, Гладкий базальт
quark:stone_basalt_slab:0, Базальтовая плита
quark:stone_basalt_stairs, tile.stone_basalt_stairs.name
quark:basalt_wall, tile.basalt_wall.name
quark:frog_leg, item.frog_leg.name
quark:cooked_frog_leg, item.cooked_frog_leg.name
quark:golden_frog_leg, item.golden_frog_leg.name
quark:pirate_hat, item.pirate_hat.name
quark:crab_leg, item.crab_leg.name
quark:cooked_crab_leg, item.cooked_crab_leg.name
quark:crab_shell, item.crab_shell.name
quark:marble:0, Мрамор
quark:marble:1, Гладкий мрамор
quark:stone_marble_slab:0, Плита из мрамора
quark:stone_marble_stairs, tile.stone_marble_stairs.name
quark:marble_wall, tile.marble_wall.name
quark:limestone:0, Известняк
quark:limestone:1, Гладкий известняк
quark:stone_limestone_slab:0, Плита из известняка
quark:stone_limestone_stairs, tile.stone_limestone_stairs.name
quark:limestone_wall, tile.limestone_wall.name
quark:jasper:0, Jasper
quark:jasper:1, Polished Jasper
quark:stone_jasper_slab:0, Jasper Slab
quark:stone_jasper_stairs, tile.stone_jasper_stairs.name
quark:jasper_wall, tile.jasper_wall.name
quark:slate:0, Slate
quark:slate:1, Polished Slate
quark:stone_slate_slab:0, Slate Slab
quark:stone_slate_stairs, tile.stone_slate_stairs.name
quark:slate_wall, tile.slate_wall.name
quark:biome_cobblestone:0, Серный камень
quark:biome_cobblestone:1, Ледниковый камень
quark:biome_cobblestone:2, Cobbedstone
quark:biome_brick:0, Серные кирпичи
quark:biome_brick:1, Ледниковые кирпичи
quark:elder_prismarine:0, Древний призмарин
quark:elder_prismarine:1, Кирпичи из древнего призмарина
quark:elder_prismarine:2, Древний темный призмарин
quark:elder_sea_lantern, tile.elder_sea_lantern.name
quark:fire_stone_slab:0, Плита из серного камня
quark:fire_stone_stairs, tile.fire_stone_stairs.name
quark:fire_stone_brick_slab:0, Плита из серного кирпича
quark:fire_stone_brick_stairs, tile.fire_stone_brick_stairs.name
quark:icy_stone_slab:0, Плита из ледникового камня
quark:icy_stone_stairs, tile.icy_stone_stairs.name
quark:icy_stone_brick_slab:0, Плита из ледникового кирпича
quark:icy_stone_brick_stairs, tile.icy_stone_brick_stairs.name
quark:cobbed_stone_slab:0, Cobbedstone Slab
quark:cobbed_stone_stairs, tile.cobbed_stone_stairs.name
quark:elder_prismarine_slab:0, Плита из древнего призмарина
quark:elder_prismarine_stairs, tile.elder_prismarine_stairs.name
quark:elder_prismarine_bricks_slab:0, Плита из кирпича древнего призмарина
quark:elder_prismarine_bricks_stairs, tile.elder_prismarine_bricks_stairs.name
quark:elder_prismarine_dark_slab:0, Плита из древнего темного призмарина
quark:elder_prismarine_dark_stairs, tile.elder_prismarine_dark_stairs.name
quark:fire_stone_wall, tile.fire_stone_wall.name
quark:icy_stone_wall, tile.icy_stone_wall.name
quark:cobbed_stone_wall, tile.cobbed_stone_wall.name
quark:fire_stone_brick_wall, tile.fire_stone_brick_wall.name
quark:icy_stone_brick_wall, tile.icy_stone_brick_wall.name
quark:elder_prismarine_wall, tile.elder_prismarine_wall.name
quark:elder_prismarine_bricks_wall, tile.elder_prismarine_bricks_wall.name
quark:elder_prismarine_dark_wall, tile.elder_prismarine_dark_wall.name
quark:glowcelium, tile.glowcelium.name
quark:glowshroom, tile.glowshroom.name
quark:glowshroom_block, tile.glowshroom_block.name
quark:soul_bead, item.soul_bead.name
quark:smoker, tile.smoker.name
quark:chute, tile.chute.name
quark:sugar_block, tile.sugar_block.name
quark:redstone_randomizer, tile.redstone_randomizer.name
quark:iron_button, tile.iron_button.name
quark:gold_button, tile.gold_button.name
quark:ender_watcher, tile.ender_watcher.name
quark:iron_rod, tile.iron_rod.name
quark:color_slime:0, Red Slime Block
quark:color_slime:1, Blue Slime Block
quark:color_slime:2, Cyan Slime Block
quark:color_slime:3, Magenta Slime Block
quark:color_slime:4, Yellow Slime Block
quark:gravisand, tile.gravisand.name
quark:redstone_inductor, tile.redstone_inductor.name
quark:obsidian_pressure_plate, tile.obsidian_pressure_plate.name
quark:rain_detector, tile.rain_detector.name
quark:chain, item.chain.name
quark:glass_shards:0, Осколок стекла
quark:glass_shards:1, Осколок белого стекла
quark:glass_shards:2, Осколок оранжевого стекла
quark:glass_shards:3, Осколок пурпурного стекла
quark:glass_shards:4, Осколок голубого стекла
quark:glass_shards:5, Осколок жёлтого стекла
quark:glass_shards:6, Осколок лаймового стекла
quark:glass_shards:7, Осколок розового стекла
quark:glass_shards:8, Осколок серого стекла
quark:glass_shards:9, Осколок светло-серого стекла
quark:glass_shards:10, Осколок бирюзового стекла
quark:glass_shards:11, Осколок фиолетового стекла
quark:glass_shards:12, Осколок синего стекла
quark:glass_shards:13, Осколок коричневого стекла
quark:glass_shards:14, Осколок зелёного стекла
quark:glass_shards:15, Осколок красного стекла
quark:glass_shards:16, Осколок чёрного стекла
quark:spruce_trapdoor, tile.spruce_trapdoor.name
quark:birch_trapdoor, tile.birch_trapdoor.name
quark:jungle_trapdoor, tile.jungle_trapdoor.name
quark:acacia_trapdoor, tile.acacia_trapdoor.name
quark:dark_oak_trapdoor, tile.dark_oak_trapdoor.name
quark:paper_wall, tile.paper_wall.name
quark:paper_wall_big, tile.paper_wall_big.name
quark:paper_wall_sakura, tile.paper_wall_sakura.name
quark:iron_ladder, tile.iron_ladder.name
quark:paper_lantern:0, Бумажная лампа
quark:paper_lantern:1, Decorated Paper Lamp
quark:colored_flowerpot_white, tile.colored_flowerpot_white.name
quark:colored_flowerpot_orange, tile.colored_flowerpot_orange.name
quark:colored_flowerpot_magenta, tile.colored_flowerpot_magenta.name
quark:colored_flowerpot_light_blue, tile.colored_flowerpot_light_blue.name
quark:colored_flowerpot_yellow, tile.colored_flowerpot_yellow.name
quark:colored_flowerpot_lime, tile.colored_flowerpot_lime.name
quark:colored_flowerpot_pink, tile.colored_flowerpot_pink.name
quark:colored_flowerpot_gray, tile.colored_flowerpot_gray.name
quark:colored_flowerpot_silver, tile.colored_flowerpot_silver.name
quark:colored_flowerpot_cyan, tile.colored_flowerpot_cyan.name
quark:colored_flowerpot_purple, tile.colored_flowerpot_purple.name
quark:colored_flowerpot_blue, tile.colored_flowerpot_blue.name
quark:colored_flowerpot_brown, tile.colored_flowerpot_brown.name
quark:colored_flowerpot_green, tile.colored_flowerpot_green.name
quark:colored_flowerpot_red, tile.colored_flowerpot_red.name
quark:colored_flowerpot_black, tile.colored_flowerpot_black.name
quark:custom_bookshelf:0, Книжная полка из ели
quark:custom_bookshelf:1, Книжная полка из берёзы
quark:custom_bookshelf:2, Книжная полка из тропического дерева
quark:custom_bookshelf:3, Книжная полка из акации
quark:custom_bookshelf:4, Книжная полка из темного дуба
quark:colored_item_frame:0, Белая рамка
quark:colored_item_frame:1, Оранжевая рамка
quark:colored_item_frame:2, Пурпурная рамка
quark:colored_item_frame:3, Голубая рамка
quark:colored_item_frame:4, Жёлтая рамка
quark:colored_item_frame:5, Лаймовая рамка
quark:colored_item_frame:6, Розовая рамка
quark:colored_item_frame:7, Серая рамка
quark:colored_item_frame:8, Светло-серая рамка
quark:colored_item_frame:9, Бирюзовая рамка
quark:colored_item_frame:10, Фиолетовая рамка
quark:colored_item_frame:11, Синяя рамка
quark:colored_item_frame:12, Коричневая рамка
quark:colored_item_frame:13, Зелёная рамка
quark:colored_item_frame:14, Красная рамка
quark:colored_item_frame:15, Чёрная рамка
quark:lit_lamp, tile.lit_lamp.name
quark:custom_chest:0, Сундук из ели
quark:custom_chest:1, Сундук из берёзы
quark:custom_chest:2, Сундук из тропического дерева
quark:custom_chest:3, Сундук из акации
quark:custom_chest:4, Сундук из тёмного дерева
quark:custom_chest_trap:0, Сундук-ловушка из ели
quark:custom_chest_trap:1, Сундук-ловушка из берёзы
quark:custom_chest_trap:2, Сундук-ловушка из тропического дерева
quark:custom_chest_trap:3, Сундук-ловушка из акации
quark:custom_chest_trap:4, Сундук-ловушка из темного дуба
quark:candle:0, Белая свеча
quark:candle:1, Оранжевая свеча
quark:candle:2, Пурпурная свеча
quark:candle:3, Светло-синяя свеча
quark:candle:4, Жёлтая свеча
quark:candle:5, Лаймовая свеча
quark:candle:6, Розовая свеча
quark:candle:7, Серая свеча
quark:candle:8, Светло-серая свеча
quark:candle:9, Бирюзовая свеча
quark:candle:10, Фиолетовая свеча
quark:candle:11, Голубая свеча
quark:candle:12, Коричневая свеча
quark:candle:13, Зелёная свеча
quark:candle:14, Красная свеча
quark:candle:15, Чёрная свеча
quark:tallow, item.tallow.name
quark:rope, tile.rope.name
quark:blaze_lantern, tile.blaze_lantern.name
quark:nether_brick_fence_gate, tile.nether_brick_fence_gate.name
quark:leaf_carpet:0, Ковёр из листвы дуба
quark:leaf_carpet:1, Ковер из листвы ели
quark:leaf_carpet:2, Ковёр из листвы берёзы
quark:leaf_carpet:3, Ковер из листвы тропического дерева
quark:leaf_carpet:4, Ковер из листвы акации
quark:leaf_carpet:5, Ковер из листвы тёмного дуба
quark:leaf_carpet:6, Swamp Oak Leaf Carpet
quark:leaf_carpet:7, Blossoming Leaf Carpet
quark:spruce_pressure_plate, tile.spruce_pressure_plate.name
quark:birch_pressure_plate, tile.birch_pressure_plate.name
quark:jungle_pressure_plate, tile.jungle_pressure_plate.name
quark:acacia_pressure_plate, tile.acacia_pressure_plate.name
quark:dark_oak_pressure_plate, tile.dark_oak_pressure_plate.name
quark:spruce_button, tile.spruce_button.name
quark:birch_button, tile.birch_button.name
quark:jungle_button, tile.jungle_button.name
quark:acacia_button, tile.acacia_button.name
quark:dark_oak_button, tile.dark_oak_button.name
quark:grate, tile.grate.name
quark:glass_item_frame, item.glass_item_frame.name
quark:pickarang, item.pickarang.name
quark:arrow_ender, item.arrow_ender.name
quark:arrow_explosive, item.arrow_explosive.name
quark:arrow_torch, item.arrow_torch.name
quark:slime_bucket:0, Слизь в ведре
quark:rune:0, Белая руна
quark:rune:1, Оранжевая руна
quark:rune:2, Пурпурная руна
quark:rune:3, Голубая руна
quark:rune:4, Жёлтая руна
quark:rune:5, Лаймовая руна
quark:rune:6, Розовая руна
quark:rune:7, Серая руна
quark:rune:8, Светло-серая руна
quark:rune:9, Бирюзовая руна
quark:rune:10, Фиолетовая руна
quark:rune:11, Синяя руна
quark:rune:12, Коричневая руна
quark:rune:13, Зелёная руна
quark:rune:14, Красная руна
quark:rune:15, Чёрная руна
quark:rune:16, Радужная руна
quark:black_ash, tile.black_ash.name
quark:ancient_tome, item.ancient_tome.name
quark:horse_whistle, item.horse_whistle.name
quark:soul_powder, item.soul_powder.name
quark:parrot_egg:0, Яйцо красного попугая
quark:parrot_egg:1, Яйцо синего попугая
quark:parrot_egg:2, Яйцо зелёного попугая
quark:parrot_egg:3, Яйцо голубого попугая
quark:parrot_egg:4, Яйцо серого попугая
quark:enderdragon_scale, item.enderdragon_scale.name
quark:witch_hat, item.witch_hat.name
chisel:auto_chisel, Auto Chisel
chisel:chisel_iron, Стамеска
chisel:chisel_diamond, Алмазная стамеска
chisel:chisel_hitech, Высокотехнологичная стамеска
chisel:offsettool, Эндер-жезл смещения
enderio:item_enderface, Лицо Эндермена
enderio:item_conduit_facade:0, Фасад для труб
enderio:item_conduit_facade:1, Прочный фасад для труб
enderio:item_conduit_facade:2, Прозрачный фасад для труб
enderio:item_conduit_facade:3, Прозрачный прочный фасад для труб
enderio:item_basic_capacitor:0, Основной конденсатор
enderio:item_basic_capacitor:1, Двухслойный конденсатор
enderio:item_basic_capacitor:2, Восьмислойный конденсатор
enderio:block_alloy:0, Блок наэлектризованной стали
enderio:block_alloy:1, Блок энергетического сплава
enderio:block_alloy:2, Блок вибрирующего сплава
enderio:block_alloy:3, Блок сплава из красного камня
enderio:block_alloy:4, Блок проводящего железа
enderio:block_alloy:5, Блок пульсирующего железа
enderio:block_alloy:6, Блок тёмной стали
enderio:block_alloy:7, Блок соулария
enderio:block_alloy:8, Блок стали Края
enderio:block_alloy:9, Iron Alloy Block
enderio:item_alloy_ingot:0, Слиток наэлектризованной стали
enderio:item_alloy_ingot:1, Слиток энергетического сплава
enderio:item_alloy_ingot:2, Слиток вибрирующего сплава
enderio:item_alloy_ingot:3, Слиток сплава из красного камня
enderio:item_alloy_ingot:4, Слиток проводящего железа
enderio:item_alloy_ingot:5, Слиток пульсирующего железа
enderio:item_alloy_ingot:6, Слиток тёмной стали
enderio:item_alloy_ingot:7, Слиток соулария
enderio:item_alloy_ingot:8, Стальной слиток Края
enderio:item_alloy_ingot:9, Iron Alloy Ingot
enderio:item_alloy_nugget:0, Самородок наэлектризованной стали
enderio:item_alloy_nugget:1, Самородок энергетического сплава
enderio:item_alloy_nugget:2, Самородок вибрирующего сплава
enderio:item_alloy_nugget:3, Самородок сплава из красного камня
enderio:item_alloy_nugget:4, Самородок проводящего железа
enderio:item_alloy_nugget:5, Самородок пульсирующего железа
enderio:item_alloy_nugget:6, Самородок тёмной стали
enderio:item_alloy_nugget:7, Самородок соулария
enderio:item_alloy_nugget:8, Самородок стали Края
enderio:item_alloy_nugget:9, Iron Alloy Nugget
enderio:item_alloy_ball:0, Измельчающий шарик из наэлектризованной стали
enderio:item_alloy_ball:1, Измельчающий шарик из энергетического сплава
enderio:item_alloy_ball:2, Измельчающий шарик из вибрирующего сплава
enderio:item_alloy_ball:3, Измельчающий шарик из сплава из красного камня
enderio:item_alloy_ball:4, Измельчающий шарик из проводящего железа
enderio:item_alloy_ball:5, Измельчающий шарик из пульсирующего железа
enderio:item_alloy_ball:6, Измельчающий шарик из тёмной стали
enderio:item_alloy_ball:7, Измельчающий шарик из соулария
enderio:item_alloy_ball:8, Измельчающий шарик из стали Края
enderio:item_alloy_ball:9, Iron Alloy Grinding Ball
enderio:item_material:0, Простой корпус механизма
enderio:item_material:1, Корпус механизма
enderio:item_material:2, Корпус механизма
enderio:item_material:3, Фотогальваническая пластина
enderio:item_material:4, Связующий элемент труб
enderio:item_material:5, Кремний
enderio:item_material:6, Крыло планера
enderio:item_material:7, Крылья планера
enderio:item_material:8, Питательная палочка
enderio:item_material:9, Деревянная шестерня
enderio:item_material:10, Каменная составная шестерня
enderio:item_material:11, Железная шестерня
enderio:item_material:12, Энергичная биметаллическая шестерня
enderio:item_material:13, Вибрирующая биметаллическая шестерня
enderio:item_material:14, Пульсирующий кристалл
enderio:item_material:15, Вибрирующий кристалл
enderio:item_material:16, Кристалл Края
enderio:item_material:17, Привлекающий кристалл
enderio:item_material:18, Погодный кристалл
enderio:item_material:19, Древний кристалл
enderio:item_material:20, Зерна бесконечности
enderio:item_material:21, Мука
enderio:item_material:22, Составной связующий элемент
enderio:item_material:23, Угольный порошок
enderio:item_material:24, Железный порошок
enderio:item_material:25, Золотой порошок
enderio:item_material:26, Медный порошок
enderio:item_material:27, Оловянный порошок
enderio:item_material:28, Порошок из жемчуга Края
enderio:item_material:29, Обсидиановый порошок
enderio:item_material:30, Ардитовый порошок
enderio:item_material:31, Кобальтовый порошок
enderio:item_material:32, Лазуритовый порошок
enderio:item_material:33, Кварцевый порошок
enderio:item_material:34, Зерна предвидения
enderio:item_material:35, Зерна вибрации
enderio:item_material:36, Зерна пьезолити
enderio:item_material:37, Зерна Края
enderio:item_material:38, Фотогальванический композит
enderio:item_material:40, Зомби-электрод
enderio:item_material:41, Зомби-контроллер
enderio:item_material:42, Зомби Фрэнк
enderio:item_material:43, Резонатор Края
enderio:item_material:44, Разумный Край
enderio:item_material:45, Скелетный подрядчик
enderio:item_material:46, Вырезки и обрезки
enderio:item_material:47, Веточки и обрезки
enderio:item_material:48, Органическая зеленая краска
enderio:item_material:49, Органическая коричневая краска
enderio:item_material:50, Органическая черная краска
enderio:item_material:51, Порошковое покрытие органической машины
enderio:item_material:52, Натуральное порошковое покрытие для души
enderio:item_material:53, Корпус механизма душ
enderio:item_material:54, Улучшенный корпус механизма
enderio:item_material:55, Бездушный корпус механизма
enderio:item_material:56, Страж диод
enderio:item_material:57, Синаловый измельчающий шарик
enderio:item_material:58, Эндериумный измельчающий шарик
enderio:item_material:59, Люмиумный измельчающий шарик
enderio:item_material:60, Редстоун основание фильтра
enderio:item_material:61, Запутывающий порошок
enderio:item_material:62, Фрагмент Края
enderio:item_material:63, Иссушающая пыль
enderio:item_material:64, Удаленное обновление осведомленности
enderio:item_material:65, Узел подключения беспроводной передатчика энергии
enderio:item_material:66, Шасси из стали Края
enderio:item_material:67, Улучшенное машинное покрытие
enderio:item_material:68, Улучшенные детали механизма
enderio:item_material:69, Простые детали механизма
enderio:item_material:70, Основание торта
enderio:item_material:71, Палочка бесконечности
enderio:item_material:72, Глазурованный кирпич пустоты
enderio:item_material:73, Темная биметаллическая шестерня
enderio:item_material:74, Порошок души
enderio:item_material:75, Infinity Reagent
enderio:item_material:76, Clay-Coated Glowstone Dust
enderio:item_broken_spawner:0, Сломанный спаунер
enderio:block_infinity_fog:0, Бесконечная пыль
enderio:block_infinity:0, Infinity Dust Block
enderio:block_infinity:1, Compressed Infinity Dust Block
enderio:block_infinity:2, Double Compressed Infinity Dust Block
enderio:block_holy_fog, Glowstone Nano-Particles
enderio:block_dark_steel_anvil:0, Наковальня из тёмной стали
enderio:block_dark_steel_anvil:1, Немного поврежденная наковальня из тёмной стали
enderio:block_dark_steel_anvil:2, Очень поврежденная наковальня из тёмной стали
enderio:block_dark_steel_ladder, Лестница из тёмной стали
enderio:block_dark_iron_bars, Решётка из тёмного железа
enderio:block_dark_steel_trapdoor, Люк из тёмной стали
enderio:block_dark_steel_door, Дверь из тёмной стали
enderio:block_reinforced_obsidian, Укреплённый обсидиан
enderio:block_self_resetting_lever5, Самосбрасывающийся рычаг (5 секунд)
enderio:block_self_resetting_lever10, Самосбрасывающийся рычаг (10 секунд)
enderio:block_self_resetting_lever30, Самосбрасывающийся рычаг (30 секунд)
enderio:block_self_resetting_lever60, Самосбрасывающийся рычаг (1 минута)
enderio:block_self_resetting_lever300, Самосбрасывающийся рычаг (5 минут)
enderio:block_decoration1:0, Корпус механизма (декоративный блок)
enderio:block_decoration1:1, Пустой механизм (декоративный блок)
enderio:block_decoration1:2, Верхняя часть механизма (декоративный блок)
enderio:block_decoration1:3, Стороны механизма (декоративный блок)
enderio:block_decoration1:4, Задние части механизма (декоративный блок)
enderio:block_decoration1:5, Механизм со сторонами (декоративный блок)
enderio:block_decoration1:6, Механизм задняя ширина (декоративный блок)
enderio:block_decoration1:7, Пустой механизм души (декоративный блок)
enderio:block_decoration1:8, Верхняя часть механизма души (декоративный блок)
enderio:block_decoration1:9, Стороны механизма души (декоративный блок)
enderio:block_decoration1:10, Задние части механизма души (декоративный блок)
enderio:block_decoration1:11, Механизм души со сторонами (декоративный блок)
enderio:block_decoration1:12, Механизм души задняя ширина (декоративный блок)
enderio:block_decoration1:13, Красный механизм (декоративный блок)
enderio:block_decoration1:14, Сломанный спаунер (декоративный блок)
enderio:block_decoration1:15, Невидимый блок (декоративный блок)
enderio:block_decoration2:0, Завод сплавов (декоративный блок)
enderio:block_decoration2:1, Предметный буфер (декоративный блок)
enderio:block_decoration2:2, Энергобуфер (декоративный блок)
enderio:block_decoration2:3, Универсальный буфер (декоративный блок)
enderio:block_decoration2:4, Творческий буфер (декоративный блок)
enderio:block_decoration2:5, Создатель (декоративный блок)
enderio:block_decoration2:6, Покрасочный механизм (декоративный блок)
enderio:block_decoration2:7, Индикатор мощности (декоративный блок)
enderio:block_decoration2:8, Дробитель (декоративный блок)
enderio:block_decoration2:9, "Отрубатель и сращиватель" (декоративный блок)
enderio:block_decoration2:10, Генератор Стирлинга (декоративный блок)
enderio:block_decoration2:11, Жидкостный резервуар (декоративный блок)
enderio:block_decoration2:12, Жидкостный резервуар под давлением (декоративный блок)
enderio:block_decoration2:13, Якорь путешествия (декоративный блок)
enderio:block_decoration2:14, Вакуумный сундук (декоративный блок)
enderio:block_decoration2:15, Беспроводной зарядник (декоративный блок)
enderio:block_decoration3:0, Вакуумный опыт (декоративный блок)
enderio:block_decoration3:1, Простой завод сплавов (декоративный блок)
enderio:block_decoration3:2, Простой генератор Стирлинга (декоративный блок)
enderio:block_decoration3:3, Проводной зарядник (декоративный блок)
enderio:block_decoration3:4, Простой дробитель (декоративный блок)
enderio:block_industrial_insulation, Промышленная изоляция
enderio:block_end_iron_bars, Решётка из стали Края
enderio:block_confusion_charge, Заряд замешательства
enderio:block_concussion_charge, Сотрясающий заряд
enderio:block_ender_charge, Заряд Края
enderio:block_painted_slab, Покрашенная плита
enderio:block_painted_stone_slab, Покрашенная каменная плита
enderio:block_painted_pressure_plate:1, Деревянная нажимная пластина (тихая)
enderio:block_painted_pressure_plate:3, Каменная нажимнгая пластина (тихая)
enderio:block_painted_pressure_plate:5, Утяжеленная нажимная пластина (тяжелая) (тихая)
enderio:block_painted_pressure_plate:7, Утяжеленная нажимная пластина (легкая) (тихая)
enderio:block_painted_pressure_plate:8, Тёмная нажимная пластина
enderio:block_painted_pressure_plate:9, Тёмная нажимная пластина (тихая)
enderio:block_painted_pressure_plate:10, Нажимная пластина из соулария
enderio:block_painted_pressure_plate:11, Нажимная пластина из соулария (тихая)
enderio:block_painted_pressure_plate:12, Нажимная пластина из соулария (настроена)
enderio:block_painted_pressure_plate:13, Нажимная пластина из соулария (настроена) (тихая)
enderio:block_painted_wooden_door, Покрашенная деревянная дверь
enderio:block_painted_iron_door, Покрашенная железная люк
enderio:block_painted_dark_steel_door, Покрашенная дверь из тёмной стали
enderio:block_exit_rail, Выходная рельса
enderio:item_conduit_probe:0, Зонд для труб
enderio:item_yeta_wrench, Ключ Yeta
enderio:item_xp_transfer:0, Стержень опыта
enderio:item_cold_fire_igniter, Воспламенитель холодного огня
enderio:item_coord_selector, Настройщик координат
enderio:item_location_printout, Распечатка местоположения
enderio:item_travel_staff:0, Посох путешествия
enderio:item_travel_staff:0, Посох путешествия
enderio:item_rod_of_return:0, Палочка возвращения
enderio:item_rod_of_return:0, Палочка возвращения
enderio:item_magnet:0, Электромагнит
enderio:item_magnet:0, Электромагнит
enderio:block_enderman_skull:0, Голова странника Края
enderio:block_enderman_skull:2, Измученная голова странника Края
enderio:item_ender_food:0, "Enderios"
enderio:item_basic_item_filter:0, Основной предметный фильтр
enderio:item_advanced_item_filter:0, Расширенный предметный фильтр
enderio:item_limited_item_filter:0, Ограниченный предметный фильтр
enderio:item_big_item_filter:0, Большой предметный фильтр
enderio:item_big_advanced_item_filter:0, Расширенный большой предметный фильтр
enderio:item_existing_item_filter:0, Существующий предметный фильтр
enderio:item_mod_item_filter:0, Фильтр по предметам модификаций
enderio:item_power_item_filter:0, Фильтр по заряжаемым предметам
enderio:item_soul_filter_normal:0, Soul Item Filter
enderio:item_soul_filter_big:0, Big Soul Item Filter
enderio:item_enchantment_filter_normal:0, Enchantment Item Filter
enderio:item_enchantment_filter_big:0, Big Enchantment Item Filter
enderio:item_fluid_filter:0, Жидкостный фильтр
enderio:item_redstone_not_filter:0, Редстоун NOT фильтр
enderio:item_redstone_or_filter:0, Редстоун OR фильтр
enderio:item_redstone_and_filter:0, Редстоун AND фильтр
enderio:item_redstone_nor_filter:0, Редстоун NOR фильтр
enderio:item_redstone_nand_filter:0, Редстоун NAND фильтр
enderio:item_redstone_xor_filter:0, Редстоун XOR фильтр
enderio:item_redstone_xnor_filter:0, Редстоун XNOR фильтр
enderio:item_redstone_toggle_filter:0, Редстоун фильтр переключения защелки
enderio:item_redstone_counting_filter:0, Редстоун счетный фильтр
enderio:item_redstone_sensor_filter:0, Редстоун сенсорный фильтр
enderio:item_redstone_timer_filter:0, Редстоун таймер фильтр
enderio:block_fused_quartz:0, Расплавленый кварц
enderio:block_fused_quartz:1, Расплавленый кварц
enderio:block_fused_quartz:2, Расплавленый кварц
enderio:block_fused_quartz:3, Расплавленый кварц
enderio:block_fused_quartz:4, Расплавленый кварц
enderio:block_fused_quartz:5, Расплавленый кварц
enderio:block_fused_quartz:6, Расплавленый кварц
enderio:block_fused_quartz:7, Расплавленый кварц
enderio:block_fused_quartz:8, Расплавленый кварц
enderio:block_fused_quartz:9, Расплавленый кварц
enderio:block_fused_quartz:10, Расплавленый кварц
enderio:block_fused_quartz:11, Расплавленый кварц
enderio:block_fused_quartz:12, Расплавленый кварц
enderio:block_fused_quartz:13, Расплавленый кварц
enderio:block_fused_quartz:14, Расплавленый кварц
enderio:block_fused_quartz:15, Расплавленый кварц
enderio:block_fused_glass:0, Довольно прозрачное стекло
enderio:block_fused_glass:1, Довольно прозрачное стекло
enderio:block_fused_glass:2, Довольно прозрачное стекло
enderio:block_fused_glass:3, Довольно прозрачное стекло
enderio:block_fused_glass:4, Довольно прозрачное стекло
enderio:block_fused_glass:5, Довольно прозрачное стекло
enderio:block_fused_glass:6, Довольно прозрачное стекло
enderio:block_fused_glass:7, Довольно прозрачное стекло
enderio:block_fused_glass:8, Довольно прозрачное стекло
enderio:block_fused_glass:9, Довольно прозрачное стекло
enderio:block_fused_glass:10, Довольно прозрачное стекло
enderio:block_fused_glass:11, Довольно прозрачное стекло
enderio:block_fused_glass:12, Довольно прозрачное стекло
enderio:block_fused_glass:13, Довольно прозрачное стекло
enderio:block_fused_glass:14, Довольно прозрачное стекло
enderio:block_fused_glass:15, Довольно прозрачное стекло
enderio:block_enlightened_fused_quartz:0, Освещённый расплавленный кварц
enderio:block_enlightened_fused_quartz:1, Освещённый расплавленный кварц
enderio:block_enlightened_fused_quartz:2, Освещённый расплавленный кварц
enderio:block_enlightened_fused_quartz:3, Освещённый расплавленный кварц
enderio:block_enlightened_fused_quartz:4, Освещённый расплавленный кварц
enderio:block_enlightened_fused_quartz:5, Освещённый расплавленный кварц
enderio:block_enlightened_fused_quartz:6, Освещённый расплавленный кварц
enderio:block_enlightened_fused_quartz:7, Освещённый расплавленный кварц
enderio:block_enlightened_fused_quartz:8, Освещённый расплавленный кварц
enderio:block_enlightened_fused_quartz:9, Освещённый расплавленный кварц
enderio:block_enlightened_fused_quartz:10, Освещённый расплавленный кварц
enderio:block_enlightened_fused_quartz:11, Освещённый расплавленный кварц
enderio:block_enlightened_fused_quartz:12, Освещённый расплавленный кварц
enderio:block_enlightened_fused_quartz:13, Освещённый расплавленный кварц
enderio:block_enlightened_fused_quartz:14, Освещённый расплавленный кварц
enderio:block_enlightened_fused_quartz:15, Освещённый расплавленный кварц
enderio:block_enlightened_fused_glass:0, Освещённое прозрачное стекло
enderio:block_enlightened_fused_glass:1, Освещённое прозрачное стекло
enderio:block_enlightened_fused_glass:2, Освещённое прозрачное стекло
enderio:block_enlightened_fused_glass:3, Освещённое прозрачное стекло
enderio:block_enlightened_fused_glass:4, Освещённое прозрачное стекло
enderio:block_enlightened_fused_glass:5, Освещённое прозрачное стекло
enderio:block_enlightened_fused_glass:6, Освещённое прозрачное стекло
enderio:block_enlightened_fused_glass:7, Освещённое прозрачное стекло
enderio:block_enlightened_fused_glass:8, Освещённое прозрачное стекло
enderio:block_enlightened_fused_glass:9, Освещённое прозрачное стекло
enderio:block_enlightened_fused_glass:10, Освещённое прозрачное стекло
enderio:block_enlightened_fused_glass:11, Освещённое прозрачное стекло
enderio:block_enlightened_fused_glass:12, Освещённое прозрачное стекло
enderio:block_enlightened_fused_glass:13, Освещённое прозрачное стекло
enderio:block_enlightened_fused_glass:14, Освещённое прозрачное стекло
enderio:block_enlightened_fused_glass:15, Освещённое прозрачное стекло
enderio:block_dark_fused_quartz:0, Тёмный плавленный кварц
enderio:block_dark_fused_quartz:1, Тёмный плавленный кварц
enderio:block_dark_fused_quartz:2, Тёмный плавленный кварц
enderio:block_dark_fused_quartz:3, Тёмный плавленный кварц
enderio:block_dark_fused_quartz:4, Тёмный плавленный кварц
enderio:block_dark_fused_quartz:5, Тёмный плавленный кварц
enderio:block_dark_fused_quartz:6, Тёмный плавленный кварц
enderio:block_dark_fused_quartz:7, Тёмный плавленный кварц
enderio:block_dark_fused_quartz:8, Тёмный плавленный кварц
enderio:block_dark_fused_quartz:9, Тёмный плавленный кварц
enderio:block_dark_fused_quartz:10, Тёмный плавленный кварц
enderio:block_dark_fused_quartz:11, Тёмный плавленный кварц
enderio:block_dark_fused_quartz:12, Тёмный плавленный кварц
enderio:block_dark_fused_quartz:13, Тёмный плавленный кварц
enderio:block_dark_fused_quartz:14, Тёмный плавленный кварц
enderio:block_dark_fused_quartz:15, Тёмный плавленный кварц
enderio:block_dark_fused_glass:0, Тёмное прозрачное стекло
enderio:block_dark_fused_glass:1, Тёмное прозрачное стекло
enderio:block_dark_fused_glass:2, Тёмное прозрачное стекло
enderio:block_dark_fused_glass:3, Тёмное прозрачное стекло
enderio:block_dark_fused_glass:4, Тёмное прозрачное стекло
enderio:block_dark_fused_glass:5, Тёмное прозрачное стекло
enderio:block_dark_fused_glass:6, Тёмное прозрачное стекло
enderio:block_dark_fused_glass:7, Тёмное прозрачное стекло
enderio:block_dark_fused_glass:8, Тёмное прозрачное стекло
enderio:block_dark_fused_glass:9, Тёмное прозрачное стекло
enderio:block_dark_fused_glass:10, Тёмное прозрачное стекло
enderio:block_dark_fused_glass:11, Тёмное прозрачное стекло
enderio:block_dark_fused_glass:12, Тёмное прозрачное стекло
enderio:block_dark_fused_glass:13, Тёмное прозрачное стекло
enderio:block_dark_fused_glass:14, Тёмное прозрачное стекло
enderio:block_dark_fused_glass:15, Тёмное прозрачное стекло
enderio:item_soul_vial, Флакон для душ
enderio:block_detector_block:0, Блок детектор
enderio:block_detector_block_silent:0, Блок детектор (тихий)
enderio:item_dark_steel_helmet, Тёмный шлем
enderio:item_dark_steel_chestplate, Тёмная кираса
enderio:item_dark_steel_leggings, Тёмные поножи
enderio:item_dark_steel_boots, Тёмные ботинки
enderio:item_dark_steel_sword, Меч Края
enderio:item_dark_steel_pickaxe, Тёмная кирка
enderio:item_dark_steel_axe, Тёмный топор
enderio:item_dark_steel_bow, Тёмный лук
enderio:item_dark_steel_shears, Тёмные ножницы
enderio:item_dark_steel_treetap, Темный кран дерева
enderio:item_dark_steel_crook, Dark Crook
enderio:item_dark_steel_hand, Dark Backhoe
enderio:item_inventory_charger_simple, Простой заряжатель инвентаря
enderio:item_inventory_charger_basic, Основной заряжатель инвентаря
enderio:item_inventory_charger, Заряжатель инвентаря
enderio:item_inventory_charger_vibrant, Вибрирующий заряжатель инвентаря
enderio:item_end_steel_sword, Меч Края Mk2
enderio:item_end_steel_pickaxe, Кирка Края
enderio:item_end_steel_axe, Топор Края
enderio:item_end_steel_bow, Лук Края
enderio:item_end_steel_helmet, Шлем Края
enderio:item_end_steel_chestplate, Нагрудник Края
enderio:item_end_steel_leggings, Поножи Края
enderio:item_end_steel_boots, Ботинки Края
enderio:item_staff_of_levity:0, Посох легкомыслия
enderio:item_staff_of_levity:0, Посох легкомыслия
enderio:item_dark_steel_upgrade:0, Blank Dark Steel Upgrade
enderio:item_dark_steel_upgrade:1, Dark Steel Upgrade "Carpeting"
enderio:item_dark_steel_upgrade:1, Dark Steel Upgrade "Depth"
enderio:item_dark_steel_upgrade:1, Dark Steel Upgrade "Direct"
enderio:item_dark_steel_upgrade:1, Dark Steel Upgrade "Надкрылья"
enderio:item_dark_steel_upgrade:1, Dark Steel Upgrade "Усиление V"
enderio:item_dark_steel_upgrade:1, Dark Steel Upgrade "Усиление IV"
enderio:item_dark_steel_upgrade:1, Dark Steel Upgrade "Усиление"
enderio:item_dark_steel_upgrade:1, Dark Steel Upgrade "Усиление III"
enderio:item_dark_steel_upgrade:1, Dark Steel Upgrade "Усиление II"
enderio:item_dark_steel_upgrade:1, Dark Steel Upgrade "Планер"
enderio:item_dark_steel_upgrade:1, Dark Steel Upgrade "Вилка"
enderio:item_dark_steel_upgrade:1, Dark Steel Upgrade "Inventory I"
enderio:item_dark_steel_upgrade:1, Dark Steel Upgrade "Inventory II"
enderio:item_dark_steel_upgrade:1, Dark Steel Upgrade "Inventory III"
enderio:item_dark_steel_upgrade:1, Dark Steel Upgrade "Прыжок"
enderio:item_dark_steel_upgrade:1, Dark Steel Upgrade "Прыжок III"
enderio:item_dark_steel_upgrade:1, Dark Steel Upgrade "Прыжок II"
enderio:item_dark_steel_upgrade:1, Dark Steel Upgrade "Ночное видение"
enderio:item_dark_steel_upgrade:1, Dark Steel Upgrade "Padding"
enderio:item_dark_steel_upgrade:1, Dark Steel Upgrade "Simple Solar"
enderio:item_dark_steel_upgrade:1, Dark Steel Upgrade "Солнце I"
enderio:item_dark_steel_upgrade:1, Dark Steel Upgrade "Солнце II"
enderio:item_dark_steel_upgrade:1, Dark Steel Upgrade "Солнце III"
enderio:item_dark_steel_upgrade:1, Dark Steel Upgrade "Звуколокатор"
enderio:item_dark_steel_upgrade:1, Dark Steel Upgrade "Скорость"
enderio:item_dark_steel_upgrade:1, Dark Steel Upgrade "Скорость III"
enderio:item_dark_steel_upgrade:1, Dark Steel Upgrade "Скорость II"
enderio:item_dark_steel_upgrade:1, Dark Steel Upgrade "Ложка"
enderio:item_dark_steel_upgrade:1, Dark Steel Upgrade "Ласты"
enderio:item_dark_steel_upgrade:1, Dark Steel Upgrade "Explosive I"
enderio:item_dark_steel_upgrade:1, Dark Steel Upgrade "Explosive II"
enderio:item_dark_steel_upgrade:1, Dark Steel Upgrade "Explosive III"
enderio:item_dark_steel_upgrade:1, Dark Steel Upgrade "Explosive IV"
enderio:item_dark_steel_upgrade:1, Dark Steel Upgrade "Explosive V"
enderio:item_dark_steel_upgrade:1, Dark Steel Upgrade "Путешествие"
enderio:item_owl_egg, Яйцо совы
enderio:block_alloy_endergy:0, Crude Steel Block
enderio:block_alloy_endergy:1, Crystalline Alloy Block
enderio:block_alloy_endergy:2, Melodic Alloy Block
enderio:block_alloy_endergy:3, Stellar Alloy Block
enderio:block_alloy_endergy:4, Crystalline Pink Slime Block
enderio:block_alloy_endergy:5, Energetic Silver Block
enderio:block_alloy_endergy:6, Vivid Alloy Block
enderio:item_alloy_endergy_ingot:0, Crude Steel Ingot
enderio:item_alloy_endergy_ingot:1, Crystalline Alloy Ingot
enderio:item_alloy_endergy_ingot:2, Melodic Alloy Ingot
enderio:item_alloy_endergy_ingot:3, Stellar Alloy Ingot
enderio:item_alloy_endergy_ingot:4, Crystalline Pink Slime Ingot
enderio:item_alloy_endergy_ingot:5, Energetic Silver Ingot
enderio:item_alloy_endergy_ingot:6, Vivid Alloy Ingot
enderio:item_alloy_endergy_nugget:0, Crude Steel Nugget
enderio:item_alloy_endergy_nugget:1, Crystalline Alloy Nugget
enderio:item_alloy_endergy_nugget:2, Melodic Alloy Nugget
enderio:item_alloy_endergy_nugget:3, Stellar Alloy Nugget
enderio:item_alloy_endergy_nugget:4, Crystalline Pink Slime Nugget
enderio:item_alloy_endergy_nugget:5, Energetic Silver Nugget
enderio:item_alloy_endergy_nugget:6, Vivid Alloy Nugget
enderio:item_alloy_endergy_ball:0, Crude Steel Grinding Ball
enderio:item_alloy_endergy_ball:1, Crystalline Alloy Grinding Ball
enderio:item_alloy_endergy_ball:2, Melodic Alloy Grinding Ball
enderio:item_alloy_endergy_ball:3, Stellar Alloy Grinding Ball
enderio:item_alloy_endergy_ball:4, Crystalline Pink Slime Grinding Ball
enderio:item_alloy_endergy_ball:5, Energetic Silver Grinding Ball
enderio:item_alloy_endergy_ball:6, Vivid Alloy Grinding Ball
enderio:item_item_conduit:0, Предметная труба
enderio:item_liquid_conduit:0, Жидкостная труба
enderio:item_liquid_conduit:1, Жидкостная труба высокого давления
enderio:item_liquid_conduit:2, Жидкостная труба Края
enderio:item_power_conduit:0, Энергетическая труба
enderio:item_power_conduit:1, Улучшенная энергетическая труба
enderio:item_power_conduit:2, Энергетическая труба Края
enderio:item_redstone_conduit:0, Красная труба
enderio:item_extract_speed_upgrade:0, Улучшение скорости извлечения
enderio:item_extract_speed_downgrade:0, Понижение скорости извлечения
enderio:item_me_conduit:0, ME труба
enderio:item_me_conduit:1, Плотная ME труба
enderio:block_simple_furnace, Простая электропечь
enderio:block_simple_alloy_smelter, Простой завод сплавов
enderio:block_alloy_smelter, Завод сплавов
enderio:block_enhanced_alloy_smelter, Улучшенный завод сплавов
enderio:block_buffer:0, Предметный буфер
enderio:block_buffer:1, Энергобуфер
enderio:block_buffer:2, Универсальный буфер
enderio:block_buffer:3, Творческий буфер
enderio:block_enchanter, Зачарователь
enderio:block_farm_station, Фермерская станция
enderio:block_combustion_generator, Генератор внутреннего сгорания
enderio:block_enhanced_combustion_generator, Улучшенный генератор внутреннего сгорания
enderio:block_simple_stirling_generator, Простой генератор Стирлинга
enderio:block_stirling_generator, Генератор Стирлинга
enderio:block_zombie_generator, Зомби генератор
enderio:block_franken_zombie_generator, Франк-Зомби генератор
enderio:block_ender_generator, Генератор Края
enderio:block_lava_generator, Lava Heat Exchanger
enderio:block_killer_joe, Киллер Джо
enderio:block_electric_light:0, Электрический светильник
enderio:block_electric_light:1, Электрический светильник (перевернутый)
enderio:block_electric_light:2, Светильник
enderio:block_electric_light:3, Светильник (перевернутый)
enderio:block_electric_light:4, Беспроводной электрический светильник
enderio:block_electric_light:5, Беспроводной электрический светильник (перевернутый)
enderio:block_attractor_obelisk, Притягивающий обелиск
enderio:block_aversion_obelisk, Обелиск отвращения
enderio:block_inhibitor_obelisk, Обелиск замедлителя
enderio:block_relocator_obelisk, Обелиск перемещения
enderio:block_weather_obelisk, Погодный обелиск
enderio:block_experience_obelisk, Обелиск опыта
enderio:block_painter, Покрасочный механизм
enderio:block_reservoir, Краерезервуар
enderio:block_omni_reservoir, Всерезервуар
enderio:block_simple_sag_mill, Простой дробитель
enderio:block_sag_mill, Дробитель
enderio:block_enhanced_sag_mill, Улучшенный дробитель
enderio:block_slice_and_splice, "Отрубатель и сращиватель"
enderio:block_solar_panel:0, Простая фотовольтовая ячейка
enderio:block_solar_panel:1, Фотовольтовая ячейка
enderio:block_solar_panel:2, Продвинутая фотовольтовая ячейка
enderio:block_solar_panel:3, Вибрирующая фотовольтовая ячейка
enderio:block_soul_binder, Связыватель душ
enderio:block_powered_spawner, Электрический спаунер
enderio:block_vat, Чан
enderio:block_enhanced_vat, Улучшенный чан
enderio:block_simple_wired_charger, Простое проводное зарядное устройство
enderio:block_wired_charger, Проводной зарядник
enderio:block_enhanced_wired_charger, Улучшенный проводной зарядник
enderio:block_wireless_charger, Беспроводной зарядник
enderio:block_normal_wireless_charger, Беспроводная зарядная антенна
enderio:block_enhanced_wireless_charger, Улучшенная беспроводная зарядная антенна
enderio:block_wireless_charger_extension, Расширение антенны беспроводной зарядки
enderio:block_tank:0, Жидкостный резервуар
enderio:block_tank:1, Жидкостный резервуар под давлением
enderio:block_transceiver, Пространственный приёмопередатчик
enderio:block_vacuum_chest, Вакуумный сундук
enderio:block_xp_vacuum, Вакуумный опыт
enderio:block_travel_anchor, Якорь путешествия
enderio:block_tele_pad, Блок телепорта
enderio:block_dialing_device, Устройство вызова
enderio:block_impulse_hopper, Импульсная воронка
enderio:block_simple_crafter, Простой создатель
enderio:block_crafter, Создатель
enderio:block_creative_spawner, Creative Spawner
enderio:block_cap_bank:0, Творческий блок конденсаторов
enderio:block_cap_bank:1, Основной блок конденсаторов
enderio:block_cap_bank:1, Основной блок конденсаторов
enderio:block_cap_bank:2, Блок конденсаторов
enderio:block_cap_bank:2, Блок конденсаторов
enderio:block_cap_bank:3, Вибрирующий блок конденсаторов
enderio:block_cap_bank:3, Вибрирующий блок конденсаторов
enderio:block_gauge, Датчик энергии
enderio:block_power_monitor, Индикатор мощности
enderio:block_advanced_power_monitor, Графический индикатор мощности
tconstruct:book, Материалы и Вы
tconstruct:soil:0, Цемент
tconstruct:soil:1, Конгломерат зелёной слизи
tconstruct:soil:2, Конгломерат синей слизи
tconstruct:soil:3, Кладбищенская земля
tconstruct:soil:4, Освящённая земля
tconstruct:soil:5, Конгломерат огненной слизи
tconstruct:slime:1, Блок синей слизи
tconstruct:slime:2, Блок фиолетовой слизи
tconstruct:slime:3, Блок крови
tconstruct:slime:4, Блок огненной слизи
tconstruct:slime_congealed:0, Блок застывшей зелёной слизи
tconstruct:slime_congealed:1, Блок застывшей синей слизи
tconstruct:slime_congealed:2, Блок застывшей фиолетовой слизи
tconstruct:slime_congealed:3, Блок застывшей крови
tconstruct:slime_congealed:4, Блок застывшей огненной слизи
tconstruct:ore:0, Кобальтовая руда
tconstruct:ore:1, Ардитовая руда
tconstruct:firewood:0, Лаводерево
tconstruct:firewood:1, Огнедерево
tconstruct:deco_ground:0, Грязевой кирпич
tconstruct:clear_glass:0, Чистое стекло
tconstruct:clear_stained_glass:0, Чистое белое стекло
tconstruct:clear_stained_glass:1, Чистое оранжевое стекло
tconstruct:clear_stained_glass:2, Чистое пурпурное стекло
tconstruct:clear_stained_glass:3, Чистое голубое стекло
tconstruct:clear_stained_glass:4, Чистое жёлтое стекло
tconstruct:clear_stained_glass:5, Чистое лаймовое стекло
tconstruct:clear_stained_glass:6, Чистое розовое стекло
tconstruct:clear_stained_glass:7, Чистое серое стекло
tconstruct:clear_stained_glass:8, Чистое светло-серое стекло
tconstruct:clear_stained_glass:9, Чистое бирюзовое стекло
tconstruct:clear_stained_glass:10, Чистое фиолетовое стекло
tconstruct:clear_stained_glass:11, Чистое синее стекло
tconstruct:clear_stained_glass:12, Чистое коричневое стекло
tconstruct:clear_stained_glass:13, Чистое зелёное стекло
tconstruct:clear_stained_glass:14, Чистое красное стекло
tconstruct:clear_stained_glass:15, Чистое чёрное стекло
tconstruct:deco_ground_slab:0, Грязевая плита
tconstruct:firewood_slab:0, Лаводеревянная плита
tconstruct:firewood_slab:1, Огнедеревянная плита
tconstruct:mudbrick_stairs:0, Грязевые ступеньки
tconstruct:firewood_stairs:0, Огнедеревянные ступеньки
tconstruct:lavawood_stairs:0, Лаводеревянные ступеньки
tconstruct:nuggets:0, Кобальтовый самородок
tconstruct:nuggets:1, Ардитовый самородок
tconstruct:nuggets:2, Маньюлиновый самородок
tconstruct:nuggets:3, Слизестальный самородок
tconstruct:nuggets:4, Самородок свиностали
tconstruct:ingots:0, Кобальтовый слиток
tconstruct:ingots:1, Ардитовый слиток
tconstruct:ingots:2, Маньюлиновый слиток
tconstruct:ingots:3, Слиток слизестали
tconstruct:ingots:4, Слиток свиностали
tconstruct:materials:0, Сушёный кирпич
tconstruct:materials:1, Грязевой кирпич
tconstruct:materials:2, Кирпич сушёной глины
tconstruct:materials:9, Кристалл зелёной слизи
tconstruct:materials:10, Кристалл синей слизи
tconstruct:materials:11, Кристалл огненной слизи
tconstruct:materials:12, Экспандер (Горизонталь)
tconstruct:materials:13, Экспандер (Вертикаль)
tconstruct:materials:14, Укрепитель
tconstruct:materials:15, Шёлковая ткань
tconstruct:materials:16, Шёлковый камень
tconstruct:materials:17, Кость нежити
tconstruct:materials:18, Шар мха
tconstruct:materials:19, Запоминающий мох
tconstruct:materials:50, Креативный модификатор
tconstruct:edible:0, Бекон
tconstruct:edible:1, Шарик синей слизи
tconstruct:edible:2, Шарик фиолетовой слизи
tconstruct:edible:3, Шарик крови
tconstruct:edible:4, Шарик огненной слизи
tconstruct:edible:5, Slimeball
tconstruct:edible:10, Сушёная гнилая плоть
tconstruct:edible:11, Вяленая говядина
tconstruct:edible:12, Вяленая курятина
tconstruct:edible:13, Вяленая свинина
tconstruct:edible:14, Вяленая ягнятина
tconstruct:edible:15, Вяленая крольчатина
tconstruct:edible:20, Сушёная рыба
tconstruct:edible:21, Сушёная лососина
tconstruct:edible:22, Сушёная рыба-клоун
tconstruct:edible:23, Сушёная фугу
tconstruct:edible:30, Засохшая зелёная слизь
tconstruct:edible:31, Засохшая синяя слизь
tconstruct:edible:32, Засохшая фиолетовая слизь
tconstruct:edible:33, Засохшая капля крови
tconstruct:edible:34, Засохшая огненная слизь
tconstruct:metal:0, Блок кобальта
tconstruct:metal:1, Блок ардита
tconstruct:metal:2, Блок маньюлина
tconstruct:metal:3, Блок слизестали
tconstruct:metal:4, Блок свинстали
tconstruct:metal:6, Шёлковый блок
tconstruct:slime_dirt:0, Грязь из зелёной слизи
tconstruct:slime_dirt:1, Грязь из синей слизи
tconstruct:slime_dirt:2, Грязь из фиолетовой слизи
tconstruct:slime_dirt:3, Грязь из огненной слизи
tconstruct:slime_grass:0, Слизневая трава
tconstruct:slime_grass:1, Трава из зелёной слизи
tconstruct:slime_grass:2, Трава из синей слизи
tconstruct:slime_grass:3, Трава из фиолетовой слизи
tconstruct:slime_grass:4, Трава из огненной слизи
tconstruct:slime_grass:5, Слизневая трава
tconstruct:slime_grass:6, Трава из зелёной слизи
tconstruct:slime_grass:7, Трава из синей слизи
tconstruct:slime_grass:8, Трава из фиолетовой слизи
tconstruct:slime_grass:9, Трава из огненной слизи
tconstruct:slime_grass:10, Слизневая трава
tconstruct:slime_grass:11, Трава из зелёной слизи
tconstruct:slime_grass:12, Трава из синей слизи
tconstruct:slime_grass:13, Трава из фиолетовой слизи
tconstruct:slime_grass:14, Трава из огненной слизи
tconstruct:slime_leaves:0, Листья синей слизи
tconstruct:slime_leaves:1, Листья фиолетовой слизи
tconstruct:slime_leaves:2, Листья огненной слизи
tconstruct:slime_grass_tall:0, Высокая трава из слизи
tconstruct:slime_grass_tall:4, Высокая трава из слизи
tconstruct:slime_grass_tall:8, Высокая трава из слизи
tconstruct:slime_grass_tall:1, Слизневый папоротник
tconstruct:slime_grass_tall:5, Слизневый папоротник
tconstruct:slime_grass_tall:9, Слизневый папоротник
tconstruct:slime_sapling:0, Саженец синей слизи
tconstruct:slime_sapling:1, Саженец фиолетовой слизи
tconstruct:slime_sapling:2, Саженец огненной слизи
tconstruct:slime_vine_blue_end:0, Лоза синей слизи
tconstruct:slime_vine_blue_mid:0, Лоза синей слизи
tconstruct:slime_vine_blue:0, Лоза синей слизи
tconstruct:slime_vine_purple_end:0, Лоза фиолетовой слизи
tconstruct:slime_vine_purple_mid:0, Лоза фиолетовой слизи
tconstruct:slime_vine_purple:0, Лоза фиолетовой слизи
tconstruct:pattern:0, Пустая схема
tconstruct:pattern:0, Схема - лезвие ножа
tconstruct:pattern:0, Схема - полотно лопаты
tconstruct:pattern:0, Схема - широкое лезвие меча
tconstruct:pattern:0, Схема - осколок
tconstruct:pattern:0, Схема - оселок
tconstruct:pattern:0, Схема - наконечник
tconstruct:pattern:0, Схема - большое полотно лопаты
tconstruct:pattern:0, Схема - навершие кирки
tconstruct:pattern:0, Схема - боёк молота
tconstruct:pattern:0, Схема - малая гарда
tconstruct:pattern:0, Схема - мощная рукоять
tconstruct:pattern:0, Схема - табличка
tconstruct:pattern:0, Схема - крепление
tconstruct:pattern:0, Схема - широкая карда
tconstruct:pattern:0, Схема - плечо лука
tconstruct:pattern:0, Схема - полотно сковороды
tconstruct:pattern:0, Схема - тетива
tconstruct:pattern:0, Схема - рукоять
tconstruct:pattern:0, Схема - лезвие меча
tconstruct:pattern:0, Схема - лезвие топора
tconstruct:pattern:0, Схема - навершие косы
tconstruct:pattern:0, Схема - оперение
tconstruct:pattern:0, Схема - большое лезвие топора
tconstruct:pattern:0, Схема - большая пластина
tconstruct:pattern:0, Схема - мощное крепление
tconstruct:pattern:0, Схема - древко стрелы
tconstruct:pattern:0, Схема - Kama Head
tconstruct:pattern:0, Схема - поперечная гарда
tconstruct:shard:0, Наэлектризованная осколок
tconstruct:shard:0, Энергетический осколок
tconstruct:shard:0, Вибрирующий осколок
tconstruct:shard:0, Красный осколок
tconstruct:shard:0, Проводящее осколок
tconstruct:shard:0, Пульсирующее осколок
tconstruct:shard:0, Тёмная осколок
tconstruct:shard:0, Душа осколок
tconstruct:shard:0, осколок из Края
tconstruct:shard:0, Fake-Iron осколок
tconstruct:shard:0, Деревянн. осколок
tconstruct:shard:0, Каменн. осколок
tconstruct:shard:0, Кремнев. осколок
tconstruct:shard:0, Кактусов. осколок
tconstruct:shard:0, Костян. осколок
tconstruct:shard:0, Обсидианов. осколок
tconstruct:shard:0, Призмаринов. осколок
tconstruct:shard:0, Эндеровск. осколок
tconstruct:shard:0, Бумажн. осколок
tconstruct:shard:0, Губочн. осколок
tconstruct:shard:0, Огнедерев. осколок
tconstruct:shard:0, Железн. осколок
tconstruct:shard:0, Свиностальн. осколок
tconstruct:shard:0, Слизестальн. осколок
tconstruct:shard:0, Слизнев. осколок
tconstruct:shard:0, Синеслизнев. осколок
tconstruct:shard:0, Огнеслизнев. осколок
tconstruct:shard:0, Адокаменн. осколок
tconstruct:shard:0, Кобальтов. осколок
tconstruct:shard:0, Ардитов. осколок
tconstruct:shard:0, Маньюлинов. осколок
tconstruct:shard:0, Медн. осколок
tconstruct:shard:0, Бронзов. осколок
tconstruct:shard:0, Свинцов. осколок
tconstruct:shard:0, Серебрян. осколок
tconstruct:shard:0, Электрумов. осколок
tconstruct:shard:0, Стальн. осколок
tconstruct:shard:0, Magical Wooden осколок
tconstruct:shard:0, Evil Infused осколок
tconstruct:shard:0, Enchanted осколок
tconstruct:shard:0, Demonic осколок
tconstruct:shard:0, Treated Wood осколок
tconstruct:shard:0, Константан осколок
tconstruct:sharpening_kit:0, Наэлектризованная оселок
tconstruct:sharpening_kit:0, Энергетический оселок
tconstruct:sharpening_kit:0, Вибрирующий оселок
tconstruct:sharpening_kit:0, Красный оселок
tconstruct:sharpening_kit:0, Проводящее оселок
tconstruct:sharpening_kit:0, Пульсирующее оселок
tconstruct:sharpening_kit:0, Тёмная оселок
tconstruct:sharpening_kit:0, Душа оселок
tconstruct:sharpening_kit:0, оселок из Края
tconstruct:sharpening_kit:0, Fake-Iron оселок
tconstruct:sharpening_kit:0, Деревянн. оселок
tconstruct:sharpening_kit:0, Каменн. оселок
tconstruct:sharpening_kit:0, Кремнев. оселок
tconstruct:sharpening_kit:0, Кактусов. оселок
tconstruct:sharpening_kit:0, Костян. оселок
tconstruct:sharpening_kit:0, Обсидианов. оселок
tconstruct:sharpening_kit:0, Призмаринов. оселок
tconstruct:sharpening_kit:0, Эндеровск. оселок
tconstruct:sharpening_kit:0, Бумажн. оселок
tconstruct:sharpening_kit:0, Губочн. оселок
tconstruct:sharpening_kit:0, Огнедерев. оселок
tconstruct:sharpening_kit:0, Железн. оселок
tconstruct:sharpening_kit:0, Свиностальн. оселок
tconstruct:sharpening_kit:0, Слизестальн. оселок
tconstruct:sharpening_kit:0, Слизнев. оселок
tconstruct:sharpening_kit:0, Синеслизнев. оселок
tconstruct:sharpening_kit:0, Огнеслизнев. оселок
tconstruct:sharpening_kit:0, Адокаменн. оселок
tconstruct:sharpening_kit:0, Кобальтов. оселок
tconstruct:sharpening_kit:0, Ардитов. оселок
tconstruct:sharpening_kit:0, Маньюлинов. оселок
tconstruct:sharpening_kit:0, Медн. оселок
tconstruct:sharpening_kit:0, Бронзов. оселок
tconstruct:sharpening_kit:0, Свинцов. оселок
tconstruct:sharpening_kit:0, Серебрян. оселок
tconstruct:sharpening_kit:0, Электрумов. оселок
tconstruct:sharpening_kit:0, Стальн. оселок
tconstruct:sharpening_kit:0, Magical Wooden оселок
tconstruct:sharpening_kit:0, Evil Infused оселок
tconstruct:sharpening_kit:0, Enchanted оселок
tconstruct:sharpening_kit:0, Demonic оселок
tconstruct:sharpening_kit:0, Treated Wood оселок
tconstruct:sharpening_kit:0, Константан оселок
tconstruct:pick_head:0, Наэлектризованная навершие кирки
tconstruct:pick_head:0, Энергетический навершие кирки
tconstruct:pick_head:0, Вибрирующий навершие кирки
tconstruct:pick_head:0, Красный навершие кирки
tconstruct:pick_head:0, Проводящее навершие кирки
tconstruct:pick_head:0, Пульсирующее навершие кирки
tconstruct:pick_head:0, Тёмная навершие кирки
tconstruct:pick_head:0, Душа навершие кирки
tconstruct:pick_head:0, навершие кирки из Края
tconstruct:pick_head:0, Fake-Iron навершие кирки
tconstruct:pick_head:0, Деревянн. навершие кирки
tconstruct:pick_head:0, Каменн. навершие кирки
tconstruct:pick_head:0, Кремнев. навершие кирки
tconstruct:pick_head:0, Кактусов. навершие кирки
tconstruct:pick_head:0, Костян. навершие кирки
tconstruct:pick_head:0, Обсидианов. навершие кирки
tconstruct:pick_head:0, Призмаринов. навершие кирки
tconstruct:pick_head:0, Эндеровск. навершие кирки
tconstruct:pick_head:0, Бумажн. навершие кирки
tconstruct:pick_head:0, Губочн. навершие кирки
tconstruct:pick_head:0, Огнедерев. навершие кирки
tconstruct:pick_head:0, Железн. навершие кирки
tconstruct:pick_head:0, Свиностальн. навершие кирки
tconstruct:pick_head:0, Слизестальн. навершие кирки
tconstruct:pick_head:0, Слизнев. навершие кирки
tconstruct:pick_head:0, Синеслизнев. навершие кирки
tconstruct:pick_head:0, Огнеслизнев. навершие кирки
tconstruct:pick_head:0, Адокаменн. навершие кирки
tconstruct:pick_head:0, Кобальтов. навершие кирки
tconstruct:pick_head:0, Ардитов. навершие кирки
tconstruct:pick_head:0, Маньюлинов. навершие кирки
tconstruct:pick_head:0, Медн. навершие кирки
tconstruct:pick_head:0, Бронзов. навершие кирки
tconstruct:pick_head:0, Свинцов. навершие кирки
tconstruct:pick_head:0, Серебрян. навершие кирки
tconstruct:pick_head:0, Электрумов. навершие кирки
tconstruct:pick_head:0, Стальн. навершие кирки
tconstruct:pick_head:0, Magical Wooden навершие кирки
tconstruct:pick_head:0, Evil Infused навершие кирки
tconstruct:pick_head:0, Enchanted навершие кирки
tconstruct:pick_head:0, Demonic навершие кирки
tconstruct:pick_head:0, Treated Wood навершие кирки
tconstruct:pick_head:0, Константан навершие кирки
tconstruct:shovel_head:0, Наэлектризованная полотно лопаты
tconstruct:shovel_head:0, Энергетический полотно лопаты
tconstruct:shovel_head:0, Вибрирующий полотно лопаты
tconstruct:shovel_head:0, Красный полотно лопаты
tconstruct:shovel_head:0, Проводящее полотно лопаты
tconstruct:shovel_head:0, Пульсирующее полотно лопаты
tconstruct:shovel_head:0, Тёмная полотно лопаты
tconstruct:shovel_head:0, Душа полотно лопаты
tconstruct:shovel_head:0, полотно лопаты из Края
tconstruct:shovel_head:0, Fake-Iron полотно лопаты
tconstruct:shovel_head:0, Деревянн. полотно лопаты
tconstruct:shovel_head:0, Каменн. полотно лопаты
tconstruct:shovel_head:0, Кремнев. полотно лопаты
tconstruct:shovel_head:0, Кактусов. полотно лопаты
tconstruct:shovel_head:0, Костян. полотно лопаты
tconstruct:shovel_head:0, Обсидианов. полотно лопаты
tconstruct:shovel_head:0, Призмаринов. полотно лопаты
tconstruct:shovel_head:0, Эндеровск. полотно лопаты
tconstruct:shovel_head:0, Бумажн. полотно лопаты
tconstruct:shovel_head:0, Губочн. полотно лопаты
tconstruct:shovel_head:0, Огнедерев. полотно лопаты
tconstruct:shovel_head:0, Железн. полотно лопаты
tconstruct:shovel_head:0, Свиностальн. полотно лопаты
tconstruct:shovel_head:0, Слизестальн. полотно лопаты
tconstruct:shovel_head:0, Слизнев. полотно лопаты
tconstruct:shovel_head:0, Синеслизнев. полотно лопаты
tconstruct:shovel_head:0, Огнеслизнев. полотно лопаты
tconstruct:shovel_head:0, Адокаменн. полотно лопаты
tconstruct:shovel_head:0, Кобальтов. полотно лопаты
tconstruct:shovel_head:0, Ардитов. полотно лопаты
tconstruct:shovel_head:0, Маньюлинов. полотно лопаты
tconstruct:shovel_head:0, Медн. полотно лопаты
tconstruct:shovel_head:0, Бронзов. полотно лопаты
tconstruct:shovel_head:0, Свинцов. полотно лопаты
tconstruct:shovel_head:0, Серебрян. полотно лопаты
tconstruct:shovel_head:0, Электрумов. полотно лопаты
tconstruct:shovel_head:0, Стальн. полотно лопаты
tconstruct:shovel_head:0, Magical Wooden полотно лопаты
tconstruct:shovel_head:0, Evil Infused полотно лопаты
tconstruct:shovel_head:0, Enchanted полотно лопаты
tconstruct:shovel_head:0, Demonic полотно лопаты
tconstruct:shovel_head:0, Treated Wood полотно лопаты
tconstruct:shovel_head:0, Константан полотно лопаты
tconstruct:axe_head:0, Наэлектризованная лезвие топора
tconstruct:axe_head:0, Энергетический лезвие топора
tconstruct:axe_head:0, Вибрирующий лезвие топора
tconstruct:axe_head:0, Красный лезвие топора
tconstruct:axe_head:0, Проводящее лезвие топора
tconstruct:axe_head:0, Пульсирующее лезвие топора
tconstruct:axe_head:0, Тёмная лезвие топора
tconstruct:axe_head:0, Душа лезвие топора
tconstruct:axe_head:0, лезвие топора из Края
tconstruct:axe_head:0, Fake-Iron лезвие топора
tconstruct:axe_head:0, Деревянн. лезвие топора
tconstruct:axe_head:0, Каменн. лезвие топора
tconstruct:axe_head:0, Кремнев. лезвие топора
tconstruct:axe_head:0, Кактусов. лезвие топора
tconstruct:axe_head:0, Костян. лезвие топора
tconstruct:axe_head:0, Обсидианов. лезвие топора
tconstruct:axe_head:0, Призмаринов. лезвие топора
tconstruct:axe_head:0, Эндеровск. лезвие топора
tconstruct:axe_head:0, Бумажн. лезвие топора
tconstruct:axe_head:0, Губочн. лезвие топора
tconstruct:axe_head:0, Огнедерев. лезвие топора
tconstruct:axe_head:0, Железн. лезвие топора
tconstruct:axe_head:0, Свиностальн. лезвие топора
tconstruct:axe_head:0, Слизестальн. лезвие топора
tconstruct:axe_head:0, Слизнев. лезвие топора
tconstruct:axe_head:0, Синеслизнев. лезвие топора
tconstruct:axe_head:0, Огнеслизнев. лезвие топора
tconstruct:axe_head:0, Адокаменн. лезвие топора
tconstruct:axe_head:0, Кобальтов. лезвие топора
tconstruct:axe_head:0, Ардитов. лезвие топора
tconstruct:axe_head:0, Маньюлинов. лезвие топора
tconstruct:axe_head:0, Медн. лезвие топора
tconstruct:axe_head:0, Бронзов. лезвие топора
tconstruct:axe_head:0, Свинцов. лезвие топора
tconstruct:axe_head:0, Серебрян. лезвие топора
tconstruct:axe_head:0, Электрумов. лезвие топора
tconstruct:axe_head:0, Стальн. лезвие топора
tconstruct:axe_head:0, Magical Wooden лезвие топора
tconstruct:axe_head:0, Evil Infused лезвие топора
tconstruct:axe_head:0, Enchanted лезвие топора
tconstruct:axe_head:0, Demonic лезвие топора
tconstruct:axe_head:0, Treated Wood лезвие топора
tconstruct:axe_head:0, Константан лезвие топора
tconstruct:broad_axe_head:0, Наэлектризованная большое лезвие топора
tconstruct:broad_axe_head:0, Энергетический большое лезвие топора
tconstruct:broad_axe_head:0, Вибрирующий большое лезвие топора
tconstruct:broad_axe_head:0, Красный большое лезвие топора
tconstruct:broad_axe_head:0, Проводящее большое лезвие топора
tconstruct:broad_axe_head:0, Пульсирующее большое лезвие топора
tconstruct:broad_axe_head:0, Тёмная большое лезвие топора
tconstruct:broad_axe_head:0, Душа большое лезвие топора
tconstruct:broad_axe_head:0, большое лезвие топора из Края
tconstruct:broad_axe_head:0, Fake-Iron большое лезвие топора
tconstruct:broad_axe_head:0, Деревянн. большое лезвие топора
tconstruct:broad_axe_head:0, Каменн. большое лезвие топора
tconstruct:broad_axe_head:0, Кремнев. большое лезвие топора
tconstruct:broad_axe_head:0, Кактусов. большое лезвие топора
tconstruct:broad_axe_head:0, Костян. большое лезвие топора
tconstruct:broad_axe_head:0, Обсидианов. большое лезвие топора
tconstruct:broad_axe_head:0, Призмаринов. большое лезвие топора
tconstruct:broad_axe_head:0, Эндеровск. большое лезвие топора
tconstruct:broad_axe_head:0, Бумажн. большое лезвие топора
tconstruct:broad_axe_head:0, Губочн. большое лезвие топора
tconstruct:broad_axe_head:0, Огнедерев. большое лезвие топора
tconstruct:broad_axe_head:0, Железн. большое лезвие топора
tconstruct:broad_axe_head:0, Свиностальн. большое лезвие топора
tconstruct:broad_axe_head:0, Слизестальн. большое лезвие топора
tconstruct:broad_axe_head:0, Слизнев. большое лезвие топора
tconstruct:broad_axe_head:0, Синеслизнев. большое лезвие топора
tconstruct:broad_axe_head:0, Огнеслизнев. большое лезвие топора
tconstruct:broad_axe_head:0, Адокаменн. большое лезвие топора
tconstruct:broad_axe_head:0, Кобальтов. большое лезвие топора
tconstruct:broad_axe_head:0, Ардитов. большое лезвие топора
tconstruct:broad_axe_head:0, Маньюлинов. большое лезвие топора
tconstruct:broad_axe_head:0, Медн. большое лезвие топора
tconstruct:broad_axe_head:0, Бронзов. большое лезвие топора
tconstruct:broad_axe_head:0, Свинцов. большое лезвие топора
tconstruct:broad_axe_head:0, Серебрян. большое лезвие топора
tconstruct:broad_axe_head:0, Электрумов. большое лезвие топора
tconstruct:broad_axe_head:0, Стальн. большое лезвие топора
tconstruct:broad_axe_head:0, Magical Wooden большое лезвие топора
tconstruct:broad_axe_head:0, Evil Infused большое лезвие топора
tconstruct:broad_axe_head:0, Enchanted большое лезвие топора
tconstruct:broad_axe_head:0, Demonic большое лезвие топора
tconstruct:broad_axe_head:0, Treated Wood большое лезвие топора
tconstruct:broad_axe_head:0, Константан большое лезвие топора
tconstruct:sword_blade:0, Наэлектризованная лезвие меча
tconstruct:sword_blade:0, Энергетический лезвие меча
tconstruct:sword_blade:0, Вибрирующий лезвие меча
tconstruct:sword_blade:0, Красный лезвие меча
tconstruct:sword_blade:0, Проводящее лезвие меча
tconstruct:sword_blade:0, Пульсирующее лезвие меча
tconstruct:sword_blade:0, Тёмная лезвие меча
tconstruct:sword_blade:0, Душа лезвие меча
tconstruct:sword_blade:0, лезвие меча из Края
tconstruct:sword_blade:0, Fake-Iron лезвие меча
tconstruct:sword_blade:0, Деревянн. лезвие меча
tconstruct:sword_blade:0, Каменн. лезвие меча
tconstruct:sword_blade:0, Кремнев. лезвие меча
tconstruct:sword_blade:0, Кактусов. лезвие меча
tconstruct:sword_blade:0, Костян. лезвие меча
tconstruct:sword_blade:0, Обсидианов. лезвие меча
tconstruct:sword_blade:0, Призмаринов. лезвие меча
tconstruct:sword_blade:0, Эндеровск. лезвие меча
tconstruct:sword_blade:0, Бумажн. лезвие меча
tconstruct:sword_blade:0, Губочн. лезвие меча
tconstruct:sword_blade:0, Огнедерев. лезвие меча
tconstruct:sword_blade:0, Железн. лезвие меча
tconstruct:sword_blade:0, Свиностальн. лезвие меча
tconstruct:sword_blade:0, Слизестальн. лезвие меча
tconstruct:sword_blade:0, Слизнев. лезвие меча
tconstruct:sword_blade:0, Синеслизнев. лезвие меча
tconstruct:sword_blade:0, Огнеслизнев. лезвие меча
tconstruct:sword_blade:0, Адокаменн. лезвие меча
tconstruct:sword_blade:0, Кобальтов. лезвие меча
tconstruct:sword_blade:0, Ардитов. лезвие меча
tconstruct:sword_blade:0, Маньюлинов. лезвие меча
tconstruct:sword_blade:0, Медн. лезвие меча
tconstruct:sword_blade:0, Бронзов. лезвие меча
tconstruct:sword_blade:0, Свинцов. лезвие меча
tconstruct:sword_blade:0, Серебрян. лезвие меча
tconstruct:sword_blade:0, Электрумов. лезвие меча
tconstruct:sword_blade:0, Стальн. лезвие меча
tconstruct:sword_blade:0, Magical Wooden лезвие меча
tconstruct:sword_blade:0, Evil Infused лезвие меча
tconstruct:sword_blade:0, Enchanted лезвие меча
tconstruct:sword_blade:0, Demonic лезвие меча
tconstruct:sword_blade:0, Treated Wood лезвие меча
tconstruct:sword_blade:0, Константан лезвие меча
tconstruct:large_sword_blade:0, Наэлектризованная широкое лезвие меча
tconstruct:large_sword_blade:0, Энергетический широкое лезвие меча
tconstruct:large_sword_blade:0, Вибрирующий широкое лезвие меча
tconstruct:large_sword_blade:0, Красный широкое лезвие меча
tconstruct:large_sword_blade:0, Проводящее широкое лезвие меча
tconstruct:large_sword_blade:0, Пульсирующее широкое лезвие меча
tconstruct:large_sword_blade:0, Тёмная широкое лезвие меча
tconstruct:large_sword_blade:0, Душа широкое лезвие меча
tconstruct:large_sword_blade:0, широкое лезвие меча из Края
tconstruct:large_sword_blade:0, Fake-Iron широкое лезвие меча
tconstruct:large_sword_blade:0, Деревянн. широкое лезвие меча
tconstruct:large_sword_blade:0, Каменн. широкое лезвие меча
tconstruct:large_sword_blade:0, Кремнев. широкое лезвие меча
tconstruct:large_sword_blade:0, Кактусов. широкое лезвие меча
tconstruct:large_sword_blade:0, Костян. широкое лезвие меча
tconstruct:large_sword_blade:0, Обсидианов. широкое лезвие меча
tconstruct:large_sword_blade:0, Призмаринов. широкое лезвие меча
tconstruct:large_sword_blade:0, Эндеровск. широкое лезвие меча
tconstruct:large_sword_blade:0, Бумажн. широкое лезвие меча
tconstruct:large_sword_blade:0, Губочн. широкое лезвие меча
tconstruct:large_sword_blade:0, Огнедерев. широкое лезвие меча
tconstruct:large_sword_blade:0, Железн. широкое лезвие меча
tconstruct:large_sword_blade:0, Свиностальн. широкое лезвие меча
tconstruct:large_sword_blade:0, Слизестальн. широкое лезвие меча
tconstruct:large_sword_blade:0, Слизнев. широкое лезвие меча
tconstruct:large_sword_blade:0, Синеслизнев. широкое лезвие меча
tconstruct:large_sword_blade:0, Огнеслизнев. широкое лезвие меча
tconstruct:large_sword_blade:0, Адокаменн. широкое лезвие меча
tconstruct:large_sword_blade:0, Кобальтов. широкое лезвие меча
tconstruct:large_sword_blade:0, Ардитов. широкое лезвие меча
tconstruct:large_sword_blade:0, Маньюлинов. широкое лезвие меча
tconstruct:large_sword_blade:0, Медн. широкое лезвие меча
tconstruct:large_sword_blade:0, Бронзов. широкое лезвие меча
tconstruct:large_sword_blade:0, Свинцов. широкое лезвие меча
tconstruct:large_sword_blade:0, Серебрян. широкое лезвие меча
tconstruct:large_sword_blade:0, Электрумов. широкое лезвие меча
tconstruct:large_sword_blade:0, Стальн. широкое лезвие меча
tconstruct:large_sword_blade:0, Magical Wooden широкое лезвие меча
tconstruct:large_sword_blade:0, Evil Infused широкое лезвие меча
tconstruct:large_sword_blade:0, Enchanted широкое лезвие меча
tconstruct:large_sword_blade:0, Demonic широкое лезвие меча
tconstruct:large_sword_blade:0, Treated Wood широкое лезвие меча
tconstruct:large_sword_blade:0, Константан широкое лезвие меча
tconstruct:hammer_head:0, Наэлектризованная боёк молота
tconstruct:hammer_head:0, Энергетический боёк молота
tconstruct:hammer_head:0, Вибрирующий боёк молота
tconstruct:hammer_head:0, Красный боёк молота
tconstruct:hammer_head:0, Проводящее боёк молота
tconstruct:hammer_head:0, Пульсирующее боёк молота
tconstruct:hammer_head:0, Тёмная боёк молота
tconstruct:hammer_head:0, Душа боёк молота
tconstruct:hammer_head:0, боёк молота из Края
tconstruct:hammer_head:0, Fake-Iron боёк молота
tconstruct:hammer_head:0, Деревянн. боёк молота
tconstruct:hammer_head:0, Каменн. боёк молота
tconstruct:hammer_head:0, Кремнев. боёк молота
tconstruct:hammer_head:0, Кактусов. боёк молота
tconstruct:hammer_head:0, Костян. боёк молота
tconstruct:hammer_head:0, Обсидианов. боёк молота
tconstruct:hammer_head:0, Призмаринов. боёк молота
tconstruct:hammer_head:0, Эндеровск. боёк молота
tconstruct:hammer_head:0, Бумажн. боёк молота
tconstruct:hammer_head:0, Губочн. боёк молота
tconstruct:hammer_head:0, Огнедерев. боёк молота
tconstruct:hammer_head:0, Железн. боёк молота
tconstruct:hammer_head:0, Свиностальн. боёк молота
tconstruct:hammer_head:0, Слизестальн. боёк молота
tconstruct:hammer_head:0, Слизнев. боёк молота
tconstruct:hammer_head:0, Синеслизнев. боёк молота
tconstruct:hammer_head:0, Огнеслизнев. боёк молота
tconstruct:hammer_head:0, Адокаменн. боёк молота
tconstruct:hammer_head:0, Кобальтов. боёк молота
tconstruct:hammer_head:0, Ардитов. боёк молота
tconstruct:hammer_head:0, Маньюлинов. боёк молота
tconstruct:hammer_head:0, Медн. боёк молота
tconstruct:hammer_head:0, Бронзов. боёк молота
tconstruct:hammer_head:0, Свинцов. боёк молота
tconstruct:hammer_head:0, Серебрян. боёк молота
tconstruct:hammer_head:0, Электрумов. боёк молота
tconstruct:hammer_head:0, Стальн. боёк молота
tconstruct:hammer_head:0, Magical Wooden боёк молота
tconstruct:hammer_head:0, Evil Infused боёк молота
tconstruct:hammer_head:0, Enchanted боёк молота
tconstruct:hammer_head:0, Demonic боёк молота
tconstruct:hammer_head:0, Treated Wood боёк молота
tconstruct:hammer_head:0, Константан боёк молота
tconstruct:excavator_head:0, Наэлектризованная большое полотно лопаты
tconstruct:excavator_head:0, Энергетический большое полотно лопаты
tconstruct:excavator_head:0, Вибрирующий большое полотно лопаты
tconstruct:excavator_head:0, Красный большое полотно лопаты
tconstruct:excavator_head:0, Проводящее большое полотно лопаты
tconstruct:excavator_head:0, Пульсирующее большое полотно лопаты
tconstruct:excavator_head:0, Тёмная большое полотно лопаты
tconstruct:excavator_head:0, Душа большое полотно лопаты
tconstruct:excavator_head:0, большое полотно лопаты из Края
tconstruct:excavator_head:0, Fake-Iron большое полотно лопаты
tconstruct:excavator_head:0, Деревянн. большое полотно лопаты
tconstruct:excavator_head:0, Каменн. большое полотно лопаты
tconstruct:excavator_head:0, Кремнев. большое полотно лопаты
tconstruct:excavator_head:0, Кактусов. большое полотно лопаты
tconstruct:excavator_head:0, Костян. большое полотно лопаты
tconstruct:excavator_head:0, Обсидианов. большое полотно лопаты
tconstruct:excavator_head:0, Призмаринов. большое полотно лопаты
tconstruct:excavator_head:0, Эндеровск. большое полотно лопаты
tconstruct:excavator_head:0, Бумажн. большое полотно лопаты
tconstruct:excavator_head:0, Губочн. большое полотно лопаты
tconstruct:excavator_head:0, Огнедерев. большое полотно лопаты
tconstruct:excavator_head:0, Железн. большое полотно лопаты
tconstruct:excavator_head:0, Свиностальн. большое полотно лопаты
tconstruct:excavator_head:0, Слизестальн. большое полотно лопаты
tconstruct:excavator_head:0, Слизнев. большое полотно лопаты
tconstruct:excavator_head:0, Синеслизнев. большое полотно лопаты
tconstruct:excavator_head:0, Огнеслизнев. большое полотно лопаты
tconstruct:excavator_head:0, Адокаменн. большое полотно лопаты
tconstruct:excavator_head:0, Кобальтов. большое полотно лопаты
tconstruct:excavator_head:0, Ардитов. большое полотно лопаты
tconstruct:excavator_head:0, Маньюлинов. большое полотно лопаты
tconstruct:excavator_head:0, Медн. большое полотно лопаты
tconstruct:excavator_head:0, Бронзов. большое полотно лопаты
tconstruct:excavator_head:0, Свинцов. большое полотно лопаты
tconstruct:excavator_head:0, Серебрян. большое полотно лопаты
tconstruct:excavator_head:0, Электрумов. большое полотно лопаты
tconstruct:excavator_head:0, Стальн. большое полотно лопаты
tconstruct:excavator_head:0, Magical Wooden большое полотно лопаты
tconstruct:excavator_head:0, Evil Infused большое полотно лопаты
tconstruct:excavator_head:0, Enchanted большое полотно лопаты
tconstruct:excavator_head:0, Demonic большое полотно лопаты
tconstruct:excavator_head:0, Treated Wood большое полотно лопаты
tconstruct:excavator_head:0, Константан большое полотно лопаты
tconstruct:kama_head:0, Наэлектризованная Kama Head
tconstruct:kama_head:0, Энергетический Kama Head
tconstruct:kama_head:0, Вибрирующий Kama Head
tconstruct:kama_head:0, Красный Kama Head
tconstruct:kama_head:0, Проводящее Kama Head
tconstruct:kama_head:0, Пульсирующее Kama Head
tconstruct:kama_head:0, Тёмная Kama Head
tconstruct:kama_head:0, Душа Kama Head
tconstruct:kama_head:0, Kama Head из Края
tconstruct:kama_head:0, Fake-Iron Kama Head
tconstruct:kama_head:0, Деревянн. Kama Head
tconstruct:kama_head:0, Каменн. Kama Head
tconstruct:kama_head:0, Кремнев. Kama Head
tconstruct:kama_head:0, Кактусов. Kama Head
tconstruct:kama_head:0, Костян. Kama Head
tconstruct:kama_head:0, Обсидианов. Kama Head
tconstruct:kama_head:0, Призмаринов. Kama Head
tconstruct:kama_head:0, Эндеровск. Kama Head
tconstruct:kama_head:0, Бумажн. Kama Head
tconstruct:kama_head:0, Губочн. Kama Head
tconstruct:kama_head:0, Огнедерев. Kama Head
tconstruct:kama_head:0, Железн. Kama Head
tconstruct:kama_head:0, Свиностальн. Kama Head
tconstruct:kama_head:0, Слизестальн. Kama Head
tconstruct:kama_head:0, Слизнев. Kama Head
tconstruct:kama_head:0, Синеслизнев. Kama Head
tconstruct:kama_head:0, Огнеслизнев. Kama Head
tconstruct:kama_head:0, Адокаменн. Kama Head
tconstruct:kama_head:0, Кобальтов. Kama Head
tconstruct:kama_head:0, Ардитов. Kama Head
tconstruct:kama_head:0, Маньюлинов. Kama Head
tconstruct:kama_head:0, Медн. Kama Head
tconstruct:kama_head:0, Бронзов. Kama Head
tconstruct:kama_head:0, Свинцов. Kama Head
tconstruct:kama_head:0, Серебрян. Kama Head
tconstruct:kama_head:0, Электрумов. Kama Head
tconstruct:kama_head:0, Стальн. Kama Head
tconstruct:kama_head:0, Magical Wooden Kama Head
tconstruct:kama_head:0, Evil Infused Kama Head
tconstruct:kama_head:0, Enchanted Kama Head
tconstruct:kama_head:0, Demonic Kama Head
tconstruct:kama_head:0, Treated Wood Kama Head
tconstruct:kama_head:0, Константан Kama Head
tconstruct:scythe_head:0, Наэлектризованная навершие косы
tconstruct:scythe_head:0, Энергетический навершие косы
tconstruct:scythe_head:0, Вибрирующий навершие косы
tconstruct:scythe_head:0, Красный навершие косы
tconstruct:scythe_head:0, Проводящее навершие косы
tconstruct:scythe_head:0, Пульсирующее навершие косы
tconstruct:scythe_head:0, Тёмная навершие косы
tconstruct:scythe_head:0, Душа навершие косы
tconstruct:scythe_head:0, навершие косы из Края
tconstruct:scythe_head:0, Fake-Iron навершие косы
tconstruct:scythe_head:0, Деревянн. навершие косы
tconstruct:scythe_head:0, Каменн. навершие косы
tconstruct:scythe_head:0, Кремнев. навершие косы
tconstruct:scythe_head:0, Кактусов. навершие косы
tconstruct:scythe_head:0, Костян. навершие косы
tconstruct:scythe_head:0, Обсидианов. навершие косы
tconstruct:scythe_head:0, Призмаринов. навершие косы
tconstruct:scythe_head:0, Эндеровск. навершие косы
tconstruct:scythe_head:0, Бумажн. навершие косы
tconstruct:scythe_head:0, Губочн. навершие косы
tconstruct:scythe_head:0, Огнедерев. навершие косы
tconstruct:scythe_head:0, Железн. навершие косы
tconstruct:scythe_head:0, Свиностальн. навершие косы
tconstruct:scythe_head:0, Слизестальн. навершие косы
tconstruct:scythe_head:0, Слизнев. навершие косы
tconstruct:scythe_head:0, Синеслизнев. навершие косы
tconstruct:scythe_head:0, Огнеслизнев. навершие косы
tconstruct:scythe_head:0, Адокаменн. навершие косы
tconstruct:scythe_head:0, Кобальтов. навершие косы
tconstruct:scythe_head:0, Ардитов. навершие косы
tconstruct:scythe_head:0, Маньюлинов. навершие косы
tconstruct:scythe_head:0, Медн. навершие косы
tconstruct:scythe_head:0, Бронзов. навершие косы
tconstruct:scythe_head:0, Свинцов. навершие косы
tconstruct:scythe_head:0, Серебрян. навершие косы
tconstruct:scythe_head:0, Электрумов. навершие косы
tconstruct:scythe_head:0, Стальн. навершие косы
tconstruct:scythe_head:0, Magical Wooden навершие косы
tconstruct:scythe_head:0, Evil Infused навершие косы
tconstruct:scythe_head:0, Enchanted навершие косы
tconstruct:scythe_head:0, Demonic навершие косы
tconstruct:scythe_head:0, Treated Wood навершие косы
tconstruct:scythe_head:0, Константан навершие косы
tconstruct:pan_head:0, Наэлектризованная полотно сковороды
tconstruct:pan_head:0, Энергетический полотно сковороды
tconstruct:pan_head:0, Вибрирующий полотно сковороды
tconstruct:pan_head:0, Красный полотно сковороды
tconstruct:pan_head:0, Проводящее полотно сковороды
tconstruct:pan_head:0, Пульсирующее полотно сковороды
tconstruct:pan_head:0, Тёмная полотно сковороды
tconstruct:pan_head:0, Душа полотно сковороды
tconstruct:pan_head:0, полотно сковороды из Края
tconstruct:pan_head:0, Fake-Iron полотно сковороды
tconstruct:pan_head:0, Деревянн. полотно сковороды
tconstruct:pan_head:0, Каменн. полотно сковороды
tconstruct:pan_head:0, Кремнев. полотно сковороды
tconstruct:pan_head:0, Кактусов. полотно сковороды
tconstruct:pan_head:0, Костян. полотно сковороды
tconstruct:pan_head:0, Обсидианов. полотно сковороды
tconstruct:pan_head:0, Призмаринов. полотно сковороды
tconstruct:pan_head:0, Эндеровск. полотно сковороды
tconstruct:pan_head:0, Бумажн. полотно сковороды
tconstruct:pan_head:0, Губочн. полотно сковороды
tconstruct:pan_head:0, Огнедерев. полотно сковороды
tconstruct:pan_head:0, Железн. полотно сковороды
tconstruct:pan_head:0, Свиностальн. полотно сковороды
tconstruct:pan_head:0, Слизестальн. полотно сковороды
tconstruct:pan_head:0, Слизнев. полотно сковороды
tconstruct:pan_head:0, Синеслизнев. полотно сковороды
tconstruct:pan_head:0, Огнеслизнев. полотно сковороды
tconstruct:pan_head:0, Адокаменн. полотно сковороды
tconstruct:pan_head:0, Кобальтов. полотно сковороды
tconstruct:pan_head:0, Ардитов. полотно сковороды
tconstruct:pan_head:0, Маньюлинов. полотно сковороды
tconstruct:pan_head:0, Медн. полотно сковороды
tconstruct:pan_head:0, Бронзов. полотно сковороды
tconstruct:pan_head:0, Свинцов. полотно сковороды
tconstruct:pan_head:0, Серебрян. полотно сковороды
tconstruct:pan_head:0, Электрумов. полотно сковороды
tconstruct:pan_head:0, Стальн. полотно сковороды
tconstruct:pan_head:0, Magical Wooden полотно сковороды
tconstruct:pan_head:0, Evil Infused полотно сковороды
tconstruct:pan_head:0, Enchanted полотно сковороды
tconstruct:pan_head:0, Demonic полотно сковороды
tconstruct:pan_head:0, Treated Wood полотно сковороды
tconstruct:pan_head:0, Константан полотно сковороды
tconstruct:sign_head:0, Наэлектризованная табличка
tconstruct:sign_head:0, Энергетический табличка
tconstruct:sign_head:0, Вибрирующий табличка
tconstruct:sign_head:0, Красный табличка
tconstruct:sign_head:0, Проводящее табличка
tconstruct:sign_head:0, Пульсирующее табличка
tconstruct:sign_head:0, Тёмная табличка
tconstruct:sign_head:0, Душа табличка
tconstruct:sign_head:0, табличка из Края
tconstruct:sign_head:0, Fake-Iron табличка
tconstruct:sign_head:0, Деревянн. табличка
tconstruct:sign_head:0, Каменн. табличка
tconstruct:sign_head:0, Кремнев. табличка
tconstruct:sign_head:0, Кактусов. табличка
tconstruct:sign_head:0, Костян. табличка
tconstruct:sign_head:0, Обсидианов. табличка
tconstruct:sign_head:0, Призмаринов. табличка
tconstruct:sign_head:0, Эндеровск. табличка
tconstruct:sign_head:0, Бумажн. табличка
tconstruct:sign_head:0, Губочн. табличка
tconstruct:sign_head:0, Огнедерев. табличка
tconstruct:sign_head:0, Железн. табличка
tconstruct:sign_head:0, Свиностальн. табличка
tconstruct:sign_head:0, Слизестальн. табличка
tconstruct:sign_head:0, Слизнев. табличка
tconstruct:sign_head:0, Синеслизнев. табличка
tconstruct:sign_head:0, Огнеслизнев. табличка
tconstruct:sign_head:0, Адокаменн. табличка
tconstruct:sign_head:0, Кобальтов. табличка
tconstruct:sign_head:0, Ардитов. табличка
tconstruct:sign_head:0, Маньюлинов. табличка
tconstruct:sign_head:0, Медн. табличка
tconstruct:sign_head:0, Бронзов. табличка
tconstruct:sign_head:0, Свинцов. табличка
tconstruct:sign_head:0, Серебрян. табличка
tconstruct:sign_head:0, Электрумов. табличка
tconstruct:sign_head:0, Стальн. табличка
tconstruct:sign_head:0, Magical Wooden табличка
tconstruct:sign_head:0, Evil Infused табличка
tconstruct:sign_head:0, Enchanted табличка
tconstruct:sign_head:0, Demonic табличка
tconstruct:sign_head:0, Treated Wood табличка
tconstruct:sign_head:0, Константан табличка
tconstruct:tool_rod:0, Наэлектризованная рукоять
tconstruct:tool_rod:0, Энергетический рукоять
tconstruct:tool_rod:0, Вибрирующий рукоять
tconstruct:tool_rod:0, Красный рукоять
tconstruct:tool_rod:0, Проводящее рукоять
tconstruct:tool_rod:0, Пульсирующее рукоять
tconstruct:tool_rod:0, Тёмная рукоять
tconstruct:tool_rod:0, Душа рукоять
tconstruct:tool_rod:0, рукоять из Края
tconstruct:tool_rod:0, Fake-Iron рукоять
tconstruct:tool_rod:0, Деревянн. рукоять
tconstruct:tool_rod:0, Каменн. рукоять
tconstruct:tool_rod:0, Кремнев. рукоять
tconstruct:tool_rod:0, Кактусов. рукоять
tconstruct:tool_rod:0, Костян. рукоять
tconstruct:tool_rod:0, Обсидианов. рукоять
tconstruct:tool_rod:0, Призмаринов. рукоять
tconstruct:tool_rod:0, Эндеровск. рукоять
tconstruct:tool_rod:0, Бумажн. рукоять
tconstruct:tool_rod:0, Губочн. рукоять
tconstruct:tool_rod:0, Огнедерев. рукоять
tconstruct:tool_rod:0, Железн. рукоять
tconstruct:tool_rod:0, Свиностальн. рукоять
tconstruct:tool_rod:0, Слизестальн. рукоять
tconstruct:tool_rod:0, Слизнев. рукоять
tconstruct:tool_rod:0, Синеслизнев. рукоять
tconstruct:tool_rod:0, Огнеслизнев. рукоять
tconstruct:tool_rod:0, Адокаменн. рукоять
tconstruct:tool_rod:0, Кобальтов. рукоять
tconstruct:tool_rod:0, Ардитов. рукоять
tconstruct:tool_rod:0, Маньюлинов. рукоять
tconstruct:tool_rod:0, Медн. рукоять
tconstruct:tool_rod:0, Бронзов. рукоять
tconstruct:tool_rod:0, Свинцов. рукоять
tconstruct:tool_rod:0, Серебрян. рукоять
tconstruct:tool_rod:0, Электрумов. рукоять
tconstruct:tool_rod:0, Стальн. рукоять
tconstruct:tool_rod:0, Magical Wooden рукоять
tconstruct:tool_rod:0, Evil Infused рукоять
tconstruct:tool_rod:0, Enchanted рукоять
tconstruct:tool_rod:0, Demonic рукоять
tconstruct:tool_rod:0, Treated Wood рукоять
tconstruct:tool_rod:0, Константан рукоять
tconstruct:tough_tool_rod:0, Наэлектризованная мощная рукоять
tconstruct:tough_tool_rod:0, Энергетический мощная рукоять
tconstruct:tough_tool_rod:0, Вибрирующий мощная рукоять
tconstruct:tough_tool_rod:0, Красный мощная рукоять
tconstruct:tough_tool_rod:0, Проводящее мощная рукоять
tconstruct:tough_tool_rod:0, Пульсирующее мощная рукоять
tconstruct:tough_tool_rod:0, Тёмная мощная рукоять
tconstruct:tough_tool_rod:0, Душа мощная рукоять
tconstruct:tough_tool_rod:0, мощная рукоять из Края
tconstruct:tough_tool_rod:0, Fake-Iron мощная рукоять
tconstruct:tough_tool_rod:0, Деревянн. мощная рукоять
tconstruct:tough_tool_rod:0, Каменн. мощная рукоять
tconstruct:tough_tool_rod:0, Кремнев. мощная рукоять
tconstruct:tough_tool_rod:0, Кактусов. мощная рукоять
tconstruct:tough_tool_rod:0, Костян. мощная рукоять
tconstruct:tough_tool_rod:0, Обсидианов. мощная рукоять
tconstruct:tough_tool_rod:0, Призмаринов. мощная рукоять
tconstruct:tough_tool_rod:0, Эндеровск. мощная рукоять
tconstruct:tough_tool_rod:0, Бумажн. мощная рукоять
tconstruct:tough_tool_rod:0, Губочн. мощная рукоять
tconstruct:tough_tool_rod:0, Огнедерев. мощная рукоять
tconstruct:tough_tool_rod:0, Железн. мощная рукоять
tconstruct:tough_tool_rod:0, Свиностальн. мощная рукоять
tconstruct:tough_tool_rod:0, Слизестальн. мощная рукоять
tconstruct:tough_tool_rod:0, Слизнев. мощная рукоять
tconstruct:tough_tool_rod:0, Синеслизнев. мощная рукоять
tconstruct:tough_tool_rod:0, Огнеслизнев. мощная рукоять
tconstruct:tough_tool_rod:0, Адокаменн. мощная рукоять
tconstruct:tough_tool_rod:0, Кобальтов. мощная рукоять
tconstruct:tough_tool_rod:0, Ардитов. мощная рукоять
tconstruct:tough_tool_rod:0, Маньюлинов. мощная рукоять
tconstruct:tough_tool_rod:0, Медн. мощная рукоять
tconstruct:tough_tool_rod:0, Бронзов. мощная рукоять
tconstruct:tough_tool_rod:0, Свинцов. мощная рукоять
tconstruct:tough_tool_rod:0, Серебрян. мощная рукоять
tconstruct:tough_tool_rod:0, Электрумов. мощная рукоять
tconstruct:tough_tool_rod:0, Стальн. мощная рукоять
tconstruct:tough_tool_rod:0, Magical Wooden мощная рукоять
tconstruct:tough_tool_rod:0, Evil Infused мощная рукоять
tconstruct:tough_tool_rod:0, Enchanted мощная рукоять
tconstruct:tough_tool_rod:0, Demonic мощная рукоять
tconstruct:tough_tool_rod:0, Treated Wood мощная рукоять
tconstruct:tough_tool_rod:0, Константан мощная рукоять
tconstruct:binding:0, Наэлектризованная крепление
tconstruct:binding:0, Энергетический крепление
tconstruct:binding:0, Вибрирующий крепление
tconstruct:binding:0, Красный крепление
tconstruct:binding:0, Проводящее крепление
tconstruct:binding:0, Пульсирующее крепление
tconstruct:binding:0, Тёмная крепление
tconstruct:binding:0, Душа крепление
tconstruct:binding:0, крепление из Края
tconstruct:binding:0, Fake-Iron крепление
tconstruct:binding:0, Деревянн. крепление
tconstruct:binding:0, Каменн. крепление
tconstruct:binding:0, Кремнев. крепление
tconstruct:binding:0, Кактусов. крепление
tconstruct:binding:0, Костян. крепление
tconstruct:binding:0, Обсидианов. крепление
tconstruct:binding:0, Призмаринов. крепление
tconstruct:binding:0, Эндеровск. крепление
tconstruct:binding:0, Бумажн. крепление
tconstruct:binding:0, Губочн. крепление
tconstruct:binding:0, Огнедерев. крепление
tconstruct:binding:0, Железн. крепление
tconstruct:binding:0, Свиностальн. крепление
tconstruct:binding:0, Слизестальн. крепление
tconstruct:binding:0, Слизнев. крепление
tconstruct:binding:0, Синеслизнев. крепление
tconstruct:binding:0, Огнеслизнев. крепление
tconstruct:binding:0, Адокаменн. крепление
tconstruct:binding:0, Кобальтов. крепление
tconstruct:binding:0, Ардитов. крепление
tconstruct:binding:0, Маньюлинов. крепление
tconstruct:binding:0, Медн. крепление
tconstruct:binding:0, Бронзов. крепление
tconstruct:binding:0, Свинцов. крепление
tconstruct:binding:0, Серебрян. крепление
tconstruct:binding:0, Электрумов. крепление
tconstruct:binding:0, Стальн. крепление
tconstruct:binding:0, Magical Wooden крепление
tconstruct:binding:0, Evil Infused крепление
tconstruct:binding:0, Enchanted крепление
tconstruct:binding:0, Demonic крепление
tconstruct:binding:0, Treated Wood крепление
tconstruct:binding:0, Константан крепление
tconstruct:tough_binding:0, Наэлектризованная мощное крепление
tconstruct:tough_binding:0, Энергетический мощное крепление
tconstruct:tough_binding:0, Вибрирующий мощное крепление
tconstruct:tough_binding:0, Красный мощное крепление
tconstruct:tough_binding:0, Проводящее мощное крепление
tconstruct:tough_binding:0, Пульсирующее мощное крепление
tconstruct:tough_binding:0, Тёмная мощное крепление
tconstruct:tough_binding:0, Душа мощное крепление
tconstruct:tough_binding:0, мощное крепление из Края
tconstruct:tough_binding:0, Fake-Iron мощное крепление
tconstruct:tough_binding:0, Деревянн. мощное крепление
tconstruct:tough_binding:0, Каменн. мощное крепление
tconstruct:tough_binding:0, Кремнев. мощное крепление
tconstruct:tough_binding:0, Кактусов. мощное крепление
tconstruct:tough_binding:0, Костян. мощное крепление
tconstruct:tough_binding:0, Обсидианов. мощное крепление
tconstruct:tough_binding:0, Призмаринов. мощное крепление
tconstruct:tough_binding:0, Эндеровск. мощное крепление
tconstruct:tough_binding:0, Бумажн. мощное крепление
tconstruct:tough_binding:0, Губочн. мощное крепление
tconstruct:tough_binding:0, Огнедерев. мощное крепление
tconstruct:tough_binding:0, Железн. мощное крепление
tconstruct:tough_binding:0, Свиностальн. мощное крепление
tconstruct:tough_binding:0, Слизестальн. мощное крепление
tconstruct:tough_binding:0, Слизнев. мощное крепление
tconstruct:tough_binding:0, Синеслизнев. мощное крепление
tconstruct:tough_binding:0, Огнеслизнев. мощное крепление
tconstruct:tough_binding:0, Адокаменн. мощное крепление
tconstruct:tough_binding:0, Кобальтов. мощное крепление
tconstruct:tough_binding:0, Ардитов. мощное крепление
tconstruct:tough_binding:0, Маньюлинов. мощное крепление
tconstruct:tough_binding:0, Медн. мощное крепление
tconstruct:tough_binding:0, Бронзов. мощное крепление
tconstruct:tough_binding:0, Свинцов. мощное крепление
tconstruct:tough_binding:0, Серебрян. мощное крепление
tconstruct:tough_binding:0, Электрумов. мощное крепление
tconstruct:tough_binding:0, Стальн. мощное крепление
tconstruct:tough_binding:0, Magical Wooden мощное крепление
tconstruct:tough_binding:0, Evil Infused мощное крепление
tconstruct:tough_binding:0, Enchanted мощное крепление
tconstruct:tough_binding:0, Demonic мощное крепление
tconstruct:tough_binding:0, Treated Wood мощное крепление
tconstruct:tough_binding:0, Константан мощное крепление
tconstruct:wide_guard:0, Наэлектризованная широкая карда
tconstruct:wide_guard:0, Энергетический широкая карда
tconstruct:wide_guard:0, Вибрирующий широкая карда
tconstruct:wide_guard:0, Красный широкая карда
tconstruct:wide_guard:0, Проводящее широкая карда
tconstruct:wide_guard:0, Пульсирующее широкая карда
tconstruct:wide_guard:0, Тёмная широкая карда
tconstruct:wide_guard:0, Душа широкая карда
tconstruct:wide_guard:0, широкая карда из Края
tconstruct:wide_guard:0, Fake-Iron широкая карда
tconstruct:wide_guard:0, Деревянн. широкая карда
tconstruct:wide_guard:0, Каменн. широкая карда
tconstruct:wide_guard:0, Кремнев. широкая карда
tconstruct:wide_guard:0, Кактусов. широкая карда
tconstruct:wide_guard:0, Костян. широкая карда
tconstruct:wide_guard:0, Обсидианов. широкая карда
tconstruct:wide_guard:0, Призмаринов. широкая карда
tconstruct:wide_guard:0, Эндеровск. широкая карда
tconstruct:wide_guard:0, Бумажн. широкая карда
tconstruct:wide_guard:0, Губочн. широкая карда
tconstruct:wide_guard:0, Огнедерев. широкая карда
tconstruct:wide_guard:0, Железн. широкая карда
tconstruct:wide_guard:0, Свиностальн. широкая карда
tconstruct:wide_guard:0, Слизестальн. широкая карда
tconstruct:wide_guard:0, Слизнев. широкая карда
tconstruct:wide_guard:0, Синеслизнев. широкая карда
tconstruct:wide_guard:0, Огнеслизнев. широкая карда
tconstruct:wide_guard:0, Адокаменн. широкая карда
tconstruct:wide_guard:0, Кобальтов. широкая карда
tconstruct:wide_guard:0, Ардитов. широкая карда
tconstruct:wide_guard:0, Маньюлинов. широкая карда
tconstruct:wide_guard:0, Медн. широкая карда
tconstruct:wide_guard:0, Бронзов. широкая карда
tconstruct:wide_guard:0, Свинцов. широкая карда
tconstruct:wide_guard:0, Серебрян. широкая карда
tconstruct:wide_guard:0, Электрумов. широкая карда
tconstruct:wide_guard:0, Стальн. широкая карда
tconstruct:wide_guard:0, Magical Wooden широкая карда
tconstruct:wide_guard:0, Evil Infused широкая карда
tconstruct:wide_guard:0, Enchanted широкая карда
tconstruct:wide_guard:0, Demonic широкая карда
tconstruct:wide_guard:0, Treated Wood широкая карда
tconstruct:wide_guard:0, Константан широкая карда
tconstruct:hand_guard:0, Наэлектризованная малая гарда
tconstruct:hand_guard:0, Энергетический малая гарда
tconstruct:hand_guard:0, Вибрирующий малая гарда
tconstruct:hand_guard:0, Красный малая гарда
tconstruct:hand_guard:0, Проводящее малая гарда
tconstruct:hand_guard:0, Пульсирующее малая гарда
tconstruct:hand_guard:0, Тёмная малая гарда
tconstruct:hand_guard:0, Душа малая гарда
tconstruct:hand_guard:0, малая гарда из Края
tconstruct:hand_guard:0, Fake-Iron малая гарда
tconstruct:hand_guard:0, Деревянн. малая гарда
tconstruct:hand_guard:0, Каменн. малая гарда
tconstruct:hand_guard:0, Кремнев. малая гарда
tconstruct:hand_guard:0, Кактусов. малая гарда
tconstruct:hand_guard:0, Костян. малая гарда
tconstruct:hand_guard:0, Обсидианов. малая гарда
tconstruct:hand_guard:0, Призмаринов. малая гарда
tconstruct:hand_guard:0, Эндеровск. малая гарда
tconstruct:hand_guard:0, Бумажн. малая гарда
tconstruct:hand_guard:0, Губочн. малая гарда
tconstruct:hand_guard:0, Огнедерев. малая гарда
tconstruct:hand_guard:0, Железн. малая гарда
tconstruct:hand_guard:0, Свиностальн. малая гарда
tconstruct:hand_guard:0, Слизестальн. малая гарда
tconstruct:hand_guard:0, Слизнев. малая гарда
tconstruct:hand_guard:0, Синеслизнев. малая гарда
tconstruct:hand_guard:0, Огнеслизнев. малая гарда
tconstruct:hand_guard:0, Адокаменн. малая гарда
tconstruct:hand_guard:0, Кобальтов. малая гарда
tconstruct:hand_guard:0, Ардитов. малая гарда
tconstruct:hand_guard:0, Маньюлинов. малая гарда
tconstruct:hand_guard:0, Медн. малая гарда
tconstruct:hand_guard:0, Бронзов. малая гарда
tconstruct:hand_guard:0, Свинцов. малая гарда
tconstruct:hand_guard:0, Серебрян. малая гарда
tconstruct:hand_guard:0, Электрумов. малая гарда
tconstruct:hand_guard:0, Стальн. малая гарда
tconstruct:hand_guard:0, Magical Wooden малая гарда
tconstruct:hand_guard:0, Evil Infused малая гарда
tconstruct:hand_guard:0, Enchanted малая гарда
tconstruct:hand_guard:0, Demonic малая гарда
tconstruct:hand_guard:0, Treated Wood малая гарда
tconstruct:hand_guard:0, Константан малая гарда
tconstruct:cross_guard:0, Наэлектризованная поперечная гарда
tconstruct:cross_guard:0, Энергетический поперечная гарда
tconstruct:cross_guard:0, Вибрирующий поперечная гарда
tconstruct:cross_guard:0, Красный поперечная гарда
tconstruct:cross_guard:0, Проводящее поперечная гарда
tconstruct:cross_guard:0, Пульсирующее поперечная гарда
tconstruct:cross_guard:0, Тёмная поперечная гарда
tconstruct:cross_guard:0, Душа поперечная гарда
tconstruct:cross_guard:0, поперечная гарда из Края
tconstruct:cross_guard:0, Fake-Iron поперечная гарда
tconstruct:cross_guard:0, Деревянн. поперечная гарда
tconstruct:cross_guard:0, Каменн. поперечная гарда
tconstruct:cross_guard:0, Кремнев. поперечная гарда
tconstruct:cross_guard:0, Кактусов. поперечная гарда
tconstruct:cross_guard:0, Костян. поперечная гарда
tconstruct:cross_guard:0, Обсидианов. поперечная гарда
tconstruct:cross_guard:0, Призмаринов. поперечная гарда
tconstruct:cross_guard:0, Эндеровск. поперечная гарда
tconstruct:cross_guard:0, Бумажн. поперечная гарда
tconstruct:cross_guard:0, Губочн. поперечная гарда
tconstruct:cross_guard:0, Огнедерев. поперечная гарда
tconstruct:cross_guard:0, Железн. поперечная гарда
tconstruct:cross_guard:0, Свиностальн. поперечная гарда
tconstruct:cross_guard:0, Слизестальн. поперечная гарда
tconstruct:cross_guard:0, Слизнев. поперечная гарда
tconstruct:cross_guard:0, Синеслизнев. поперечная гарда
tconstruct:cross_guard:0, Огнеслизнев. поперечная гарда
tconstruct:cross_guard:0, Адокаменн. поперечная гарда
tconstruct:cross_guard:0, Кобальтов. поперечная гарда
tconstruct:cross_guard:0, Ардитов. поперечная гарда
tconstruct:cross_guard:0, Маньюлинов. поперечная гарда
tconstruct:cross_guard:0, Медн. поперечная гарда
tconstruct:cross_guard:0, Бронзов. поперечная гарда
tconstruct:cross_guard:0, Свинцов. поперечная гарда
tconstruct:cross_guard:0, Серебрян. поперечная гарда
tconstruct:cross_guard:0, Электрумов. поперечная гарда
tconstruct:cross_guard:0, Стальн. поперечная гарда
tconstruct:cross_guard:0, Magical Wooden поперечная гарда
tconstruct:cross_guard:0, Evil Infused поперечная гарда
tconstruct:cross_guard:0, Enchanted поперечная гарда
tconstruct:cross_guard:0, Demonic поперечная гарда
tconstruct:cross_guard:0, Treated Wood поперечная гарда
tconstruct:cross_guard:0, Константан поперечная гарда
tconstruct:large_plate:0, Наэлектризованная большая пластина
tconstruct:large_plate:0, Энергетический большая пластина
tconstruct:large_plate:0, Вибрирующий большая пластина
tconstruct:large_plate:0, Красный большая пластина
tconstruct:large_plate:0, Проводящее большая пластина
tconstruct:large_plate:0, Пульсирующее большая пластина
tconstruct:large_plate:0, Тёмная большая пластина
tconstruct:large_plate:0, Душа большая пластина
tconstruct:large_plate:0, большая пластина из Края
tconstruct:large_plate:0, Fake-Iron большая пластина
tconstruct:large_plate:0, Деревянн. большая пластина
tconstruct:large_plate:0, Каменн. большая пластина
tconstruct:large_plate:0, Кремнев. большая пластина
tconstruct:large_plate:0, Кактусов. большая пластина
tconstruct:large_plate:0, Костян. большая пластина
tconstruct:large_plate:0, Обсидианов. большая пластина
tconstruct:large_plate:0, Призмаринов. большая пластина
tconstruct:large_plate:0, Эндеровск. большая пластина
tconstruct:large_plate:0, Бумажн. большая пластина
tconstruct:large_plate:0, Губочн. большая пластина
tconstruct:large_plate:0, Огнедерев. большая пластина
tconstruct:large_plate:0, Железн. большая пластина
tconstruct:large_plate:0, Свиностальн. большая пластина
tconstruct:large_plate:0, Слизестальн. большая пластина
tconstruct:large_plate:0, Слизнев. большая пластина
tconstruct:large_plate:0, Синеслизнев. большая пластина
tconstruct:large_plate:0, Огнеслизнев. большая пластина
tconstruct:large_plate:0, Адокаменн. большая пластина
tconstruct:large_plate:0, Кобальтов. большая пластина
tconstruct:large_plate:0, Ардитов. большая пластина
tconstruct:large_plate:0, Маньюлинов. большая пластина
tconstruct:large_plate:0, Медн. большая пластина
tconstruct:large_plate:0, Бронзов. большая пластина
tconstruct:large_plate:0, Свинцов. большая пластина
tconstruct:large_plate:0, Серебрян. большая пластина
tconstruct:large_plate:0, Электрумов. большая пластина
tconstruct:large_plate:0, Стальн. большая пластина
tconstruct:large_plate:0, Magical Wooden большая пластина
tconstruct:large_plate:0, Evil Infused большая пластина
tconstruct:large_plate:0, Enchanted большая пластина
tconstruct:large_plate:0, Demonic большая пластина
tconstruct:large_plate:0, Treated Wood большая пластина
tconstruct:large_plate:0, Константан большая пластина
tconstruct:knife_blade:0, Наэлектризованная лезвие ножа
tconstruct:knife_blade:0, Энергетический лезвие ножа
tconstruct:knife_blade:0, Вибрирующий лезвие ножа
tconstruct:knife_blade:0, Красный лезвие ножа
tconstruct:knife_blade:0, Проводящее лезвие ножа
tconstruct:knife_blade:0, Пульсирующее лезвие ножа
tconstruct:knife_blade:0, Тёмная лезвие ножа
tconstruct:knife_blade:0, Душа лезвие ножа
tconstruct:knife_blade:0, лезвие ножа из Края
tconstruct:knife_blade:0, Fake-Iron лезвие ножа
tconstruct:knife_blade:0, Деревянн. лезвие ножа
tconstruct:knife_blade:0, Каменн. лезвие ножа
tconstruct:knife_blade:0, Кремнев. лезвие ножа
tconstruct:knife_blade:0, Кактусов. лезвие ножа
tconstruct:knife_blade:0, Костян. лезвие ножа
tconstruct:knife_blade:0, Обсидианов. лезвие ножа
tconstruct:knife_blade:0, Призмаринов. лезвие ножа
tconstruct:knife_blade:0, Эндеровск. лезвие ножа
tconstruct:knife_blade:0, Бумажн. лезвие ножа
tconstruct:knife_blade:0, Губочн. лезвие ножа
tconstruct:knife_blade:0, Огнедерев. лезвие ножа
tconstruct:knife_blade:0, Железн. лезвие ножа
tconstruct:knife_blade:0, Свиностальн. лезвие ножа
tconstruct:knife_blade:0, Слизестальн. лезвие ножа
tconstruct:knife_blade:0, Слизнев. лезвие ножа
tconstruct:knife_blade:0, Синеслизнев. лезвие ножа
tconstruct:knife_blade:0, Огнеслизнев. лезвие ножа
tconstruct:knife_blade:0, Адокаменн. лезвие ножа
tconstruct:knife_blade:0, Кобальтов. лезвие ножа
tconstruct:knife_blade:0, Ардитов. лезвие ножа
tconstruct:knife_blade:0, Маньюлинов. лезвие ножа
tconstruct:knife_blade:0, Медн. лезвие ножа
tconstruct:knife_blade:0, Бронзов. лезвие ножа
tconstruct:knife_blade:0, Свинцов. лезвие ножа
tconstruct:knife_blade:0, Серебрян. лезвие ножа
tconstruct:knife_blade:0, Электрумов. лезвие ножа
tconstruct:knife_blade:0, Стальн. лезвие ножа
tconstruct:knife_blade:0, Magical Wooden лезвие ножа
tconstruct:knife_blade:0, Evil Infused лезвие ножа
tconstruct:knife_blade:0, Enchanted лезвие ножа
tconstruct:knife_blade:0, Demonic лезвие ножа
tconstruct:knife_blade:0, Treated Wood лезвие ножа
tconstruct:knife_blade:0, Константан лезвие ножа
tconstruct:bow_limb:0, Наэлектризованная плечо лука
tconstruct:bow_limb:0, Энергетический плечо лука
tconstruct:bow_limb:0, Вибрирующий плечо лука
tconstruct:bow_limb:0, Красный плечо лука
tconstruct:bow_limb:0, Проводящее плечо лука
tconstruct:bow_limb:0, Пульсирующее плечо лука
tconstruct:bow_limb:0, Тёмная плечо лука
tconstruct:bow_limb:0, Душа плечо лука
tconstruct:bow_limb:0, плечо лука из Края
tconstruct:bow_limb:0, Fake-Iron плечо лука
tconstruct:bow_limb:0, Деревянн. плечо лука
tconstruct:bow_limb:0, Каменн. плечо лука
tconstruct:bow_limb:0, Кремнев. плечо лука
tconstruct:bow_limb:0, Кактусов. плечо лука
tconstruct:bow_limb:0, Костян. плечо лука
tconstruct:bow_limb:0, Обсидианов. плечо лука
tconstruct:bow_limb:0, Призмаринов. плечо лука
tconstruct:bow_limb:0, Эндеровск. плечо лука
tconstruct:bow_limb:0, Бумажн. плечо лука
tconstruct:bow_limb:0, Губочн. плечо лука
tconstruct:bow_limb:0, Огнедерев. плечо лука
tconstruct:bow_limb:0, Железн. плечо лука
tconstruct:bow_limb:0, Свиностальн. плечо лука
tconstruct:bow_limb:0, Слизестальн. плечо лука
tconstruct:bow_limb:0, Слизнев. плечо лука
tconstruct:bow_limb:0, Синеслизнев. плечо лука
tconstruct:bow_limb:0, Огнеслизнев. плечо лука
tconstruct:bow_limb:0, Адокаменн. плечо лука
tconstruct:bow_limb:0, Кобальтов. плечо лука
tconstruct:bow_limb:0, Ардитов. плечо лука
tconstruct:bow_limb:0, Маньюлинов. плечо лука
tconstruct:bow_limb:0, Медн. плечо лука
tconstruct:bow_limb:0, Бронзов. плечо лука
tconstruct:bow_limb:0, Свинцов. плечо лука
tconstruct:bow_limb:0, Серебрян. плечо лука
tconstruct:bow_limb:0, Электрумов. плечо лука
tconstruct:bow_limb:0, Стальн. плечо лука
tconstruct:bow_limb:0, Magical Wooden плечо лука
tconstruct:bow_limb:0, Demonic плечо лука
tconstruct:bow_limb:0, Treated Wood плечо лука
tconstruct:bow_limb:0, Константан плечо лука
tconstruct:bow_string:0, Душа тетива
tconstruct:bow_string:0, Нитяная тетива
tconstruct:bow_string:0, Слизнелозная тетива
tconstruct:bow_string:0, material.slimevine_blue.prefix
tconstruct:bow_string:0, Из лозы тетива
tconstruct:bow_string:0, Волокно промышленной конопли тетива
tconstruct:arrow_head:0, Наэлектризованная наконечник
tconstruct:arrow_head:0, Энергетический наконечник
tconstruct:arrow_head:0, Вибрирующий наконечник
tconstruct:arrow_head:0, Красный наконечник
tconstruct:arrow_head:0, Проводящее наконечник
tconstruct:arrow_head:0, Пульсирующее наконечник
tconstruct:arrow_head:0, Тёмная наконечник
tconstruct:arrow_head:0, Душа наконечник
tconstruct:arrow_head:0, наконечник из Края
tconstruct:arrow_head:0, Fake-Iron наконечник
tconstruct:arrow_head:0, Деревянн. наконечник
tconstruct:arrow_head:0, Каменн. наконечник
tconstruct:arrow_head:0, Кремнев. наконечник
tconstruct:arrow_head:0, Кактусов. наконечник
tconstruct:arrow_head:0, Костян. наконечник
tconstruct:arrow_head:0, Обсидианов. наконечник
tconstruct:arrow_head:0, Призмаринов. наконечник
tconstruct:arrow_head:0, Эндеровск. наконечник
tconstruct:arrow_head:0, Бумажн. наконечник
tconstruct:arrow_head:0, Губочн. наконечник
tconstruct:arrow_head:0, Огнедерев. наконечник
tconstruct:arrow_head:0, Железн. наконечник
tconstruct:arrow_head:0, Свиностальн. наконечник
tconstruct:arrow_head:0, Слизестальн. наконечник
tconstruct:arrow_head:0, Слизнев. наконечник
tconstruct:arrow_head:0, Синеслизнев. наконечник
tconstruct:arrow_head:0, Огнеслизнев. наконечник
tconstruct:arrow_head:0, Адокаменн. наконечник
tconstruct:arrow_head:0, Кобальтов. наконечник
tconstruct:arrow_head:0, Ардитов. наконечник
tconstruct:arrow_head:0, Маньюлинов. наконечник
tconstruct:arrow_head:0, Медн. наконечник
tconstruct:arrow_head:0, Бронзов. наконечник
tconstruct:arrow_head:0, Свинцов. наконечник
tconstruct:arrow_head:0, Серебрян. наконечник
tconstruct:arrow_head:0, Электрумов. наконечник
tconstruct:arrow_head:0, Стальн. наконечник
tconstruct:arrow_head:0, Magical Wooden наконечник
tconstruct:arrow_head:0, Evil Infused наконечник
tconstruct:arrow_head:0, Enchanted наконечник
tconstruct:arrow_head:0, Demonic наконечник
tconstruct:arrow_head:0, Treated Wood наконечник
tconstruct:arrow_head:0, Константан наконечник
tconstruct:arrow_shaft:0, Деревянн. древко стрелы
tconstruct:arrow_shaft:0, Костян. древко стрелы
tconstruct:arrow_shaft:0, Огненное древко стрелы
tconstruct:arrow_shaft:0, Тростниковое древко стрелы
tconstruct:arrow_shaft:0, Ледяное древко стрелы
tconstruct:arrow_shaft:0, Стержня Края древко стрелы
tconstruct:arrow_shaft:0, Treated Wood древко стрелы
tconstruct:fletching:0, Перьевое оперение
tconstruct:fletching:0, Слизнелиственное оперение
tconstruct:fletching:0, material.slimeleaf_blue.prefix
tconstruct:fletching:0, material.slimeleaf_blue.prefix
tconstruct:fletching:0, Лиственное оперение
tconstruct:bolt_core:0, Дерево-Железо стержень болта
tconstruct:bolt_core:0, Кость-Железо стержень болта
tconstruct:bolt_core:0, Огненный стержень-Железо стержень болта
tconstruct:bolt_core:0, Тростник-Железо стержень болта
tconstruct:bolt_core:0, Лёд-Железо стержень болта
tconstruct:bolt_core:0, Стержень Края-Железо стержень болта
tconstruct:bolt_core:0, Treated Wood-Железо стержень болта
tconstruct:tooltables:0, Инженерный верстак
tconstruct:tooltables:1, Стол для вырезки схем
tconstruct:tooltables:1, Стол для вырезки схем
tconstruct:tooltables:1, Стол для вырезки схем
tconstruct:tooltables:1, Стол для вырезки схем
tconstruct:tooltables:1, Стол для вырезки схем
tconstruct:tooltables:1, Стол для вырезки схем
tconstruct:tooltables:1, Стол для вырезки схем
tconstruct:tooltables:1, Стол для вырезки схем
tconstruct:tooltables:1, Стол для вырезки схем
tconstruct:tooltables:1, Стол для вырезки схем
tconstruct:tooltables:1, Стол для вырезки схем
tconstruct:tooltables:1, Стол для вырезки схем
tconstruct:tooltables:1, Стол для вырезки схем
tconstruct:tooltables:1, Стол для вырезки схем
tconstruct:tooltables:1, Стол для вырезки схем
tconstruct:tooltables:1, Стол для вырезки схем
tconstruct:tooltables:1, Стол для вырезки схем
tconstruct:tooltables:1, Стол для вырезки схем
tconstruct:tooltables:1, Стол для вырезки схем
tconstruct:tooltables:1, Стол для вырезки схем
tconstruct:tooltables:1, Стол для вырезки схем
tconstruct:tooltables:1, Стол для вырезки схем
tconstruct:tooltables:1, Стол для вырезки схем
tconstruct:tooltables:1, Стол для вырезки схем
tconstruct:tooltables:1, Стол для вырезки схем
tconstruct:tooltables:1, Стол для вырезки схем
tconstruct:tooltables:1, Стол для вырезки схем
tconstruct:tooltables:1, Стол для вырезки схем
tconstruct:tooltables:1, Стол для вырезки схем
tconstruct:tooltables:1, Стол для вырезки схем
tconstruct:tooltables:1, Стол для вырезки схем
tconstruct:tooltables:1, Стол для вырезки схем
tconstruct:tooltables:1, Стол для вырезки схем
tconstruct:tooltables:1, Стол для вырезки схем
tconstruct:tooltables:1, Стол для вырезки схем
tconstruct:tooltables:1, Стол для вырезки схем
tconstruct:tooltables:1, Стол для вырезки схем
tconstruct:tooltables:1, Стол для вырезки схем
tconstruct:tooltables:1, Стол для вырезки схем
tconstruct:tooltables:1, Стол для вырезки схем
tconstruct:tooltables:1, Стол для вырезки схем
tconstruct:tooltables:1, Стол для вырезки схем
tconstruct:tooltables:1, Стол для вырезки схем
tconstruct:tooltables:1, Стол для вырезки схем
tconstruct:tooltables:1, Стол для вырезки схем
tconstruct:tooltables:1, Стол для вырезки схем
tconstruct:tooltables:1, Стол для вырезки схем
tconstruct:tooltables:1, Стол для вырезки схем
tconstruct:tooltables:1, Стол для вырезки схем
tconstruct:tooltables:1, Стол для вырезки схем
tconstruct:tooltables:1, Стол для вырезки схем
tconstruct:tooltables:1, Стол для вырезки схем
tconstruct:tooltables:1, Стол для вырезки схем
tconstruct:tooltables:1, Стол для вырезки схем
tconstruct:tooltables:1, Стол для вырезки схем
tconstruct:tooltables:1, Стол для вырезки схем
tconstruct:tooltables:1, Стол для вырезки схем
tconstruct:tooltables:1, Стол для вырезки схем
tconstruct:tooltables:1, Стол для вырезки схем
tconstruct:tooltables:1, Стол для вырезки схем
tconstruct:tooltables:1, Стол для вырезки схем
tconstruct:tooltables:1, Стол для вырезки схем
tconstruct:tooltables:1, Стол для вырезки схем
tconstruct:tooltables:1, Стол для вырезки схем
tconstruct:tooltables:1, Стол для вырезки схем
tconstruct:tooltables:1, Стол для вырезки схем
tconstruct:tooltables:1, Стол для вырезки схем
tconstruct:tooltables:1, Стол для вырезки схем
tconstruct:tooltables:1, Стол для вырезки схем
tconstruct:tooltables:1, Стол для вырезки схем
tconstruct:tooltables:1, Стол для вырезки схем
tconstruct:tooltables:1, Стол для вырезки схем
tconstruct:tooltables:1, Стол для вырезки схем
tconstruct:tooltables:1, Стол для вырезки схем
tconstruct:tooltables:1, Стол для вырезки схем
tconstruct:tooltables:1, Стол для вырезки схем
tconstruct:tooltables:1, Стол для вырезки схем
tconstruct:tooltables:1, Стол для вырезки схем
tconstruct:tooltables:1, Стол для вырезки схем
tconstruct:tooltables:1, Стол для вырезки схем
tconstruct:tooltables:1, Стол для вырезки схем
tconstruct:tooltables:1, Стол для вырезки схем
tconstruct:tooltables:1, Стол для вырезки схем
tconstruct:tooltables:1, Стол для вырезки схем
tconstruct:tooltables:1, Стол для вырезки схем
tconstruct:tooltables:1, Стол для вырезки схем
tconstruct:tooltables:1, Стол для вырезки схем
tconstruct:tooltables:1, Стол для вырезки схем
tconstruct:tooltables:1, Стол для вырезки схем
tconstruct:tooltables:1, Стол для вырезки схем
tconstruct:tooltables:1, Стол для вырезки схем
tconstruct:tooltables:1, Стол для вырезки схем
tconstruct:tooltables:1, Стол для вырезки схем
tconstruct:tooltables:1, Стол для вырезки схем
tconstruct:tooltables:1, Стол для вырезки схем
tconstruct:tooltables:1, Стол для вырезки схем
tconstruct:tooltables:1, Стол для вырезки схем
tconstruct:tooltables:1, Стол для вырезки схем
tconstruct:tooltables:1, Стол для вырезки схем
tconstruct:tooltables:1, Стол для вырезки схем
tconstruct:tooltables:1, Стол для вырезки схем
tconstruct:tooltables:1, Стол для вырезки схем
tconstruct:tooltables:1, Стол для вырезки схем
tconstruct:tooltables:1, Стол для вырезки схем
tconstruct:tooltables:1, Стол для вырезки схем
tconstruct:tooltables:1, Стол для вырезки схем
tconstruct:tooltables:1, Стол для вырезки схем
tconstruct:tooltables:4, Ящик для схем
tconstruct:tooltables:2, Стол для вырезки частей
tconstruct:tooltables:2, Стол для вырезки частей
tconstruct:tooltables:2, Стол для вырезки частей
tconstruct:tooltables:2, Стол для вырезки частей
tconstruct:tooltables:2, Стол для вырезки частей
tconstruct:tooltables:2, Стол для вырезки частей
tconstruct:tooltables:2, Стол для вырезки частей
tconstruct:tooltables:2, Стол для вырезки частей
tconstruct:tooltables:2, Стол для вырезки частей
tconstruct:tooltables:2, Стол для вырезки частей
tconstruct:tooltables:2, Стол для вырезки частей
tconstruct:tooltables:2, Стол для вырезки частей
tconstruct:tooltables:2, Стол для вырезки частей
tconstruct:tooltables:2, Стол для вырезки частей
tconstruct:tooltables:5, Ящик для частей
tconstruct:tooltables:3, Инженерная станция
tconstruct:toolforge:0, Кузня
tconstruct:toolforge:0, Кузня
tconstruct:toolforge:0, Кузня
tconstruct:toolforge:0, Кузня
tconstruct:toolforge:0, Кузня
tconstruct:toolforge:0, Кузня
tconstruct:toolforge:0, Кузня
tconstruct:toolforge:0, Кузня
tconstruct:toolforge:0, Кузня
tconstruct:toolforge:0, Кузня
tconstruct:toolforge:0, Кузня
tconstruct:toolforge:0, Кузня
tconstruct:toolforge:0, Кузня
tconstruct:toolforge:0, Кузня
tconstruct:toolforge:0, Кузня
tconstruct:toolforge:0, Кузня
tconstruct:toolforge:0, Кузня
tconstruct:toolforge:0, Кузня
tconstruct:toolforge:0, Кузня
tconstruct:toolforge:0, Кузня
tconstruct:toolforge:0, Кузня
tconstruct:toolforge:0, Кузня
tconstruct:toolforge:0, Кузня
tconstruct:toolforge:0, Кузня
tconstruct:toolforge:0, Кузня
tconstruct:toolforge:0, Кузня
tconstruct:toolforge:0, Кузня
tconstruct:toolforge:0, Кузня
tconstruct:toolforge:0, Кузня
tconstruct:toolforge:0, Кузня
tconstruct:toolforge:0, Кузня
tconstruct:pickaxe, кирка
tconstruct:shovel, лопата
tconstruct:hatchet, топор
tconstruct:mattock, мотыготопор
tconstruct:kama, Kama
tconstruct:hammer, молот
tconstruct:excavator, большая лопата
tconstruct:lumberaxe, большой топор
tconstruct:scythe, коса
tconstruct:broadsword, палаш
tconstruct:longsword, меч
tconstruct:rapier, рапира
tconstruct:frypan, сковорода
tconstruct:battlesign, боевая табличка
tconstruct:cleaver, гигантский меч
tconstruct:shortbow, короткий лук
tconstruct:longbow, длинный лук
tconstruct:crossbow, арбалет
tconstruct:arrow, стрела
tconstruct:bolt, болт
tconstruct:shuriken, сюрикен
tconstruct:seared:0, Сушёный камень
tconstruct:seared:1, Сушёный булыжник
tconstruct:seared:2, Сушёная плитка
tconstruct:seared:3, Сушёная кладка
tconstruct:seared:4, Сушёная кладка (трещины)
tconstruct:seared:5, Сушёная кладка (орнамент)
tconstruct:seared:6, Сушёная кладка (узор)
tconstruct:seared:7, Сушёная дорога
tconstruct:seared:8, Сушёная кладка (крипер)
tconstruct:seared:9, Сушёная кладка (треугольник)
tconstruct:seared:10, Сушёная кладка (малая)
tconstruct:seared:11, Сушёные мини-плитки
tconstruct:smeltery_controller:0, Контроллер плавильни
tconstruct:seared_tank:0, Сушёный резервуар
tconstruct:seared_tank:1, Сушёный мерный резервуар
tconstruct:seared_tank:2, Сушёное окно
tconstruct:faucet:0, Горн
tconstruct:channel:0, Casting Channel
tconstruct:casting:0, Стол отливок
tconstruct:casting:1, Резервуар отливок
tconstruct:smeltery_io:0, Слив плавильни
tconstruct:seared_glass:0, Сушёное стекло
tconstruct:seared_furnace_controller:0, Контроллер печи
tconstruct:tinker_tank_controller:0, Контроллер цистерны
tconstruct:seared_slab:0, Сушёная плита (камень)
tconstruct:seared_slab:1, Сушёная плита (булыжник)
tconstruct:seared_slab:2, Сушёная плита (плитка)
tconstruct:seared_slab:3, Сушёная плита (кладка)
tconstruct:seared_slab:4, Сушёная плита (кладка-трещины)
tconstruct:seared_slab:5, Сушёная плита (кладка-орнамент)
tconstruct:seared_slab:6, Сушёная плита (кладка-узор)
tconstruct:seared_slab:7, Сушёная плита (дорога)
tconstruct:seared_slab2:0, Сушёная плита (кладка-крипер)
tconstruct:seared_slab2:1, Сушёная плита (кладка-треугольник)
tconstruct:seared_slab2:2, Сушёная плита (малая кладка)
tconstruct:seared_slab2:3, Сушёная плита (мини-плитка)
tconstruct:seared_stairs_stone:0, Сушёные ступеньки (камень)
tconstruct:seared_stairs_cobble:0, Сушёные ступеньки (булыжник)
tconstruct:seared_stairs_paver:0, Сушёные ступеньки (плитка)
tconstruct:seared_stairs_brick:0, Сушёные ступеньки (кладка)
tconstruct:seared_stairs_brick_cracked:0, Сушёные ступеньки (кладка-трещины)
tconstruct:seared_stairs_brick_fancy:0, Сушёные ступеньки (кладка-орнамент)
tconstruct:seared_stairs_brick_square:0, Сушёные ступеньки (кладка-узор)
tconstruct:seared_stairs_brick_triangle:0, Сушёные ступеньки (кладка-треугольник)
tconstruct:seared_stairs_brick_small:0, Сушёные ступеньки (малая кладка)
tconstruct:seared_stairs_road:0, Сушёные ступеньки (дорога)
tconstruct:seared_stairs_tile:0, Сушёные ступеньки (мини-плитка)
tconstruct:seared_stairs_creeper:0, Сушёные ступеньки (кладка-крипер)
tconstruct:cast:0, Пустая отливка
tconstruct:cast:0, Отливка - лезвие ножа
tconstruct:cast:0, Отливка - полотно лопаты
tconstruct:cast:0, Отливка - широкое лезвие меча
tconstruct:cast:0, Отливка - осколок
tconstruct:cast:0, Отливка - оселок
tconstruct:cast:0, Отливка - наконечник
tconstruct:cast:0, Отливка - большое полотно лопаты
tconstruct:cast:0, Отливка - навершие кирки
tconstruct:cast:0, Отливка - боёк молота
tconstruct:cast:0, Отливка - малая гарда
tconstruct:cast:0, Отливка - мощная рукоять
tconstruct:cast:0, Отливка - табличка
tconstruct:cast:0, Отливка - крепление
tconstruct:cast:0, Отливка - широкая карда
tconstruct:cast:0, Отливка - плечо лука
tconstruct:cast:0, Отливка - полотно сковороды
tconstruct:cast:0, Отливка - тетива
tconstruct:cast:0, Отливка - рукоять
tconstruct:cast:0, Отливка - лезвие меча
tconstruct:cast:0, Отливка - лезвие топора
tconstruct:cast:0, Отливка - навершие косы
tconstruct:cast:0, Отливка - большое лезвие топора
tconstruct:cast:0, Отливка - большая пластина
tconstruct:cast:0, Отливка - мощное крепление
tconstruct:cast:0, Отливка - Kama Head
tconstruct:cast:0, Отливка - поперечная гарда
tconstruct:cast_custom:0, Отливка слитка
tconstruct:cast_custom:1, Отливка самородка
tconstruct:cast_custom:2, Отливка камня
tconstruct:cast_custom:3, Отливка пластины
tconstruct:cast_custom:4, Отливка шестерни
tconstruct:clay_cast:0, item.tconstruct.clay_cast.blank
tconstruct:clay_cast:0, Глиняная отливка - лезвие ножа
tconstruct:clay_cast:0, Глиняная отливка - полотно лопаты
tconstruct:clay_cast:0, Глиняная отливка - широкое лезвие меча
tconstruct:clay_cast:0, Глиняная отливка - осколок
tconstruct:clay_cast:0, Глиняная отливка - оселок
tconstruct:clay_cast:0, Глиняная отливка - наконечник
tconstruct:clay_cast:0, Глиняная отливка - большое полотно лопаты
tconstruct:clay_cast:0, Глиняная отливка - навершие кирки
tconstruct:clay_cast:0, Глиняная отливка - боёк молота
tconstruct:clay_cast:0, Глиняная отливка - малая гарда
tconstruct:clay_cast:0, Глиняная отливка - мощная рукоять
tconstruct:clay_cast:0, Глиняная отливка - табличка
tconstruct:clay_cast:0, Глиняная отливка - крепление
tconstruct:clay_cast:0, Глиняная отливка - широкая карда
tconstruct:clay_cast:0, Глиняная отливка - плечо лука
tconstruct:clay_cast:0, Глиняная отливка - полотно сковороды
tconstruct:clay_cast:0, Глиняная отливка - тетива
tconstruct:clay_cast:0, Глиняная отливка - рукоять
tconstruct:clay_cast:0, Глиняная отливка - лезвие меча
tconstruct:clay_cast:0, Глиняная отливка - лезвие топора
tconstruct:clay_cast:0, Глиняная отливка - навершие косы
tconstruct:clay_cast:0, Глиняная отливка - большое лезвие топора
tconstruct:clay_cast:0, Глиняная отливка - большая пластина
tconstruct:clay_cast:0, Глиняная отливка - мощное крепление
tconstruct:clay_cast:0, Глиняная отливка - Kama Head
tconstruct:clay_cast:0, Глиняная отливка - поперечная гарда
tconstruct:stone_torch:0, Каменный факел
tconstruct:stone_ladder:0, Каменная лестница
tconstruct:punji:0, Тростниковые колья
tconstruct:rack:0, Вешалка
tconstruct:rack:1, Сушилка
tconstruct:wood_rail:0, Деревянные рельсы
tconstruct:wood_rail_trapdoor:0, Деревянные рельсы с люком
tconstruct:wooden_hopper:0, Деревянная загрузочная воронка
tconstruct:slime_channel:0, Жёлоб из зелёной слизи
tconstruct:slime_channel:1, Жёлоб из синей слизи
tconstruct:slime_channel:2, Жёлоб из фиолетовой слизи
tconstruct:slime_channel:3, Жёлоб из крови
tconstruct:slime_channel:4, Жёлоб из огненной слизи
tconstruct:dried_clay:0, Сушёная глина
tconstruct:dried_clay:1, Кирпичи из сушёной глины
tconstruct:dried_clay_slab:0, Плита из сушёной глины
tconstruct:dried_clay_slab:1, Кирпичная плита из сушёной глины
tconstruct:dried_clay_stairs:0, Ступеньки из сушёной глины
tconstruct:dried_brick_stairs:0, Кирпичные ступеньки из сушёной глины
tconstruct:brownstone:0, Гладкий браунстоун
tconstruct:brownstone:1, Грубый браунстоун
tconstruct:brownstone:2, Плитки из браунстоуна
tconstruct:brownstone:3, Кладка из браунстоуна
tconstruct:brownstone:4, Кладка из браунстоуна (трещины)
tconstruct:brownstone:5, Кладка из браунстоуна (орнамент)
tconstruct:brownstone:6, Кладка из браунстоуна (узор)
tconstruct:brownstone:7, Дорога из браунстоуна
tconstruct:brownstone:8, Кладка из браунстоуна (крипер)
tconstruct:brownstone:9, Кладка из браунстоуна (треугольник)
tconstruct:brownstone:10, Кладка из браунстоуна (малая)
tconstruct:brownstone:11, Мини-плитка из браунстоуна
tconstruct:brownstone_slab:0, Гладкая плита из браунстоуна
tconstruct:brownstone_slab:1, Грубая плита из браунстоуна
tconstruct:brownstone_slab:2, Плита из браунстоуна (плитка)
tconstruct:brownstone_slab:3, Плита из браунстоуна (кладка)
tconstruct:brownstone_slab:4, Плита из браунстоуна (кладка-трещины)
tconstruct:brownstone_slab:5, Плита из браунстоуна (кладка-орнамент)
tconstruct:brownstone_slab:6, Плита из браунстоуна (кладка-узор)
tconstruct:brownstone_slab:7, Плита из браунстоуна (дорога)
tconstruct:brownstone_slab2:0, Плита из браунстоуна (кладка-крипер)
tconstruct:brownstone_slab2:1, Плита из браунстоуна (кладка-треугольник)
tconstruct:brownstone_slab2:2, Плита из браунстоуна (малая кладка)
tconstruct:brownstone_slab2:3, Плита из браунстоуна (мини-плитка)
tconstruct:brownstone_stairs_smooth:0, Гладкие ступеньки из браунстоуна
tconstruct:brownstone_stairs_rough:0, Грубые ступеньки из браунстоуна
tconstruct:brownstone_stairs_paver:0, Ступеньки из браунстоуна (плитка)
tconstruct:brownstone_stairs_brick:0, Ступеньки из браунстоуна (кладка)
tconstruct:brownstone_stairs_brick_cracked:0, Ступеньки из браунстоуна (кладка-трещины)
tconstruct:brownstone_stairs_brick_fancy:0, Ступеньки из браунстоуна (кладка-орнамент)
tconstruct:brownstone_stairs_brick_square:0, Ступеньки из браунстоуна (кладка-узор)
tconstruct:brownstone_stairs_brick_triangle:0, Ступеньки из браунстоуна (кладка-треугольник)
tconstruct:brownstone_stairs_brick_small:0, Ступеньки из браунстоуна (малая кладка)
tconstruct:brownstone_stairs_road:0, Ступеньки из браунстоуна (дорога)
tconstruct:brownstone_stairs_tile:0, Ступеньки из браунстоуна (мини-плитка)
tconstruct:brownstone_stairs_creeper:0, Ступеньки из браунстоуна (кладка-крипер)
tconstruct:slimesling:0, Slimesling
tconstruct:slimesling:1, Slimesling
tconstruct:slimesling:2, Slimesling
tconstruct:slimesling:3, Congealed Bloodsling
tconstruct:slimesling:4, Slimesling
tconstruct:slime_boots:0, Синеслизневые ботинки
tconstruct:slime_boots:1, Зелёнослизневые ботинки
tconstruct:slime_boots:2, Фиолетослизневые ботинки
tconstruct:slime_boots:3, Кровавые ботинки
tconstruct:slime_boots:4, Огнеслизневые ботинки
tconstruct:piggybackpack, Рюкзак-седло
tconstruct:throwball:0, Светоснежок
tconstruct:throwball:1, EFLN
tconstruct:stone_stick, Каменный стержень
tconstruct:fancy_frame:0, Красивая рамка
tconstruct:fancy_frame:1, Рамка из алюминиевой латуни
tconstruct:fancy_frame:2, Рамка из кобальта
tconstruct:fancy_frame:3, Рамка из ардита
tconstruct:fancy_frame:4, Рамка из маньюлина
tconstruct:fancy_frame:5, Золотая рамка
tconstruct:fancy_frame:6, Стеклянная рамка
tconstruct:moms_spaghetti, Мамины спагетти
galacticraftcore:fuel, Топливо
galacticraftcore:bucket_fuel, Ведро топлива
galacticraftcore:landing_pad:0, Взлётная площадка
galacticraftcore:landing_pad:1, Заправочная платформа для багги
galacticraftcore:landing_pad_full, Взлётная площадка
galacticraftcore:unlit_torch, Факел
galacticraftcore:unlit_torch_lit, Факел
galacticraftcore:distributor, Распределитель кислородного пузыря
galacticraftcore:collector, Кислородный сборщик
galacticraftcore:oxygen_compressor:0, Кислородный компрессор
galacticraftcore:oxygen_compressor:4, Кислородный декомпрессор
galacticraftcore:sealer, Герметизатор кислорода
galacticraftcore:oxygen_detector, Кислородный датчик
galacticraftcore:aluminum_wire:0, Алюминиевый провод
galacticraftcore:aluminum_wire:1, Толстый алюминиевый провод
galacticraftcore:aluminum_wire:2, Управляемый алюминиевый провод
galacticraftcore:aluminum_wire:3, Управляемый толстый алюминиевый провод
galacticraftcore:fluid_pipe, Жидкостная труба
galacticraftcore:fluid_pipe_pull, Жидкостная труба
galacticraftcore:refinery, Очистительный завод
galacticraftcore:fuel_loader, Загрузчик топлива
galacticraftcore:cargo:0, Грузовой загрузчик
galacticraftcore:cargo:4, Грузовой разгрузчик
galacticraftcore:rocket_workbench, Верстак NASA
galacticraftcore:compact_workbench, Компактный верстак NASA
galacticraftcore:basic_block_core:3, Декоративный оловянный блок
galacticraftcore:basic_block_core:4, Декоративный оловянный блок
galacticraftcore:basic_block_core:5, Медная руда
galacticraftcore:basic_block_core:6, Оловянная руда
galacticraftcore:basic_block_core:7, Алюминиевая руда
galacticraftcore:basic_block_core:8, Кремниевая руда
galacticraftcore:basic_block_core:9, Медный блок
galacticraftcore:basic_block_core:10, Оловянный блок
galacticraftcore:basic_block_core:11, Алюминиевый блок
galacticraftcore:basic_block_core:12, Блок метеоритного железа
galacticraftcore:basic_block_core:13, Кремниевый блок
galacticraftcore:air_lock_frame:0, Каркас воздушного шлюза
galacticraftcore:air_lock_frame:1, Контроллер воздушного шлюза
galacticraftcore:air_lock_seal, Уплотнитель воздушного шлюза
galacticraftcore:space_glass_clear:0, Вакуумное стекло (прозрачное)
galacticraftcore:space_glass_clear:1, Вакуумное стекло (прозрачное)
galacticraftcore:space_glass_vanilla:0, Вакуумное стекло
galacticraftcore:space_glass_vanilla:1, Вакуумное стекло
galacticraftcore:space_glass_strong:0, Вакуумное стекло (прочное)
galacticraftcore:space_glass_strong:1, Вакуумное стекло (прочное)
galacticraftcore:magnetic_table, Магнитный верстак
galacticraftcore:enclosed:14, Герметичный алюминиевый провод
galacticraftcore:enclosed:15, Герметичный толстый алюминиевый провод
galacticraftcore:enclosed:1, Герметичная жидкостная труба
galacticraftcore:enclosed:2, Герметичный медный провод
galacticraftcore:enclosed:3, Герметичный золотой провод
galacticraftcore:enclosed:0, Герметичный высоковольтный провод
galacticraftcore:enclosed:5, Герметичный стекловолоконный провод
galacticraftcore:enclosed:6, Герметичный оловянный провод
galacticraftcore:space_station_base, Основание космической станции
galacticraftcore:parachest, Сундук с парашютом
galacticraftcore:solar:0, Основная солнечная панель
galacticraftcore:solar:4, Улучшенная солнечная панель
galacticraftcore:dishbase, Антенна связи
galacticraftcore:machine:0, Угольный генератор
galacticraftcore:machine:12, Компрессор
galacticraftcore:machine2:0, Электрический компрессор
galacticraftcore:machine2:4, Производитель микросхем
galacticraftcore:machine2:8, Хранилище кислорода
galacticraftcore:machine2:12, Деконструктор
galacticraftcore:machine3:0, Художник
galacticraftcore:machine_tiered:0, Хранилище энергии
galacticraftcore:machine_tiered:4, Электропечь
galacticraftcore:machine_tiered:8, Энергетический массив
galacticraftcore:machine_tiered:12, Электрическая дуговая печь
galacticraftcore:machine4:0, Улучшенный компрессор
galacticraftcore:panel_lighting:0, Светящаяся панель (квадратная)
galacticraftcore:panel_lighting:1, Светящаяся панель (точечная)
galacticraftcore:panel_lighting:2, Светящаяся панель (линейная)
galacticraftcore:panel_lighting:3, Светящаяся панель (тёмная)
galacticraftcore:panel_lighting:4, Светящаяся панель (тёмная)
galacticraftcore:glowstone_torch, Факел из светящегося камня
galacticraftcore:fallen_meteor, Упавший метеорит
galacticraftcore:basic_block_moon:0, Медная руда
galacticraftcore:basic_block_moon:1, Оловянная руда
galacticraftcore:basic_block_moon:2, Сырная руда
galacticraftcore:basic_block_moon:3, Лунный грунт
galacticraftcore:basic_block_moon:4, Лунный камень
galacticraftcore:basic_block_moon:5, Лунный реголит
galacticraftcore:basic_block_moon:6, Сапфировая руда
galacticraftcore:basic_block_moon:14, Кирпич лунной сокровищницы
galacticraftcore:cheese, Блок сыра
galacticraftcore:spin_thruster, Вращающий двигатель
galacticraftcore:view_screen, Экран отображения
galacticraftcore:telemetry, Телеметрический блок
galacticraftcore:arclamp, Дуговая лампа
galacticraftcore:treasure_chest, Сундук с сокровищами
galacticraftcore:fluid_tank, Жидкостный резервуар
galacticraftcore:boss_spawner, tile.boss_spawner.name
galacticraftcore:tin_stairs_1, Декоративные оловянные ступеньки
galacticraftcore:tin_stairs_2, Декоративные оловянные ступеньки
galacticraftcore:moon_stairs_stone, Ступеньки из лунного камня
galacticraftcore:moon_stairs_brick, Ступеньки из кирпича лунной сокровищницы
galacticraftcore:wall_gc:0, Декоративная оловянная стена
galacticraftcore:wall_gc:1, Декоративная оловянная стена
galacticraftcore:wall_gc:2, Стена из лунного камня
galacticraftcore:wall_gc:3, Стена из кирпича лунной сокровищницы
galacticraftcore:wall_gc:4, Стена из марсианского булыжника
galacticraftcore:wall_gc:5, Стена из кирпича марсианской сокровищницы
galacticraftcore:slab_gc_half:0, Декоративная оловянная плита
galacticraftcore:slab_gc_half:1, Декоративная оловянная плита
galacticraftcore:slab_gc_half:2, Плита из лунного камня
galacticraftcore:slab_gc_half:3, Плита из кирпича лунной сокровищницы
galacticraftcore:slab_gc_half:4, Плита из марсианского булыжника
galacticraftcore:slab_gc_half:5, Плита из кирпича марсианской сокровищницы
galacticraftcore:slab_gc_half:6, Тёмная декоративная плита
galacticraftcore:slab_gc_double:0, tile.slab_gc_double.tin_slab_1.name
galacticraftcore:slab_gc_double:1, tile.slab_gc_double.tin_slab_2.name
galacticraftcore:slab_gc_double:2, tile.slab_gc_double.moon_slab.name
galacticraftcore:slab_gc_double:3, tile.slab_gc_double.moon_bricks_slab.name
galacticraftcore:slab_gc_double:4, tile.slab_gc_double.mars_slab.name
galacticraftcore:slab_gc_double:5, tile.slab_gc_double.mars_bricks_slab.name
galacticraftcore:slab_gc_double:6, tile.slab_gc_double.asteroids_slab.name
galacticraftcore:concealed_redstone, Скрытый красный провод
galacticraftcore:concealed_repeater_pow, tile.concealed_repeater_pow.name
galacticraftcore:concealed_repeater, Скрытый повторитель красного камня
galacticraftcore:concealed_detector, Детектор игроков
galacticraftcore:platform, Гидравлическая платформа
galacticraftcore:emergency_box:0, Спасательная станция
galacticraftcore:emergency_box:1, Спасательная станция (с Самоспасателем)
galacticraftcore:grating, Решётка
galacticraftcore:rocket_t1:0, Ракета 1-го уровня
galacticraftcore:rocket_t1:1, Ракета 1-го уровня
galacticraftcore:rocket_t1:2, Ракета 1-го уровня
galacticraftcore:rocket_t1:3, Ракета 1-го уровня
galacticraftcore:rocket_t1:4, Ракета 1-го уровня
galacticraftcore:oxygen_mask, Кислородная маска
galacticraftcore:oxygen_gear, Кислородное оборудование
galacticraftcore:oxygen_tank_light_full, Малый кислородный баллон
galacticraftcore:oxygen_tank_med_full, Средний кислородный баллон
galacticraftcore:oxygen_tank_heavy_full, Большой кислородный баллон
galacticraftcore:infinite_oxygen, Бесконечный кислородный баллон
galacticraftcore:sensor_lens, Сенсорные линзы
galacticraftcore:sensor_glasses, Очки с сенсорами
galacticraftcore:standard_wrench, Обычный гаечный ключ
galacticraftcore:steel_pickaxe, Стальная кирка
galacticraftcore:steel_axe, Стальной топор
galacticraftcore:steel_hoe, Стальная мотыга
galacticraftcore:steel_shovel, Стальная лопата
galacticraftcore:steel_sword, Стальной меч
galacticraftcore:steel_helmet, Стальной шлем
galacticraftcore:steel_chestplate, Стальной нагрудник
galacticraftcore:steel_leggings, Стальные поножи
galacticraftcore:steel_boots, Стальные ботинки
galacticraftcore:canister:0, Оловянная канистра
galacticraftcore:canister:1, Медная канистра
galacticraftcore:air_vent, Вентиляционный клапан
galacticraftcore:air_fan, Вентилятор
galacticraftcore:oxygen_concentrator, Кислородный концентратор
galacticraftcore:engine:0, Ракетный двигатель 1-го уровня
galacticraftcore:engine:1, Ускоритель 1-го уровня
galacticraftcore:heavy_plating, Сверхпрочная пластина
galacticraftcore:nose_cone, Головной обтекатель
galacticraftcore:rocket_fins, Ракетный стабилизатор
galacticraftcore:steel_pole, Стальной шест
galacticraftcore:canvas, Холст
galacticraftcore:oil_canister_partial:1001, Пустая жидкостная канистра
galacticraftcore:oil_canister_partial:1, Полная канистра нефти
galacticraftcore:fuel_canister_partial:1, Полная канистра топлива
galacticraftcore:schematic:0, Схема для верстака NASA
galacticraftcore:schematic:1, Схема для верстака NASA
galacticraftcore:key:0, Ключ от подземелья 1-го уровня
galacticraftcore:buggymat:0, Колесо багги
galacticraftcore:buggymat:1, Сиденье багги
galacticraftcore:buggymat:2, Контейнер багги
galacticraftcore:buggy, Багги
galacticraftcore:basic_item:0, Одиночный солнечный модуль
galacticraftcore:basic_item:1, Целая солнечная панель
galacticraftcore:basic_item:2, Неочищенный кремний
galacticraftcore:basic_item:3, Медный слиток
galacticraftcore:basic_item:4, Оловянный слиток
galacticraftcore:basic_item:5, Алюминиевый слиток
galacticraftcore:basic_item:6, Сжатая медь
galacticraftcore:basic_item:7, Сжатое олово
galacticraftcore:basic_item:8, Сжатый алюминий
galacticraftcore:basic_item:9, Сжатая сталь
galacticraftcore:basic_item:10, Сжатая бронза
galacticraftcore:basic_item:11, Сжатое железо
galacticraftcore:basic_item:12, Синяя солнечная полупроводниковая пластина
galacticraftcore:basic_item:13, Основная полупроводниковая пластина
galacticraftcore:basic_item:14, Улучшенная полупроводниковая пластина
galacticraftcore:basic_item:19, Частотный модуль
galacticraftcore:basic_item:20, Тепловой контроллер
galacticraftcore:food:0, Консервированная еда
galacticraftcore:food:1, Консервированная еда
galacticraftcore:food:2, Консервированная еда
galacticraftcore:food:3, Консервированная еда
galacticraftcore:food:9, Говяжья тушёнка
galacticraftcore:food:4, Ломтик сыра
galacticraftcore:food:5, Булочка для бургера
galacticraftcore:food:6, Говяжий фарш
galacticraftcore:food:7, Говяжья котлета
galacticraftcore:food:8, Чизбургер
galacticraftcore:battery, Аккумулятор
galacticraftcore:infinite_battery, Бесконечный аккумулятор
galacticraftcore:meteor_chunk:0, Бросаемый метеоритный кусок
galacticraftcore:meteor_chunk:1, Бросаемый метеоритный кусок
galacticraftcore:cheese_curd, Сырок
galacticraftcore:meteoric_iron_raw, Необработанное метеоритное железо
galacticraftcore:item_basic_moon:0, Слиток метеоритного железа
galacticraftcore:item_basic_moon:1, Сжатое метеоритное железо
galacticraftcore:item_basic_moon:2, Лунный сапфир
galacticraftcore:flag, Флаг
galacticraftcore:parachute:0, Парашют
galacticraftcore:parachute:1, Чёрный парашют
galacticraftcore:parachute:2, Голубой парашют
galacticraftcore:parachute:3, Лаймовый парашют
galacticraftcore:parachute:4, Коричневый парашют
galacticraftcore:parachute:5, Синий парашют
galacticraftcore:parachute:6, Серый парашют
galacticraftcore:parachute:7, Зелёный парашют
galacticraftcore:parachute:8, Светло-серый парашют
galacticraftcore:parachute:9, Пурпурный парашют
galacticraftcore:parachute:10, Оранжевый парашют
galacticraftcore:parachute:11, Розовый парашют
galacticraftcore:parachute:12, Фиолетовый парашют
galacticraftcore:parachute:13, Красный парашют
galacticraftcore:parachute:14, Бирюзовый парашют
galacticraftcore:parachute:15, Жёлтый парашют
galacticraftcore:prelaunch_checklist, Предполётная подготовка
galacticraftcore:dungeonfinder, Локатор сокровищниц
galacticraftcore:emergency_kit, Космический самоспасатель
galacticraftcore:ic2compat:0, Алюминиевая пыль
galacticraftcore:ic2compat:1, Очищенная измельчённая алюминиевая руда
galacticraftcore:ic2compat:2, Измельчённая алюминиевая руда
galacticraftcore:ic2compat:7, Маленькая кучка титановой пыли
galacticraftplanets:sludge, Бактериальный осадок
galacticraftplanets:bucket_sludge, Ведро бактериального осадка
galacticraftplanets:treasure_t2, Сундук с сокровищами 2-го уровня
galacticraftplanets:mars:0, Медная руда
galacticraftplanets:mars:1, Оловянная руда
galacticraftplanets:mars:2, Руда деш
galacticraftplanets:mars:3, Железная руда
galacticraftplanets:mars:4, Марсианский булыжник
galacticraftplanets:mars:5, Марсианский мелкодисперсный реголит
galacticraftplanets:mars:6, Марсианский реголит
galacticraftplanets:mars:7, Кирпич марсианской сокровищницы
galacticraftplanets:mars:8, Блок деш
galacticraftplanets:mars:9, Марсианский камень
galacticraftplanets:cavern_vines, Пещерные лианы
galacticraftplanets:slimeling_egg:0, Красное яйцо Слаймлинга
galacticraftplanets:slimeling_egg:1, Синее яйцо Слаймлинга
galacticraftplanets:slimeling_egg:2, Желтое яйцо Слаймлинга
galacticraftplanets:creeper_egg, Яйцо крипера
galacticraftplanets:mars_machine:0, Терраформер
galacticraftplanets:mars_machine:4, Криогенная камера
galacticraftplanets:mars_machine:8, Контроллер запуска
galacticraftplanets:mars_machine_t2:0, Сжижитель газа
galacticraftplanets:mars_machine_t2:4, Синтезатор метана
galacticraftplanets:mars_machine_t2:8, Электролизёр воды
galacticraftplanets:boss_spawner_mars, tile.boss_spawner_mars.name
galacticraftplanets:mars_stairs_cobblestone, Ступеньки из марсианского булыжника
galacticraftplanets:mars_stairs_brick, Ступеньки из кирпича марсианской сокровищницы
galacticraftplanets:carbon_fragments, Раздробленный уголь
galacticraftplanets:item_basic_mars:0, Необработанная деш
galacticraftplanets:item_basic_mars:1, Палка из деш
galacticraftplanets:item_basic_mars:2, Слиток деш
galacticraftplanets:item_basic_mars:3, Сверхпрочная пластина
galacticraftplanets:item_basic_mars:4, Сумка слаймлинга
galacticraftplanets:item_basic_mars:5, Сжатая деш
galacticraftplanets:item_basic_mars:6, Жидкостный манипулятор
galacticraftplanets:desh_pick, Кирка из деш
galacticraftplanets:desh_pick_slime, Липкая кирка из деш
galacticraftplanets:desh_axe, Топор из деш
galacticraftplanets:desh_hoe, Мотыга из деш
galacticraftplanets:desh_spade, Лопата из деш
galacticraftplanets:desh_sword, Меч из деш
galacticraftplanets:desh_helmet, Шлем из деш
galacticraftplanets:desh_chestplate, Кираса из деш
galacticraftplanets:desh_leggings, Поножи из деш
galacticraftplanets:desh_boots, Ботинки из деш
galacticraftplanets:rocket_t2:0, Ракета 2-го уровня
galacticraftplanets:rocket_t2:1, Ракета 2-го уровня
galacticraftplanets:rocket_t2:2, Ракета 2-го уровня
galacticraftplanets:rocket_t2:3, Ракета 2-го уровня
galacticraftplanets:rocket_t2:4, Ракета 2-го уровня
galacticraftplanets:rocket_t2:11, Грузовая ракета
galacticraftplanets:rocket_t2:12, Грузовая ракета
galacticraftplanets:rocket_t2:13, Грузовая ракета
galacticraftplanets:rocket_t2:14, Грузовая ракета
galacticraftplanets:key:0, Ключ от подземелья 2-го уровня
galacticraftplanets:schematic:0, Схема для верстака NASA
galacticraftplanets:schematic:1, Схема для верстака NASA
galacticraftplanets:schematic:2, Схема для верстака NASA
galacticraftplanets:asteroids_block:0, Астероидный камень
galacticraftplanets:asteroids_block:1, Астероидный камень
galacticraftplanets:asteroids_block:2, Астероидный камень
galacticraftplanets:asteroids_block:3, Алюминиевая руда
galacticraftplanets:asteroids_block:4, Ильменитовая руда
galacticraftplanets:asteroids_block:5, Железная руда
galacticraftplanets:asteroids_block:6, Тёмный декоративный блок
galacticraftplanets:asteroids_block:7, Титановый блок
galacticraftplanets:walkway:0, Дорожка
galacticraftplanets:walkway:1, Дорожка
galacticraftplanets:walkway:2, Дорожка
galacticraftplanets:beam_reflector, Лучевой отражатель энергии
galacticraftplanets:beam_receiver, Лучевой приёмник энергии
galacticraftplanets:telepad_short, Короткодистанционный телепорт
galacticraftplanets:dense_ice, Плотный лёд
galacticraftplanets:miner_base, Основание астрономического шахтёра
galacticraftplanets:grapple, Крюк
galacticraftplanets:rocket_t3:0, Ракета 3-го уровня
galacticraftplanets:rocket_t3:1, Ракета 3-го уровня
galacticraftplanets:rocket_t3:2, Ракета 3-го уровня
galacticraftplanets:rocket_t3:3, Ракета 3-го уровня
galacticraftplanets:rocket_t3:4, Ракета 3-го уровня
galacticraftplanets:astro_miner, Астрономический шахтёр
galacticraftplanets:thermal_padding:0, Теплоизолирующий шлем
galacticraftplanets:thermal_padding:1, Теплоизолирующая кираса
galacticraftplanets:thermal_padding:2, Теплоизолирующие поножи
galacticraftplanets:thermal_padding:3, Теплоизолирующие ботинки
galacticraftplanets:item_basic_asteroids:0, Титановый слиток
galacticraftplanets:item_basic_asteroids:1, Прочный ракетный двигатель
galacticraftplanets:item_basic_asteroids:2, Прочный ракетный стабилизатор
galacticraftplanets:item_basic_asteroids:3, Железный осколок
galacticraftplanets:item_basic_asteroids:4, Титановый осколок
galacticraftplanets:item_basic_asteroids:5, Сверхпрочная пластина
galacticraftplanets:item_basic_asteroids:6, Сжатый титан
galacticraftplanets:item_basic_asteroids:7, Теплоизолирующая ткань
galacticraftplanets:item_basic_asteroids:8, Лучевое ядро
galacticraftplanets:item_basic_asteroids:9, Титановая пыль
galacticraftplanets:methane_canister_partial:1, Полная канистра метана
galacticraftplanets:canister_partial_lox:1, Полная канистра жидкого кислорода
galacticraftplanets:canister_partial_ln2:1, Полная канистра жидкого азота
galacticraftplanets:atmospheric_valve, Атмосферный клапан
galacticraftplanets:heavy_nose_cone:0, Прочный головной обтекатель
galacticraftplanets:orion_drive, Привод Ориона
galacticraftplanets:titanium_helmet, Титановый шлем
galacticraftplanets:titanium_chestplate, Титановая кираса
galacticraftplanets:titanium_leggings, Титановые поножи
galacticraftplanets:titanium_boots, Титановые ботинки
galacticraftplanets:titanium_axe, Титановый топор
galacticraftplanets:titanium_pickaxe, Титановая кирка
galacticraftplanets:titanium_shovel, Титановая лопата
galacticraftplanets:titanium_hoe, Титановая мотыга
galacticraftplanets:titanium_sword, Титановый меч
galacticraftplanets:strange_seed:0, Странное семя
galacticraftplanets:strange_seed:1, Странное семя
galacticraftplanets:sulphuric_acid, Серная кислота
galacticraftplanets:bucket_sulphuric_acid, Ведро серной кислоты
galacticraftplanets:venus:0, Мягкий Венерианский камень
galacticraftplanets:venus:1, Твердый Венерианский камень
galacticraftplanets:venus:2, Вулканический Венерианский камень
galacticraftplanets:venus:3, Пемза
galacticraftplanets:venus:4, Кирпичи сокровищницы Венеры I
galacticraftplanets:venus:5, Кирпичи сокровищницы Венеры II
galacticraftplanets:venus:6, Алюминивая руда
galacticraftplanets:venus:7, Медная руда
galacticraftplanets:venus:8, Галенитовая руда
galacticraftplanets:venus:9, Кварцевая руда
galacticraftplanets:venus:10, Кремниевая руда
galacticraftplanets:venus:11, Оловянная руда
galacticraftplanets:venus:12, Свинцовый блок
galacticraftplanets:venus:13, Солнечная руда
galacticraftplanets:spout, Серный гейзер
galacticraftplanets:boss_spawner_venus, tile.boss_spawner_venus.name
galacticraftplanets:treasure_t3, Сундук с сокровищами 3-го уровня
galacticraftplanets:web_torch:0, Свисающая паутина
galacticraftplanets:web_torch:1, Свисающая паутина
galacticraftplanets:geothermal_generator, Геотермальный генератор
galacticraftplanets:crashed_probe, Разбившийся зонд
galacticraftplanets:venus_rock_scorched, Обожжённый Венерианский камень
galacticraftplanets:solar_array_module, Модуль солнечной батареи
galacticraftplanets:solar_array_controller, Контроллер солнечной батареи
galacticraftplanets:laser_turret, Лазерная турель
galacticraftplanets:thermal_padding_t2:0, Теплоустойчивый шлем
galacticraftplanets:thermal_padding_t2:1, Теплоустойчивая кираса
galacticraftplanets:thermal_padding_t2:2, Теплоустойчивые поножи
galacticraftplanets:thermal_padding_t2:3, Теплоустойчивые ботинки
galacticraftplanets:basic_item_venus:0, Контроллер щита
galacticraftplanets:basic_item_venus:1, Свинцовый слиток
galacticraftplanets:basic_item_venus:2, Радиоизотопное ядро
galacticraftplanets:basic_item_venus:3, Теплоустойчивая ткань
galacticraftplanets:basic_item_venus:4, Солнечная пыль
galacticraftplanets:basic_item_venus:5, Панель солнечной батареи
galacticraftplanets:basic_item_venus:6, Полупроводниковая пластина солнечной батареи
galacticraftplanets:volcanic_pickaxe, Вулканическая кирка
galacticraftplanets:key_t3:0, Ключ от подземелья 3-го уровня
galacticraftplanets:atomic_battery, Атомная батарея
galacticraftcore:unlit_torch_stone, Каменный факел
galacticraftcore:unlit_torch_stone_lit, Каменный факел
extraplanets:mercury:0, Поверхность Меркурия
extraplanets:mercury:1, Подповерхностный грунт Меркурия
extraplanets:mercury:2, Камень Меркурия
extraplanets:mercury:3, Железная руда Меркурия
extraplanets:mercury:4, Оловянная руда Меркурия
extraplanets:mercury:5, Медная руда Меркурия
extraplanets:mercury:6, Ртутная руда Меркурия
extraplanets:mercury:7, Ртутный блок
extraplanets:mercury:8, Каменные кирпичи Меркурия
extraplanets:mercury:9, Кирпич сокровищницы Меркурия
extraplanets:mercury:10, Углеродная руда Меркурия
extraplanets:mercury:11, Углеродный блок
extraplanets:mercury_gravel, Гравий Меркурия
extraplanets:mercury_spawner, tile.boss_spawner_mercury.name
extraplanets:treasure_chest_t4, Сундук с сокровищами 4-го уровня
extraplanets:ceres:0, Поверхность Цереры
extraplanets:ceres:1, Подповерхностный грунт Цереры
extraplanets:ceres:2, Камень Цереры
extraplanets:ceres:3, Железная руда Цереры
extraplanets:ceres:4, Оловянная руда Цереры
extraplanets:ceres:5, Медная руда Цереры
extraplanets:ceres:6, Урановая руда Цереры
extraplanets:ceres:7, Урановый блок
extraplanets:ceres:8, Кирпич сокровищницы Цереры
extraplanets:ceres_gravel, Гравий Цереры
extraplanets:jupiter:0, Поверхность Юпитера
extraplanets:jupiter:1, Подповерхностный грунт Юпитера
extraplanets:jupiter:2, Камень Юпитера
extraplanets:jupiter:3, Железная руда Юпитера
extraplanets:jupiter:4, Оловянная руда Юпитера
extraplanets:jupiter:5, Медная руда Юпитера
extraplanets:jupiter:6, Палладиевая руда Юпитера
extraplanets:jupiter:7, Никелевая руда Юпитера
extraplanets:jupiter:8, Палладиевый блок
extraplanets:jupiter:9, Каменные кирпичи Юпитера
extraplanets:jupiter:10, Кирпич сокровищницы Юпитера
extraplanets:jupiter:11, Руда красного драгоценного камня Юпитера
extraplanets:jupiter:12, Блок красного драгоценного камня
extraplanets:jupiter:13, Никелевый блок
extraplanets:jupiter_gravel, Гравий Юпитера
extraplanets:jupiter_spawner, tile.boss_spawner_jupiter.name
extraplanets:treasure_chest_t5, Сундук с сокровищами 5-го уровня
extraplanets:volcanic_rock, Вулканические породы
extraplanets:ash_rock, Блок пепла
extraplanets:orange_sand, Оранжевый песок
extraplanets:orange_sandstone, Оранжевый песчаник
extraplanets:saturn:0, Поверхность Сатурна
extraplanets:saturn:1, Подповерхностный грунт Сатурна
extraplanets:saturn:2, Камень Сатурна
extraplanets:saturn:3, Железная руда Сатурна
extraplanets:saturn:4, Оловянная руда Сатурна
extraplanets:saturn:5, Медная руда Сатурна
extraplanets:saturn:6, Магниевая руда Сатурна
extraplanets:saturn:7, Магниевый блок
extraplanets:saturn:8, Каменные кирпичи Сатурна
extraplanets:saturn:9, Кирпич сокровищницы Сатурна
extraplanets:saturn:10, Сломанный зараженный камень Сатурна
extraplanets:saturn:11, Зараженный камень Сатурна
extraplanets:saturn:12, Слизневая руда Сатурна
extraplanets:saturn_gravel, Гравий Сатурна
extraplanets:saturn_spawner, tile.boss_spawner_saturn.name
extraplanets:treasure_chest_t6, Сундук с сокровищами 6-го уровня
extraplanets:uranus:0, Поверхность Урана
extraplanets:uranus:1, Подповерхностный грунт Урана
extraplanets:uranus:2, Камень Урана
extraplanets:uranus:3, Кристальная руда Урана
extraplanets:uranus:4, Кристальный блок
extraplanets:uranus:5, Каменные кирпичи Урана
extraplanets:uranus:6, Кирпич сокровищницы Урана
extraplanets:uranus:7, Руда белого драгоценного камня Урана
extraplanets:uranus:8, Блок белого драгоценного камня Урана
extraplanets:uranus_spawner, tile.boss_spawner_uranus.name
extraplanets:treasure_chest_t7, Сундук с сокровищами 7-го уровня
extraplanets:dense_ice, Плотный лёд
extraplanets:neptune:0, Поверхность Нептуна
extraplanets:neptune:1, Подповерхностный грунт Нептуна
extraplanets:neptune:2, Камень Нептуна
extraplanets:neptune:3, Железная руда Нептуна
extraplanets:neptune:4, Оловянная руда Нептуна
extraplanets:neptune:5, Медная руда Нептуна
extraplanets:neptune:6, Цинкова руда Нептуна
extraplanets:neptune:7, Цинковый блок
extraplanets:neptune:8, Каменные кирпичи Нептуна
extraplanets:neptune:9, Кирпич сокровищницы Нептуна
extraplanets:neptune:10, Руда синего драгоценного камня Нептуна
extraplanets:neptune:11, Блок синего драгоценного камня Нептуна
extraplanets:neptune_spawner, tile.boss_spawner_neptune.name
extraplanets:treasure_chest_t8, Сундук с сокровищами 8-го уровня
extraplanets:frozen_nitrogen, Замороженный азот
extraplanets:pluto:0, Поверхность Плутона
extraplanets:pluto:1, Подповерхностный грунт Плутона
extraplanets:pluto:2, Камень Плутона
extraplanets:pluto:3, Железная руда Плутона
extraplanets:pluto:4, Оловянная руда Плутона
extraplanets:pluto:5, Медная руда Плутона
extraplanets:pluto:6, Вольфрамовая руда Плутона
extraplanets:pluto:7, Вольфрамовый блок
extraplanets:pluto:8, Каменные кирпичи Плутона
extraplanets:pluto:9, Кирпич сокровищницы Плутона
extraplanets:pluto_spawner, tile.boss_spawner_pluto.name
extraplanets:treasure_chest_t9, Сундук с сокровищами 9-го уровня
extraplanets:pluto_gravel, Гравий Плутона
extraplanets:eris:0, Поверхность Эриды
extraplanets:eris:1, Подповерхностный грунт Эриды
extraplanets:eris:2, Камень Эриды
extraplanets:eris:3, Железная руда Эриды
extraplanets:eris:4, Оловянная руда Эриды
extraplanets:eris:5, Медная руда Эриды
extraplanets:eris:6, Руда тёмного железа Эриды
extraplanets:eris:7, Блок тёмного железа Эриды
extraplanets:eris:8, Каменные кирпичи Эриды
extraplanets:eris:9, Кирпич сокровищницы Эриды
extraplanets:eris_spawner, tile.boss_spawner_eris.name
extraplanets:treasure_chest_t10, Сундук с сокровищами 10-го уровня
extraplanets:eris_gravel, Гравий Эриды
extraplanets:kepler22b:0, Земля Кеплер-22 b
extraplanets:kepler22b:1, Камень Кеплер-22 b
extraplanets:kepler22b:2, Железная руда Кеплер-22 b
extraplanets:kepler22b:3, Оловянная руда Кеплер-22 b
extraplanets:kepler22b:4, Медная руда Кеплер-22 b
extraplanets:kepler22b:5, Руда плотного угля Кеплер-22 b
extraplanets:kepler22b:6, Руда синего алмаза Кеплер-22 b
extraplanets:kepler22b:7, Руда красного алмаза Кеплер-22 b
extraplanets:kepler22b:8, Руда фиолетового алмаза Кеплер-22 b
extraplanets:kepler22b:9, Руда жёлтого алмаза Кеплер-22 b
extraplanets:kepler22b:10, Руда зелёного алмаза Кеплер-22 b
extraplanets:kepler22b:11, Каменные кирпичи Кеплер-22 b
extraplanets:kepler22b:12, Булыжник Кеплер-22 b
extraplanets:kepler22b:13, Платиновая руда Кеплер-22 b
extraplanets:kepler22b:14, Платиновый блок
extraplanets:kepler22b_grass, Блок травы Кеплер-22 b
extraplanets:kepler22b_blue_grass, Блок синей травы Кеплер-22 b
extraplanets:kepler22b_purple_grass, Блок фиолетовой травы Кеплер-22 b
extraplanets:kepler22b_red_grass, Блок красной травы Кеплер-22 b
extraplanets:kepler22b_yellow_grass, Блок жёлтой травы Кеплер-22 b
extraplanets:kepler22b_infected_grass, Зараженное стекло Кеплер-22 b
extraplanets:kepler22b_flowers:0, Низкая синяя трава Кеплер-22 b
extraplanets:kepler22b_flowers:1, Средняя синяя трава Кеплер-22 b
extraplanets:kepler22b_flowers:2, Высокая синяя трава Кеплер-22 b
extraplanets:kepler22b_flowers:3, Низкая красная трава Кеплер-22 b
extraplanets:kepler22b_flowers:4, Средняя красная трава Кеплер-22 b
extraplanets:kepler22b_flowers:5, Высокая красная трава Кеплер-22 b
extraplanets:red_sand, Красный песок
extraplanets:red_sandstone, Красный песчаник
extraplanets:europa:0, Поверхность Европы
extraplanets:europa:1, Подповерхностный грунт Европы
extraplanets:europa:2, Камень Европы
extraplanets:europa:3, Железная руда Европы
extraplanets:europa:4, Оловянная руда Европы
extraplanets:europa:5, Медная руда Европы
extraplanets:europa_gravel, Гравий Европы
extraplanets:io:0, Поверхность Ио
extraplanets:io:1, Подповерхностный грунт Ио
extraplanets:io:2, Камень Ио
extraplanets:io:3, Железная руда Ио
extraplanets:io:4, Оловянная руда Ио
extraplanets:io:5, Медная руда Ио
extraplanets:io_gravel, Гравий Ио
extraplanets:deimos:0, Поверхность Деймоса
extraplanets:deimos:1, Подповерхностный грунт Деймоса
extraplanets:deimos:2, Камень Деймоса
extraplanets:deimos:3, Железная руда Деймоса
extraplanets:deimos:4, Оловянная руда Деймоса
extraplanets:deimos:5, Медная руда Деймоса
extraplanets:deimos_gravel, Гравий Деймоса
extraplanets:phobos:0, Поверхность Фобоса
extraplanets:phobos:1, Подповерхностный грунт Фобоса
extraplanets:phobos:2, Камень Фобоса
extraplanets:phobos:3, Железная руда Фобоса
extraplanets:phobos:4, Оловянная руда Фобоса
extraplanets:phobos:5, Медная руда Фобоса
extraplanets:phobos_gravel, Гравий Фобоса
extraplanets:triton:0, Поверхность Тритона
extraplanets:triton:1, Подповерхностный грунт Тритона
extraplanets:triton:2, Камень Тритона
extraplanets:triton:3, Железная руда Тритона
extraplanets:triton:4, Оловянная руда Тритона
extraplanets:triton:5, Медная руда Тритона
extraplanets:triton_gravel, Гравий Тритона
extraplanets:callisto:0, Поверхность Каллисто
extraplanets:callisto:1, Подповерхностный грунт Каллисто
extraplanets:callisto:2, Камень Каллисто
extraplanets:callisto:3, Железная руда Каллисто
extraplanets:callisto:4, Оловянная руда Каллисто
extraplanets:callisto:5, Медная руда Каллисто
extraplanets:callisto:6, Сухая нефть Каллисто
extraplanets:callisto:7, Сланцевая нефть Каллисто
extraplanets:callisto_gravel, Гравий Каллисто
extraplanets:ganymede:0, Поверхность Ганимеда
extraplanets:ganymede:1, Подповерхностный грунт Ганимеда
extraplanets:ganymede:2, Камень Ганимеда
extraplanets:ganymede:3, Железная руда Ганимеда
extraplanets:ganymede:4, Оловянная руда Ганимеда
extraplanets:ganymede:5, Медная руда Ганимеда
extraplanets:ganymede_gravel, Гравий Ганимеда
extraplanets:rhea:0, Поверхность Реи
extraplanets:rhea:1, Подповерхностный грунт Реи
extraplanets:rhea:2, Камень Реи
extraplanets:rhea:3, Железная руда Реи
extraplanets:rhea:4, Оловянная руда Реи
extraplanets:rhea:5, Медная руда Реи
extraplanets:rhea_gravel, Гравий Реи
extraplanets:titan:0, Поверхность Титана
extraplanets:titan:1, Подповерхностный грунт Титана
extraplanets:titan:2, Камень Титана
extraplanets:titan:3, Железная руда Титана
extraplanets:titan:4, Оловянная руда Титана
extraplanets:titan:5, Медная руда Титана
extraplanets:titan:6, Метановая поверхность Титана
extraplanets:titan:7, Метановый подповерхностный грунт Титана
extraplanets:titan:8, Камни Титана
extraplanets:titan_gravel, Гравий Титана
extraplanets:oberon:0, Поверхность Оберона
extraplanets:oberon:1, Подповерхностный грунт Оберона
extraplanets:oberon:2, Камень Оберона
extraplanets:oberon:3, Железная руда Оберона
extraplanets:oberon:4, Оловянная руда Оберона
extraplanets:oberon:5, Медная руда Оберона
extraplanets:oberon_gravel, Гравий Оберона
extraplanets:titania:0, Поверхность Титании
extraplanets:titania:1, Подповерхностный грунт Титании
extraplanets:titania:2, Камень Титании
extraplanets:titania:3, Железная руда Титании
extraplanets:titania:4, Оловянная руда Титании
extraplanets:titania:5, Медная руда Титании
extraplanets:titania_gravel, Гравий Титании
extraplanets:iapetus:0, Поверхность Япета
extraplanets:iapetus:1, Подповерхностный грунт Япета
extraplanets:iapetus:2, Камень Япета
extraplanets:iapetus:3, Железная руда Япета
extraplanets:iapetus:4, Оловянная руда Япета
extraplanets:iapetus:5, Медная руда Япета
extraplanets:iapetus:6, Лёд Япета
extraplanets:iapetus_gravel, Гравий Япета
extraplanets:fossil, Блок ископаемых
extraplanets:nuclear_bomb, Ядерная бомба
extraplanets:fire_bomb, Огненная бомба
extraplanets:ore_lead, Свинцовая руда
extraplanets:potash, Карбонат калия
extraplanets:advanced_launch_pad:0, Взлётная площадка 2-го уровня
extraplanets:advanced_launch_pad:1, Взлётная площадка 3-го уровня
extraplanets:advanced_launch_pad:2, Заправочная площадка для транспорта
extraplanets:advanced_launch_pad:3, Взлётная площадка для электрической ракеты
extraplanets:advanced_launch_pad_full, Взлётная площадка 2/3 уровня
extraplanets:block_multi:0, tile.block_multi.tier2LaunchPad.name
extraplanets:decorative_blocks:0, Мрамор
extraplanets:decorative_blocks:1, Мраморный блок
extraplanets:decorative_blocks:2, Снежные кирпичи
extraplanets:decorative_blocks:3, Ледянные кирпичи
extraplanets:decorative_blocks:4, Огненные кирпичи
extraplanets:decorative_blocks:5, Чёрно-белая кафельная плитка
extraplanets:decorative_blocks:6, Мраморная кафельная плитка
extraplanets:decorative_blocks:7, Сломанная мраморная кафельная плитка
extraplanets:decorative_blocks:8, Металлическая сетка
extraplanets:decorative_blocks:9, Кирпичи из замороженного азота
extraplanets:decorative_blocks:10, Кирпичи из вулканических пород
extraplanets:decorative_blocks:11, Углеродный кафельный пол
extraplanets:decorative_blocks:12, Сломанный углеродный кафельный пол
extraplanets:decorative_blocks:13, Магниевый кафельный пол
extraplanets:decorative_blocks:14, Сломанный магниевый пол
extraplanets:decorative_blocks:15, Пепельные кирпичи
extraplanets:decorative_blocks2:0, Белый блок
extraplanets:decorative_blocks2:1, Красный блок
extraplanets:decorative_blocks2:2, Синий блок
extraplanets:decorative_blocks2:3, Светло-синий блок
extraplanets:decorative_blocks2:4, Жёлтый блок
extraplanets:decorative_blocks2:5, Зелёный блок
extraplanets:candy_blocks:0, Красный леденец
extraplanets:candy_blocks:1, Зелёный леденец
extraplanets:candy_blocks:2, Синий леденец
extraplanets:candy_blocks:3, Оранжевый леденец
extraplanets:candy_blocks:4, Пурпурный леденец
extraplanets:candy_blocks:5, Розовый леденец
extraplanets:candy_blocks:6, Лаймовый леденец
extraplanets:candy_blocks:7, Фиолетовый леденец
extraplanets:candy_blocks:8, Коричневый леденец
extraplanets:candy_blocks:9, Чёрный леденец
extraplanets:candy_blocks_horizontal:0, Красный леденец (горизонтальный)
extraplanets:candy_blocks_horizontal:1, Зелёный леденец (горизонтальный)
extraplanets:candy_blocks_horizontal:2, Синий леденец (горизонтальный)
extraplanets:candy_blocks_horizontal:3, Оранжевый леденец (горизонтальный)
extraplanets:candy_blocks_horizontal:4, Пурпурный леденец (горизонтальный)
extraplanets:candy_blocks_horizontal:5, Розовый леденец (горизонтальный)
extraplanets:candy_blocks_horizontal:6, Лаймовый леденец (горизонтальный)
extraplanets:candy_blocks_horizontal:7, Фиолетовый леденец (горизонтальный)
extraplanets:candy_blocks_horizontal:8, Коричневый леденец (горизонтальный)
extraplanets:candy_blocks_horizontal:9, Чёрный леденец (горизонтальный)
extraplanets:cake_blocks:0, Блок кекса
extraplanets:cake_blocks:1, Красный бархатный блок кекса
extraplanets:cake_blocks:2, Шоколадный блок кекса
extraplanets:cake_blocks:3, Белая глазурь с красными точками
extraplanets:cake_blocks:4, Белая глазурь с зелёными точками
extraplanets:cake_blocks:5, Белая глазурь с розовыми точками
extraplanets:cake_blocks:6, Белая глазурь с оранжевыми точками
extraplanets:cake_blocks:7, Каменное печенье
extraplanets:white_sugar_cane, Блок белого сахарного тростника
extraplanets:basic_decontamination_unit_fake_block, Базовый обеззараживающий блок
extraplanets:diamond_grit, Алмазная крошка
extraplanets:gold_grit, Золотая крошка
extraplanets:coal_grit, Угольная крошка
extraplanets:iron_grit, Железная крошка
extraplanets:emerald_grit, Изумрудная крошка
extraplanets:mercury_stairs_surface, Ступеньки из поверхности Меркурия
extraplanets:mercury_stairs_sub_surface, Ступеньки из подповерхностного грунта Меркурия
extraplanets:mercury_stairs_stone, Ступеньки из камня Меркурия
extraplanets:mercury_stairs_stone_bricks, Ступеньки из каменного кирпича Меркурия
extraplanets:ceres_stairs_surface, Ступеньки из поверхности Цереры
extraplanets:ceres_stairs_sub_surface, Ступеньки из подповерхностного грунта Цереры
extraplanets:ceres_stairs_stone, Ступеньки из камня Цереры
extraplanets:ceres_stairs_stone_bricks, Ступеньки из каменного кирпича Цереры
extraplanets:jupiter_stairs_surface, Ступеньки из поверхности Юпитера
extraplanets:jupiter_stairs_sub_surface, Ступеньки из подповерхностного грунта Юпитера
extraplanets:jupiter_stairs_stone, Ступеньки из камня Юпитера
extraplanets:jupiter_stairs_stone_bricks, Ступеньки из каменного кирпича Юпитера
extraplanets:saturn_stairs_surface, Ступеньки из поверхности Сатурна
extraplanets:saturn_stairs_sub_surface, Ступеньки из подповерхностного грунта Сатурна
extraplanets:saturn_stairs_stone, Ступеньки из камня Сатурна
extraplanets:saturn_stairs_stone_bricks, Ступеньки из каменного кирпича Сатурна
extraplanets:uranus_stairs_surface, Ступеньки из поверхности Урана
extraplanets:uranus_stairs_sub_surface, Ступеньки из подповерхностного грунта Урана
extraplanets:uranus_stairs_stone, Ступеньки из камня Урана
extraplanets:uranus_stairs_stone_bricks, Ступеньки из каменного кирпича Урана
extraplanets:neptune_stairs_surface, Ступеньки из поверхности Нептуна
extraplanets:neptune_stairs_sub_surface, Ступеньки из подповерхностного грунта Нептуна
extraplanets:neptune_stairs_stone, Ступеньки из камня Нептуна
extraplanets:neptune_stairs_stone_bricks, Ступеньки из каменного кирпича Нептуна
extraplanets:pluto_stairs_surface, Ступеньки из поверхности Плутона
extraplanets:pluto_stairs_sub_surface, Ступеньки из подповерхностного грунта Плутона
extraplanets:pluto_stairs_stone, Ступеньки из камня Плутона
extraplanets:pluto_stairs_stone_bricks, Ступеньки из каменного кирпича Плутона
extraplanets:eris_stairs_surface, Ступеньки из поверхности Эриды
extraplanets:eris_stairs_sub_surface, Ступеньки из подповерхностного грунта Эриды
extraplanets:eris_stairs_stone, Ступеньки из камня Эриды
extraplanets:eris_stairs_stone_bricks, Ступеньки из каменного кирпича Эриды
extraplanets:kepler22b_maple_logs:0, Синий дуб Кеплер-22 b
extraplanets:kepler22b_maple_logs:1, Красный дуб Кеплер-22 b
extraplanets:kepler22b_maple_logs:2, Фиолетовый дуб Кеплер-22 b
extraplanets:kepler22b_maple_logs:3, Жёлтый дуб Кеплер-22 b
extraplanets:kepler22b_maple_logs2:0, Зелёный дуб Кеплер-22 b
extraplanets:kepler22b_maple_logs2:1, Коричневый дуб Кеплер-22 b
extraplanets:kepler22b_maple_saplings:0, Саженец синего дуба Кеплер-22 b
extraplanets:kepler22b_maple_saplings:1, Саженец красного дуба Кеплер-22 b
extraplanets:kepler22b_maple_saplings:2, Саженец фиолетового дуба Кеплер-22 b
extraplanets:kepler22b_maple_saplings:3, Саженец жёлтого дуба Кеплер-22 b
extraplanets:kepler22b_maple_saplings:4, Саженец зелёного дуба Кеплер-22 b
extraplanets:kepler22b_maple_saplings:5, Саженец коричневого дуба Кеплер-22 b
extraplanets:kepler22b_new_maple_leaves:0, Листва синего дуба Кеплер-22 b
extraplanets:kepler22b_new_maple_leaves:1, Листва красного дуба Кеплер-22 b
extraplanets:kepler22b_new_maple_leaves:2, Листва фиолетового дуба Кеплер-22 b
extraplanets:kepler22b_new_maple_leaves:3, Листва жёлтого дуба Кеплер-22 b
extraplanets:kepler22b_new_maple_leaves_2:0, Листва зелёного дуба Кеплер-22 b
extraplanets:kepler22b_new_maple_leaves_2:1, Листва коричневого дуба Кеплер-22 b
extraplanets:kepler22b_planks:0, Синие доски Кеплер-22 b
extraplanets:kepler22b_planks:1, Красные доски Кеплер-22 b
extraplanets:kepler22b_planks:2, Фиолетовые доски Кеплер-22 b
extraplanets:kepler22b_planks:3, Жёлтые доски Кеплер-22 b
extraplanets:kepler22b_planks:4, Зелёные доски Кеплер-22 b
extraplanets:kepler22b_planks:5, Коричневые доски Кеплер-22 b
extraplanets:advanced_refinery, Улучшенный нефтеперерабатывающий завод
extraplanets:ultimate_refinery, Максимальный нефтеперерабатывающий завод
extraplanets:solar:0, Гибридная солнечная панель
extraplanets:solar:4, Максимальная солнечная панель
extraplanets:advanced_oxygen_compressor:0, Улучшенный кислородный компрессор
extraplanets:advanced_oxygen_compressor:4, Улучшенный кислородный декомпрессор
extraplanets:ultimate_oxygen_compressor:0, Максимальный кислородный компрессор
extraplanets:ultimate_oxygen_compressor:4, Максимальный кислородный декомпрессор
extraplanets:basic_decrystallizer, Базовый декристаллизатор
extraplanets:basic_crystallizer, Базовый кристаллизатор
extraplanets:basic_smasher, Базовый разрушитель
extraplanets:basic_chemical_injector, Базовый химический впрыскиватель
extraplanets:basic_solar_evaporation_chamber, Базовая солнечная испарительная камера
extraplanets:basic_purifier, Базовый очиститель
extraplanets:basic_decontamination_unit, Базовый обеззараживающий блок
extraplanets:advanced_fuel_loader, Улучшенный загрузчик топлива
extraplanets:ultimate_fuel_loader, Максимальный загрузчик топлива
extraplanets:basic_densifier, Базовый уплотнитель
extraplanets:vehicle_charger, Зарядное устройство для транспорта
extraplanets:glowstone, Жидкая светящиеся пыль
extraplanets:magma, Жидкая магма
extraplanets:nitrogen, Жидкий азот
extraplanets:frozen_water, Icy Water ##NEEDS TRANSLATE##
extraplanets:salt, Жидкая кристаллическая вода
extraplanets:radioactive_water, Радиоактивная вода
extraplanets:clean_water, Чистая вода
extraplanets:infected_water, Зараженная вода
extraplanets:methane, Жидкий метан
extraplanets:nitrogen_ice, Жидкий замерзший азот
extraplanets:liquid_hydrocarbon, Жидкий углеводород
extraplanets:liquid_chocolate, Жидкий шоколад
extraplanets:liquid_caramel, Жидкая карамель
extraplanets:mercury_pickaxe, Ртутная кирка
extraplanets:mercury_axe, Ртутный топор
extraplanets:mercury_hoe, Ртутная мотыга
extraplanets:mercury_shovel, Ртутный меч
extraplanets:mercury_sword, Ртутный меч
extraplanets:carbon_pickaxe, Углеродная кирка
extraplanets:carbon_axe, Углеродный топор
extraplanets:carbon_hoe, Углеродная мотыга
extraplanets:carbon_shovel, Углеродная лопата
extraplanets:carbon_sword, Углеродный меч
extraplanets:uranium_pickaxe, Урановая кирка
extraplanets:uranium_axe, Урановый топор
extraplanets:uranium_hoe, Урановая мотыга
extraplanets:uranium_shovel, Урановая лопата
extraplanets:uranium_sword, Урановый меч
extraplanets:palladium_pickaxe, Палладиевая кирка
extraplanets:palladium_axe, Палладиевый топор
extraplanets:palladium_hoe, Палладиевая мотыга
extraplanets:palladium_shovel, Палладиевая лопата
extraplanets:palladium_sword, Палладиевый меч
extraplanets:red_gem_pickaxe, Кирка из красного драгоценного камня
extraplanets:red_gem_axe, Топор из красного драгоценного камня
extraplanets:red_gem_hoe, Мотыга из красного драгоценного камня
extraplanets:red_gem_shovel, Лопата из красного драгоценного камня
extraplanets:red_gem_sword, Меч из красного драгоценного камня
extraplanets:magnesium_pickaxe, Магниевая кирка
extraplanets:magnesium_axe, Магниевый топор
extraplanets:magnesium_hoe, Магниевая мотыга
extraplanets:magnesium_shovel, Магниевая лопата
extraplanets:magnesium_sword, Магниевый меч
extraplanets:crystal_pickaxe, Кристальная кирка
extraplanets:crystal_axe, Кристальный топор
extraplanets:crystal_hoe, Кристальная мотыга
extraplanets:crystal_shovel, Кристальная лопата
extraplanets:crystal_sword, Кристальный меч
extraplanets:white_gem_pickaxe, Кирка из белого драгоценного камня
extraplanets:white_gem_axe, Топор из белого драгоценного камня
extraplanets:white_gem_hoe, Мотыга из белого драгоценного камня
extraplanets:white_gem_shovel, Лопата из белого драгоценного камня
extraplanets:white_gem_sword, Меч из белого драгоценного камня
extraplanets:blue_gem_pickaxe, Кирка из синего драгоценного камня
extraplanets:blue_gem_axe, Топор из синего драгоценного камня
extraplanets:blue_gem_hoe, Мотыга из синего драгоценного камня
extraplanets:blue_gem_shovel, Лопата из синего драгоценного камня
extraplanets:blue_gem_sword, Меч из синего драгоценного камня
extraplanets:zinc_pickaxe, Цинковая кирка
extraplanets:zinc_axe, Цинковый топор
extraplanets:zinc_hoe, Цинковая мотыга
extraplanets:zinc_shovel, Цинковая лопата
extraplanets:zinc_sword, Цинковый меч
extraplanets:tungsten_pickaxe, Вольфрамовая кирка
extraplanets:tungsten_axe, Вольфрамовый топор
extraplanets:tungsten_hoe, Вольфрамовая мотыга
extraplanets:tungsten_shovel, Вольфрамовая лопата
extraplanets:tungsten_sword, Вольфрамовый меч
extraplanets:blue_diamond_pickaxe, Кирка из синего алмаза
extraplanets:blue_diamond_axe, Топор из синего алмаза
extraplanets:blue_diamond_hoe, Мотыга из синего алмаза
extraplanets:blue_diamond_shovel, Лопата из синего алмаза
extraplanets:blue_diamond_sword, Меч из синего алмаза
extraplanets:red_diamond_pickaxe, Кирка из красного алмаза
extraplanets:red_diamond_axe, Топор из красного алмаза
extraplanets:red_diamond_hoe, Мотыга из красного алмаза
extraplanets:red_diamond_shovel, Лопата из красного алмаза
extraplanets:red_diamond_sword, Меч из красного алмаза
extraplanets:purple_diamond_pickaxe, Кирка из фиолетового алмаза
extraplanets:purple_diamond_axe, Топор из фиолетового алмаза
extraplanets:purple_diamond_hoe, Мотыга из фиолетового алмаза
extraplanets:purple_diamond_shovel, Лопата из фиолетового алмаза
extraplanets:purple_diamond_sword, Меч из фиолетового алмаза
extraplanets:yellow_diamond_pickaxe, Кирка из жёлтого алмаза
extraplanets:yellow_diamond_axe, Топор из жёлтого алмаза
extraplanets:yellow_diamond_hoe, Мотыга из жёлтого алмаза
extraplanets:yellow_diamond_shovel, Лопата из жёлтого алмаза
extraplanets:yellow_diamond_sword, Меч из жёлтого алмаза
extraplanets:green_diamond_pickaxe, Кирка из зелёного алмаза
extraplanets:green_diamond_axe, Топор из зелёного алмаза
extraplanets:green_diamond_hoe, Мотыга из зелёного алмаза
extraplanets:green_diamond_shovel, Лопата из зелёного алмаза
extraplanets:green_diamond_sword, Меч из зелёного алмаза
extraplanets:mercury_helmet, Ртутный шлем
extraplanets:mercury_chest, Ртутный нагрудник
extraplanets:mercury_legings, Ртутные поножи
extraplanets:mercury_boots, Ртутные ботинки
extraplanets:carbon_helmet, Углеродный шлем
extraplanets:carbon_chest, Углеродный нагрудник
extraplanets:carbon_legings, Углеродные поножи
extraplanets:carbon_boots, Углеродные ботинки
extraplanets:uranium_helmet, Урановый шлем
extraplanets:uranium_chest, Урановый нагрудник
extraplanets:uranium_legings, Урановые поножи
extraplanets:uranium_boots, Урановые ботинки
extraplanets:palladium_helmet, Палладиевый шлем
extraplanets:palladium_chest, Палладиевый нагрудник
extraplanets:palladium_legings, Палладиевые поножи
extraplanets:palladium_boots, Палладиевые ботинки
extraplanets:red_gem_helmet, Шлем из красного драгоценного камня
extraplanets:red_gem_chest, Нагрудник из красного драгоценного камня
extraplanets:red_gem_legings, Поножи из красного драгоценного камня
extraplanets:red_gem_boots, Ботинки из красного драгоценного камня
extraplanets:magnesium_helmet, Магниевый шлем
extraplanets:magnesium_chest, Магниевый нагрудник
extraplanets:magnesium_legings, Магниевые поножи
extraplanets:magnesium_boots, Магниевые ботинки
extraplanets:crystal_helmet, Кристальный шлем
extraplanets:crystal_chest, Кристальный нагрудник
extraplanets:crystal_legings, Кристальные поножи
extraplanets:crystal_boots, Кристальные ботинки
extraplanets:white_gem_helmet, Шлем из белого драгоценного камня
extraplanets:white_gem_chest, Нагрудник из белого драгоценного камня
extraplanets:white_gem_legings, Поножи из белого драгоценного камня
extraplanets:white_gem_boots, Ботинки из белого драгоценного камня
extraplanets:zinc_helmet, Цинковый шлем
extraplanets:zinc_chest, Цинковый нагрудник
extraplanets:zinc_legings, Цинковые поножи
extraplanets:zinc_boots, Цинковые ботинки
extraplanets:blue_gem_helmet, Шлем из синего драгоценного камня
extraplanets:blue_gem_chest, Нагрудник из синего драгоценного камня
extraplanets:blue_gem_legings, Поножи из синего драгоценного камня
extraplanets:blue_gem_boots, Ботинки из синего драгоценного камня
extraplanets:tungsten_helmet, Вольфрамовый шлем
extraplanets:tungsten_chest, Вольфрамовый нагрудник
extraplanets:tungsten_legings, Вольфрамовые поножи
extraplanets:tungsten_boots, Вольфрамовые ботинки
extraplanets:blue_diamond_helmet, Шлем из синего алмаза
extraplanets:blue_diamond_chest, Нагрудник из синего алмаза
extraplanets:blue_diamond_legings, Поножи из синего алмаза
extraplanets:blue_diamond_boots, Ботинки из синего алмаза
extraplanets:red_diamond_helmet, Шлем из красного алмаза
extraplanets:red_diamond_chest, Нагрудник из красного алмаза
extraplanets:red_diamond_legings, Поножи из красного алмаза
extraplanets:red_diamond_boots, Ботинки из красного алмаза
extraplanets:purple_diamond_helmet, Шлем из фиолетового алмаза
extraplanets:purple_diamond_chest, Нагрудник из фиолетового алмаза
extraplanets:purple_diamond_legings, Поножи из фиолетового алмаза
extraplanets:purple_diamond_boots, Ботинки из фиолетового алмаза
extraplanets:yellow_diamond_helmet, Шлем из жёлтого алмаза
extraplanets:yellow_diamond_chest, Нагрудник из жёлтого алмаза
extraplanets:yellow_diamond_legings, Поножи из жёлтого алмаза
extraplanets:yellow_diamond_boots, Ботинки из жёлтого алмаза
extraplanets:green_diamond_helmet, Шлем из зелёного алмаза
extraplanets:green_diamond_chest, Нагрудник из зелёного алмаза
extraplanets:green_diamond_legings, Поножи из зелёного алмаза
extraplanets:green_diamond_boots, Ботинки из зелёного алмаза
extraplanets:tier0_space_suit_helmet, Временный шлем космического скафандра
extraplanets:tier0_space_suit_chest, Временный нагрудник космического скафандра
extraplanets:tier0_space_suit_legings, Временные поножи космического скафандра
extraplanets:tier0_space_suit_boots, Временные ботинки космического скафандра
extraplanets:tier1_space_suit_helmet, Шлем космического скафандра 1-го уровня
extraplanets:tier1_space_suit_chest, Нагрудник космического скафандра 1-го уровня
extraplanets:tier1_space_suit_jetpack_chest, Реактивный нагрудник космического скафандра 1-го уровня
extraplanets:tier1_space_suit_legings, Поножи космического скафандра 1-го уровня
extraplanets:tier1_space_suit_boots, Ботинки космического скафандра 1-го уровня
extraplanets:tier1_space_suit_gravity_boots, Гравитационные ботинки космического скафандра 1-го уровня
extraplanets:tier2_space_suit_helmet, Шлем космического скафандра 2-го уровня
extraplanets:tier2_space_suit_chest, Нагрудник космического скафандра 2-го уровня
extraplanets:tier2_space_suit_jetpack_chest, Реактивный нагрудник космического скафандра 2-го уровня
extraplanets:tier2_space_suit_legings, Поножи космического скафандра 2-го уровня
extraplanets:tier2_space_suit_boots, Ботинки космического скафандра 2-го уровня
extraplanets:tier2_space_suit_gravity_boots, Гравитационные ботинки космического скафандра 2-го уровня
extraplanets:tier3_space_suit_helmet, Шлем космического скафандра 3-го уровня
extraplanets:tier3_space_suit_chest, Нагрудник космического скафандра 3-го уровня
extraplanets:tier3_space_suit_jetpack_chest, Реактивный нагрудник космического скафандра 3-го уровня
extraplanets:tier3_space_suit_legings, Поножи космического скафандра 3-го уровня
extraplanets:tier3_space_suit_boots, Ботинки космического скафандра 3-го уровня
extraplanets:tier3_space_suit_gravity_boots, Гравитационные ботинки космического скафандра 3-го уровня
extraplanets:tier4_space_suit_helmet, Шлем космического скафандра 4-го уровня
extraplanets:tier4_space_suit_chest, Нагрудник космического скафандра 4-го уровня
extraplanets:tier4_space_suit_jetpack_chest, Реактивный нагрудник космического скафандра 4-го уровня
extraplanets:tier4_space_suit_legings, Поножи космического скафандра 4-го уровня
extraplanets:tier4_space_suit_boots, Ботинки космического скафандра 4-го уровня
extraplanets:tier4_space_suit_gravity_boots, Гравитационные ботинки космического скафандра 4-го уровня
extraplanets:mercury_battery, Ртутный аккумулятор
extraplanets:compressed_mercury:0, Сжатая ртуть
extraplanets:ingot_mercury:0, Ртутный слиток
extraplanets:item_tier4_rocket:0, Ракета 4-го уровня
extraplanets:item_tier4_rocket:1, Ракета 4-го уровня
extraplanets:item_tier4_rocket:2, Ракета 4-го уровня
extraplanets:item_tier4_rocket:3, Ракета 4-го уровня
extraplanets:item_tier4_rocket:4, Ракета 4-го уровня
extraplanets:schematic_tier4:0, Схема для верстака NASA
extraplanets:nose_cone_tier4:0, Носовой обтекатель 4-го уровня
extraplanets:tier4_items:0, Ракетные двигатели 4-го уровня
extraplanets:tier4_items:1, Ускоритель 4-го уровня
extraplanets:tier4_items:2, Ракетные стабилизаторы 4-го уровня
extraplanets:tier4_items:3, Сверхпрочное покрытие
extraplanets:tier4_items:4, Сжатый углерод
extraplanets:tier4_items:5, Углеродный слиток
extraplanets:tier4_items:6, Алмазный осколок
extraplanets:t4key:0, Ключ от подземелья 4-го уровня
extraplanets:ingot_uranium:0, Урановый слиток
extraplanets:item_tier5_rocket:0, Ракета 5-го уровня
extraplanets:item_tier5_rocket:1, Ракета 5-го уровня
extraplanets:item_tier5_rocket:2, Ракета 5-го уровня
extraplanets:item_tier5_rocket:3, Ракета 5-го уровня
extraplanets:item_tier5_rocket:4, Ракета 5-го уровня
extraplanets:schematic_tier5:0, Схема для верстака NASA
extraplanets:nose_cone_tier5:0, Носовой обтекатель 5-го уровня
extraplanets:tier5_items:0, Ракетные двигатели 5-го уровня
extraplanets:tier5_items:1, Ускоритель 5-го уровня
extraplanets:tier5_items:2, Ракетные стабилизаторы 5-го уровня
extraplanets:tier5_items:3, Сверхпрочное покрытие
extraplanets:tier5_items:4, Сжатый палладиум
extraplanets:tier5_items:5, Палладиевый слиток
extraplanets:tier5_items:6, Сжатый никель
extraplanets:tier5_items:7, Никелевый слиток
extraplanets:tier5_items:8, Красный драгоценный камень
extraplanets:tier5_items:9, Порошковая зола
extraplanets:tier5_items:10, Пепельный осколок
extraplanets:tier5_items:11, Вулканический осколок
extraplanets:tier5_items:12, Вулканический слиток
extraplanets:t5key:0, Ключ от подземелья 5-го уровня
extraplanets:nickel_battery, Никелевый аккумулятор
extraplanets:item_tier6_rocket:0, Ракета 6-го уровня
extraplanets:item_tier6_rocket:1, Ракета 6-го уровня
extraplanets:item_tier6_rocket:2, Ракета 6-го уровня
extraplanets:item_tier6_rocket:3, Ракета 6-го уровня
extraplanets:item_tier6_rocket:4, Ракета 6-го уровня
extraplanets:schematic_tier6:0, Схема для верстака NASA
extraplanets:nose_cone_tier6:0, Носовой обтекатель 6-го уровня
extraplanets:tier6_items:0, Ракетные двигатели 6-го уровня
extraplanets:tier6_items:1, Ускоритель 6-го уровня
extraplanets:tier6_items:2, Ракетные стабилизаторы 6-го уровня
extraplanets:tier6_items:3, Сверхпрочное покрытие
extraplanets:tier6_items:4, Сжатый магний
extraplanets:tier6_items:5, Магниевый слиток
extraplanets:t6key:0, Ключ от подземелья 6-го уровня
extraplanets:item_tier7_rocket:0, Ракета 7-го уровня
extraplanets:item_tier7_rocket:1, Ракета 7-го уровня
extraplanets:item_tier7_rocket:2, Ракета 7-го уровня
extraplanets:item_tier7_rocket:3, Ракета 7-го уровня
extraplanets:item_tier7_rocket:4, Ракета 7-го уровня
extraplanets:schematic_tier7:0, Схема для верстака NASA
extraplanets:nose_cone_tier7:0, Носовой обтекатель 7-го уровня
extraplanets:tier7_items:0, Ракетные двигатели 7-го уровня
extraplanets:tier7_items:1, Ускоритель 7-го уровня
extraplanets:tier7_items:2, Ракетные стабилизаторы 7-го уровня
extraplanets:tier7_items:3, Сверхпрочное покрытие
extraplanets:tier7_items:4, Сжатый кристалл
extraplanets:tier7_items:5, Кристальный слиток
extraplanets:tier7_items:6, Сжатый усиленный кристалл
extraplanets:tier7_items:7, Белый драгоценный камень
extraplanets:t7key:0, Ключ от подземелья 7-го уровня
extraplanets:item_tier8_rocket:0, Ракета 8-го уровня
extraplanets:item_tier8_rocket:1, Ракета 8-го уровня
extraplanets:item_tier8_rocket:2, Ракета 8-го уровня
extraplanets:item_tier8_rocket:3, Ракета 8-го уровня
extraplanets:item_tier8_rocket:4, Ракета 8-го уровня
extraplanets:schematic_tier8:0, Схема для верстака NASA
extraplanets:nose_cone_tier8:0, Носовой обтекатель 8-го уровня
extraplanets:tier8_items:0, Ракетные двигатели 8-го уровня
extraplanets:tier8_items:1, Ускоритель 8-го уровня
extraplanets:tier8_items:2, Ракетные стабилизаторы 8-го уровня
extraplanets:tier8_items:3, Сверхпрочное покрытие
extraplanets:tier8_items:4, Сжатый цинк
extraplanets:tier8_items:5, Цинковый слиток
extraplanets:tier8_items:6, Синий драгоценный камень
extraplanets:t8key:0, Ключ от подземелья 8-го уровня
extraplanets:zinc_battery, Цинковый аккумулятор
extraplanets:item_tier9_rocket:0, Ракета 9-го уровня
extraplanets:item_tier9_rocket:1, Ракета 9-го уровня
extraplanets:item_tier9_rocket:2, Ракета 9-го уровня
extraplanets:item_tier9_rocket:3, Ракета 9-го уровня
extraplanets:item_tier9_rocket:4, Ракета 9-го уровня
extraplanets:schematic_tier9:0, Схема для верстака NASA
extraplanets:nose_cone_tier9:0, Носовой обтекатель 9-го уровня
extraplanets:tier9_items:0, Ракетные двигатели 9-го уровня
extraplanets:tier9_items:1, Ускоритель 9-го уровня
extraplanets:tier9_items:2, Ракетные стабилизаторы 9-го уровня
extraplanets:tier9_items:3, Сверхпрочное покрытие
extraplanets:tier9_items:4, Сжатый вольфрам
extraplanets:tier9_items:5, Вольфрамовый слиток
extraplanets:t9key:0, Ключ от подземелья 9-го уровня
extraplanets:item_tier10_rocket:0, Ракета 10-го уровня
extraplanets:item_tier10_rocket:1, Ракета 10-го уровня
extraplanets:item_tier10_rocket:2, Ракета 10-го уровня
extraplanets:item_tier10_rocket:3, Ракета 10-го уровня
extraplanets:item_tier10_rocket:4, Ракета 10-го уровня
extraplanets:schematic_tier10:0, Схема для верстака NASA
extraplanets:nose_cone_tier10:0, Носовой обтекатель 10-го уровня
extraplanets:tier10_items:0, Ракетные двигатели 10-го уровня
extraplanets:tier10_items:1, Ускоритель 10-го уровня
extraplanets:tier10_items:2, Ракетные стабилизаторы 10-го уровня
extraplanets:tier10_items:3, Сверхпрочное покрытие
extraplanets:tier10_items:4, Сжатое тёмное железо
extraplanets:tier10_items:5, Слиток тёмного железа
extraplanets:t10key:0, Ключ от подземелья 10-го уровня
extraplanets:schematic_tier10_electric_rocket:0, Схема для верстака NASA
extraplanets:tier11_items:0, Синий алмаз
extraplanets:tier11_items:1, Красный алмаз
extraplanets:tier11_items:2, Фиолетовый алмаз
extraplanets:tier11_items:3, Жёлтый алмаз
extraplanets:tier11_items:4, Зелёный алмаз
extraplanets:tier11_items:5, Платиновый слиток
extraplanets:tier11_items:6, Сжатая платина
extraplanets:tier11_items:7, Синяя палка
extraplanets:tier11_items:8, Красная палка
extraplanets:tier11_items:9, Фиолетовая палка
extraplanets:tier11_items:10, Желтая палка
extraplanets:tier11_items:11, Зеленая палка
extraplanets:tier11_items:12, Коричневая палка
extraplanets:apple_diamond:0, Алмазное яблоко
extraplanets:apple_diamond:1, Алмазное яблоко
extraplanets:apple_iron:0, Железное яблоко
extraplanets:apple_iron:1, Железное яблоко
extraplanets:thermal_cloth:0, Теплоустойчивая ткань 3-го уровня
extraplanets:thermal_cloth:1, Теплоустойчивая ткань 4-го уровня
extraplanets:thermal_cloth:2, Теплоустойчивая ткань 5-го уровня
extraplanets:tier3_thermal_padding:0, Теплоустойчивый шлем 3-го уровня
extraplanets:tier3_thermal_padding:1, Теплоустойчивый нагрудник 3-го уровня
extraplanets:tier3_thermal_padding:2, Теплоустойчивые поножи 3-го уровня
extraplanets:tier3_thermal_padding:3, Теплоустойчивые ботинки 3-го уровня
extraplanets:tier4_thermal_padding:0, Теплоустойчивый шлем  4-го уровня
extraplanets:tier4_thermal_padding:1, Теплоустойчивый нагрудник 4-го уровня
extraplanets:tier4_thermal_padding:2, Теплоустойчивые поножи 4-го уровня
extraplanets:tier4_thermal_padding:3, Теплоустойчивые ботинки 4-го уровня
extraplanets:tier5_thermal_padding:0, Теплоустойчивый шлем 5-го уровня
extraplanets:tier5_thermal_padding:1, Теплоустойчивый нагрудник 5-го уровня
extraplanets:tier5_thermal_padding:2, Теплоустойчивые поножи 5-го уровня
extraplanets:tier5_thermal_padding:3, Теплоустойчивые ботинки 5-го уровня
extraplanets:advanced_battery, Улучшенный аккумулятор
extraplanets:ultimate_battery, Максимальный аккумулятор
extraplanets:massive_battery, Массивный аккумулятор
extraplanets:oxygen_tank_very_heavy_full, Очень большой кислородный баллон
extraplanets:oxygen_tank_extremely_heavy_full, Чрезвычайно большой кислородный баллон
extraplanets:tier1_pressure_layer:0, Слой "Давление" 1-го уровня
extraplanets:tier2_pressure_layer:0, Слой "Давление" 2-го уровня
extraplanets:tier3_pressure_layer:0, Слой "Давление" 3-го уровня
extraplanets:tier4_pressure_layer:0, Слой "Давление" 4-го уровня
extraplanets:tier1_radiation_layer:0, Слой "Радиация" 1-го уровня
extraplanets:tier2_radiation_layer:0, Слой "Радиация" 2-го уровня
extraplanets:tier3_radiation_layer:0, Слой "Радиация" 3-го уровня
extraplanets:tier4_radiation_layer:0, Слой "Радиация" 4-го уровня
extraplanets:tier1_armor_layer:0, Слой "Броня" 1-го уровня
extraplanets:tier2_armor_layer:0, Слой "Броня" 2-го уровня
extraplanets:tier3_armor_layer:0, Слой "Броня" 3-го уровня
extraplanets:tier4_armor_layer:0, Слой "Броня" 4-го уровня
extraplanets:tier1_un_prepared_space_suit_helmet:0, Шлем неподготовленного космического скафандра 1-го уровня
extraplanets:tier1_un_prepared_space_suit_chest:0, Нагрудник неподготовленного космического скафандра 1-го уровня
extraplanets:tier1_un_prepared_space_suit_legings:0, Поножи неподготовленного космического скафандра 1-го уровня
extraplanets:tier1_un_prepared_space_suit_boots:0, Ботинки неподготовленного космического скафандра 1-го уровня
extraplanets:tier2_un_prepared_space_suit_helmet:0, Шлем неподготовленного космического скафандра 2-го уровня
extraplanets:tier2_un_prepared_space_suit_chest:0, Нагрудник неподготовленного космического скафандра 2-го уровня
extraplanets:tier2_un_prepared_space_suit_legings:0, Поножи неподготовленного космического скафандра 2-го уровня
extraplanets:tier2_un_prepared_space_suit_boots:0, Ботинки неподготовленного космического скафандра 2-го уровня
extraplanets:tier3_un_prepared_space_suit_helmet:0, Шлем неподготовленного космического скафандра 3-го уровня
extraplanets:tier3_un_prepared_space_suit_chest:0, Нагрудник неподготовленного космического скафандра 3-го уровня
extraplanets:tier3_un_prepared_space_suit_legings:0, Поножи неподготовленного космического скафандра 3-го уровня
extraplanets:tier3_un_prepared_space_suit_boots:0, Ботинки неподготовленного космического скафандра 3-го уровня
extraplanets:tier4_un_prepared_space_suit_helmet:0, Шлем неподготовленного космического скафандра 4-го уровня
extraplanets:tier4_un_prepared_space_suit_chest:0, Нагрудник неподготовленного космического скафандра 4-го уровня
extraplanets:tier4_un_prepared_space_suit_legings:0, Поножи неподготовленного космического скафандра 4-го уровня
extraplanets:tier4_un_prepared_space_suit_boots:0, Ботинки неподготовленного космического скафандра 4-го уровня
extraplanets:enviro_emergency_kit, Комплект для экстренных ситуаций
extraplanets:module_items:0, Модуль отсутствия повреждения при падении
extraplanets:module_items:1, Кислородный контроллер
extraplanets:module_items:2, Контроллер космического снаряжения
extraplanets:iodide_salt:0, Йодированная соль
extraplanets:potassium_iodide:0, Иодид калия
extraplanets:potassium:0, Калий
extraplanets:potash_shards:0, Осколок калия
extraplanets:anti_radiation:0, Анти-рад
extraplanets:mars_rover, Марсианский ровер
extraplanets:schematic_mars_rover, Схема для верстака NASA
extraplanets:venus_rover, Венерианский ровер
extraplanets:schematic_venus_rover, Схема для верстака NASA
extraplanets:electric_parts:0, Аккумулятор 1-го уровня
extraplanets:electric_parts:1, Аккумулятор 2-го уровня
extraplanets:electric_parts:2, Колесо 1-го уровня
extraplanets:electric_parts:3, Колесо 2-го уровня
extraplanets:canned_food:0, Консервированная еда
extraplanets:canned_food:1, Консервированная еда
extraplanets:canned_food:2, Консервированная еда
extraplanets:canned_food:3, Консервированная еда
extraplanets:wafer:0, Алмазная полупроводниковая пластина
extraplanets:wafer:1, Углеродная полупроводниковая пластина
extraplanets:wafer:2, Титановая полупроводниковая пластина
extraplanets:wafer:3, Полупроводниковая пластина из красного драгоценного камня
extraplanets:wafer:4, Полупроводниковая пластина из синего драгоценного камня
extraplanets:wafer:5, Полупроводниковая пластина из белого драгоценного камня
extraplanets:ingot_lead:0, Свинцовый слиток
extraplanets:cloth:0, Шерстяная ткань
extraplanets:tools:0, Кувалда
extraplanets:tools:1, Шлифовальный круг
extraplanets:tools:2, Строчная сетка
extraplanets:tools:3, Фильтр
extraplanets:gravity_controller:0, Контроллер гравитации
extraplanets:tier1_kit:0, Полный комплект 1-го уровня
extraplanets:tier1_kit:1, Комплект базовых установок 1-го уровня
extraplanets:tier1_kit:2, Полный комплект 1-го уровня без кислорода
extraplanets:tier1_kit:3, Полный комплект 1-го уровня без тепловой защиты
extraplanets:tier1_kit:4, Кислородный комплект 1-го уровня
extraplanets:tier1_kit:5, Защитный комплект 1-го уровня
extraplanets:tier2_kit:0, Полный комплект 2-го уровня
extraplanets:tier2_kit:1, Комплект базовых установок 2-го уровня
extraplanets:tier2_kit:2, Полный комплект 2-го уровня без кислорода
extraplanets:tier2_kit:3, Полный комплект 2-го уровня без тепловой защиты
extraplanets:tier2_kit:4, Кислородный комплект 2-го уровня
extraplanets:tier2_kit:5, Защитный комплект 2-го уровня
extraplanets:tier3_kit:0, Полный комплект 3-го уровня
extraplanets:tier3_kit:1, Комплект базовых установок 3-го уровня
extraplanets:tier3_kit:2, Полный комплект 3-го уровня без кислорода
extraplanets:tier3_kit:3, Полный комплект 3-го уровня без тепловой защиты
extraplanets:tier3_kit:4, Кислородный комплект 3-го уровня
extraplanets:tier3_kit:5, Защитный комплект 3-го уровня
extraplanets:tier4_kit:0, Полный комплект 4-го уровня
extraplanets:tier4_kit:1, Комплект базовых установок 4-го уровня
extraplanets:tier4_kit:2, Полный комплект 4-го уровня без кислорода
extraplanets:tier4_kit:3, Полный комплект 4-го уровня без тепловой защиты
extraplanets:tier4_kit:4, Кислородный комплект 4-го уровня
extraplanets:tier4_kit:5, Защитный комплект 4-го уровня
extraplanets:tier5_kit:0, Полный комплект 5-го уровня
extraplanets:tier5_kit:1, Комплект базовых установок 5-го уровня
extraplanets:tier5_kit:2, Полный комплект 5-го уровня без кислорода
extraplanets:tier5_kit:3, Полный комплект 5-го уровня без тепловой защиты
extraplanets:tier5_kit:4, Кислородный комплект 5-го уровня
extraplanets:tier5_kit:5, Защитный комплект 5-го уровня
extraplanets:item_tier10_electric_rocket:0, Электрическая ракета 10-го уровня
extraplanets:item_tier10_electric_rocket:1, Электрическая ракета 10-го уровня
extraplanets:item_tier10_electric_rocket:2, Электрическая ракета 10-го уровня
extraplanets:item_tier10_electric_rocket:3, Электрическая ракета 10-го уровня
extraplanets:item_tier10_electric_rocket:4, Электрическая ракета 10-го уровня
extraplanets:geiger_counter:0, Счётчик Гейгера
extraplanets:white_sugar_cane_item, Белый сахарный тростник
extraplanets:chocolate_bar, Плитка шоколада
extraplanets:caramel_bar, Плитка карамели
extraplanets:oxygen_tank_light_full_black, Лёгкий кислородный баллон
extraplanets:oxygen_tank_light_full_red, Лёгкий кислородный баллон
extraplanets:oxygen_tank_light_full_green, Лёгкий кислородный баллон
extraplanets:oxygen_tank_light_full_brown, Лёгкий кислородный баллон
extraplanets:oxygen_tank_light_full_blue, Лёгкий кислородный баллон
extraplanets:oxygen_tank_light_full_purple, Лёгкий кислородный баллон
extraplanets:oxygen_tank_light_full_cyan, Лёгкий кислородный баллон
extraplanets:oxygen_tank_light_full_light_gray, Лёгкий кислородный баллон
extraplanets:oxygen_tank_light_full_gray, Лёгкий кислородный баллон
extraplanets:oxygen_tank_light_full_pink, Лёгкий кислородный баллон
extraplanets:oxygen_tank_light_full_yellow, Лёгкий кислородный баллон
extraplanets:oxygen_tank_light_full_light_blue, Лёгкий кислородный баллон
extraplanets:oxygen_tank_light_full_magenta, Лёгкий кислородный баллон
extraplanets:oxygen_tank_light_full_orange, Лёгкий кислородный баллон
extraplanets:oxygen_tank_light_full_white, Лёгкий кислородный баллон
extraplanets:oxygen_tank_med_full_black, Средний кислородный баллон
extraplanets:oxygen_tank_med_full_red, Средний кислородный баллон
extraplanets:oxygen_tank_med_full_green, Средний кислородный баллон
extraplanets:oxygen_tank_med_full_brown, Средний кислородный баллон
extraplanets:oxygen_tank_med_full_blue, Средний кислородный баллон
extraplanets:oxygen_tank_med_full_purple, Средний кислородный баллон
extraplanets:oxygen_tank_med_full_cyan, Средний кислородный баллон
extraplanets:oxygen_tank_med_full_light_gray, Средний кислородный баллон
extraplanets:oxygen_tank_med_full_gray, Средний кислородный баллон
extraplanets:oxygen_tank_med_full_pink, Средний кислородный баллон
extraplanets:oxygen_tank_med_full_yellow, Средний кислородный баллон
extraplanets:oxygen_tank_med_full_light_blue, Средний кислородный баллон
extraplanets:oxygen_tank_med_full_magenta, Средний кислородный баллон
extraplanets:oxygen_tank_med_full_lime, Средний кислородный баллон
extraplanets:oxygen_tank_med_full_white, Средний кислородный баллон
extraplanets:oxygen_tank_heavy_full_black, Тяжёлый кислородный баллон
extraplanets:oxygen_tank_heavy_full_lime, Тяжёлый кислородный баллон
extraplanets:oxygen_tank_heavy_full_green, Тяжёлый кислородный баллон
extraplanets:oxygen_tank_heavy_full_brown, Тяжёлый кислородный баллон
extraplanets:oxygen_tank_heavy_full_blue, Тяжёлый кислородный баллон
extraplanets:oxygen_tank_heavy_full_purple, Тяжёлый кислородный баллон
extraplanets:oxygen_tank_heavy_full_cyan, Тяжёлый кислородный баллон
extraplanets:oxygen_tank_heavy_full_light_gray, Тяжёлый кислородный баллон
extraplanets:oxygen_tank_heavy_full_gray, Тяжёлый кислородный баллон
extraplanets:oxygen_tank_heavy_full_pink, Тяжёлый кислородный баллон
extraplanets:oxygen_tank_heavy_full_yellow, Тяжёлый кислородный баллон
extraplanets:oxygen_tank_heavy_full_light_blue, Тяжёлый кислородный баллон
extraplanets:oxygen_tank_heavy_full_magenta, Тяжёлый кислородный баллон
extraplanets:oxygen_tank_heavy_full_orange, Тяжёлый кислородный баллон
extraplanets:oxygen_tank_heavy_full_white, Тяжёлый кислородный баллон
fluxnetworks:flux, Флакс
fluxnetworks:fluxcore, Флаксовое ядро
fluxnetworks:fluxconfigurator, Флаксовый конфигуратор
fluxnetworks:adminconfigurator, Административный конфигуратор
fluxnetworks:fluxblock, Флаксовый блок
fluxnetworks:fluxplug, Флаксовый разъём
fluxnetworks:fluxpoint, Флаксовая точка
fluxnetworks:fluxcontroller, Флаксовый контроллер
fluxnetworks:fluxstorage, Базовое флаксовое хранилище
fluxnetworks:herculeanfluxstorage, Геркулесовое флаксовое хранилище
fluxnetworks:gargantuanfluxstorage, Гигантское флаксовое хранилище
ic2additions:super_conduct_cable, Сверхпроводящий Кабель
ic2additions:ultra_conduct_cable, Ультрапроводящий Кабель
ic2additions:absolute_cable, Абсолютный Кабель
ic2additions:iridium_rotor, ic2.iridium_rotor.name
ic2additions:photonium_rotor, ic2.photonium_rotor.name
ic2additions:giant_rotor, ic2.giant_rotor.name
ic2additions:sanarium_shard, Осколок Саннариума
ic2additions:sanarium, Саннариум
ic2additions:sanarium_alloy, Сплав Саннария
ic2additions:enrichted_sanarium, Обогащённый Саннариум
ic2additions:enrichted_sanarium_alloy, Сплав Сбогащённого Саннариума
ic2additions:irradiant_glass_pane, Излучающая Стеклянная Санель
ic2additions:iridium_iron_plate, Иридиевая-Железная Пластина
ic2additions:reinforced_iridium_iron_plate, Укреплённая Иридиевая-Железная Пластина
ic2additions:irradiant_reinforced_plate, Излучающая Укреплённая Пластина
ic2additions:breeder_core, Ядро Реактора Размножителя
ic2additions:mt_core, Мт Ядро
ic2additions:quantum_core, Квантовое Ядро
ic2additions:vajra_core, Ядро Важры
ic2additions:cooling_core, Охлаждающее Ядро
ic2additions:engine_booster, Ускоритель Для Двигателя
ic2additions:gravitation_engine, Гравитационный Двигатель
ic2additions:magnetron, Магнетрон HV
ic2additions:super_conductor, Сверхпроводник
ic2additions:super_conductor_cover, Изоляция Для Сверхпроводника
ic2additions:iridium_rotor_blade, Иридиевая Лопасть Ротора
ic2additions:photonium_rotor_blade, Фотонная Лопасть Ротора
ic2additions:advanced_coil, Улучшенная Катушка
ic2additions:nano_coil, Нано Катушка
ic2additions:quantum_coil, Квантовая Катушка
ic2additions:advanced_electric_motor, Улучшенный Электро-Мотор
ic2additions:nano_electric_motor, Нано Электро-Мотор
ic2additions:quantum_electric_motor, Квантовый Электро-Мотор
ic2additions:hybrid_circuit, Гибридная Электросхема
ic2additions:nano_circuit, Нано Электросхема
ic2additions:quantum_circuit, Квантовая Электросхема
ic2additions:photon, Фотон
ic2additions:fullerite, Фюллерит
ic2additions:sheathing_1, Термоядерная Оболочка Реактора Д-Т
ic2additions:solar_panel_upgrade, Улучшение Солнечной Панели
ic2additions:beam_focusing_lens, Фокусирующая Линза Луча
ic2additions:recoil_stabilizer_frame, Каркас Стабилизации Отдачи
ic2additions:energy_compression_chamber, Камера Сжатия Энергии
ic2additions:energy_capacitor_core, Ядро Энергетического Конденсатора
ic2additions:laser_emitter_module, Модуль Лазерного Излучателя
ic2additions:control_unit, Блок Управления
ic2additions:energy_regulator_block, Блок Стабилизации Энергии
ic2additions:cooling_assembler, Сборщик Системы Охлаждения
ic2additions:cold_composite_slurry_sheathing, Охлаждённая Композитная Суспензия Оболочки
ic2additions:carbon_sheathing_dust, Порошок Углеродной Оболочки
ic2additions:composite_slurry_sheathing, Композитная Суспензия Оболочки
ic2additions:carbon_sheathing, Обшивка Из Углепластика
ic2additions:nano_sheathing, Нановолоконная Обшивка
ic2additions:quantum_sheathing, Квантовая Обшивка
ic2additions:raw_tritanium_ingot, Слиток Сырого Тританиума
ic2additions:tritanium_ingot, Слиток Тританиума
ic2additions:raw_tritanium_plate, Сырая Тританиевая Пластина
ic2additions:tritanium_plate, Тританиевая Пластина
ic2additions:thermosil_plate, Плита Термосила
ic2additions:crushed_thorium, Измельчённая Ториевая Руда
ic2additions:purified_thorium, Очищенная Измельчённая Ториевая Руда
ic2additions:gold_250_crushed, Пыль Золота-250
ic2additions:gold_250, Слиток Золота-250
ic2additions:irradiant_purified_uranium, Излучающий Очищенный Уран
ic2additions:irradiant_uranium_ingot, Излучающий Уран
ic2additions:enriched_iridium, Обогащённый Иридий
ic2additions:netherstar_uranium, Слиток Незерстар-Урана
ic2additions:thorium, Торий
ic2additions:thorium_232, Торий-232
ic2additions:uranium_233, Уран-233
ic2additions:plutonium_fuel, Плутониевое Топливо
ic2additions:neptunium_239, Нептуний-239
ic2additions:neptunium_237, Нептуний-237
ic2additions:americium, Америций
ic2additions:curium, Кюрий
ic2additions:berkeley, Берклий
ic2additions:californium_252, Калифорний-252
ic2additions:radioactive_waste, Радиоактивные Отходы
ic2additions:uranium238pellet, Пеллета Урана-238
ic2additions:enriched_sannarium_pellet, Пеллета Обогащённого Санария
ic2additions:plutonium_pellet, Пеллета Плутония
ic2additions:neptunium_pellet, Пеллета Нептуния
ic2additions:americium_pellet, Пеллета Америция
ic2additions:californium_pellet, Пеллета Калифорния
ic2additions:gold250_pellet, Пеллета Золота-250
ic2additions:lithium_rod, Литиевый Стержень
ic2additions:tritium_rod, Тритиевый Стержень
ic2additions:plutonium_fuel_rod, ic2.plutonium_fuel_rod.name
ic2additions:plutonium_double_fuel_rod, ic2.plutonium_double_fuel_rod.name
ic2additions:plutonium_quad_fuel_rod, ic2.plutonium_quad_fuel_rod.name
ic2additions:plutonium_rod, Стержень (Плутоний)
ic2additions:plutonium_double_rod, Двойной Стержень (Плутоний)
ic2additions:plutonium_quad_rod, Четверной Стержень (Плутоний)
ic2additions:depleted_plutonium, ic2.depleted_plutonium.name
ic2additions:depleted_dual_plutonium, ic2.depleted_dual_plutonium.name
ic2additions:depleted_quad_plutonium, ic2.depleted_quad_plutonium.name
ic2additions:thorium232_fuel_rod, Стержень (Торий)
ic2additions:thorium232_double_fuel_rod, Двойной Стержень (Торий)
ic2additions:thorium232_quad_fuel_rod, Четверной Стержень (Торий)
ic2additions:thorium_fuel_rod, ic2.thorium_fuel_rod.name
ic2additions:thorium_double_fuel_rod, ic2.thorium_double_fuel_rod.name
ic2additions:thorium_quad_fuel_rod, ic2.thorium_quad_fuel_rod.name
ic2additions:depleted_thorium, ic2.depleted_thorium.name
ic2additions:depleted_dual_thorium, ic2.depleted_dual_thorium.name
ic2additions:depleted_quad_thorium, ic2.depleted_quad_thorium.name
ic2additions:neptunium_fuel_rod, ic2.neptunium_fuel_rod.name
ic2additions:neptunium_double_fuel_rod, ic2.neptunium_double_fuel_rod.name
ic2additions:neptunium_quad_fuel_rod, ic2.neptunium_quad_fuel_rod.name
ic2additions:depleted_neptunium, ic2.depleted_neptunium.name
ic2additions:depleted_dual_neptunium, ic2.depleted_dual_neptunium.name
ic2additions:depleted_quad_neptunium, ic2.depleted_quad_neptunium.name
ic2additions:neptunium_rod, Стержень (Нептуний)
ic2additions:neptunium_dual_rod, Двойной Стержень (Нептуний)
ic2additions:neptunium_quad_rod, Четверной Стержень (Нептуний)
ic2additions:californium_fuel_rod, ic2.californium_fuel_rod.name
ic2additions:californium_double_fuel_rod, ic2.californium_double_fuel_rod.name
ic2additions:californium_quad_fuel_rod, ic2.californium_quad_fuel_rod.name
ic2additions:depleted_californium, ic2.depleted_californium.name
ic2additions:depleted_dual_californium, ic2.depleted_dual_californium.name
ic2additions:depleted_quad_californium, ic2.depleted_quad_californium.name
ic2additions:gold250_thorium_rod, ic2.gold250_thorium_rod.name
ic2additions:gold250_thorium_dual_rod, ic2.gold250_thorium_dual_rod.name
ic2additions:gold250_thorium_quad_rod, ic2.gold250_thorium_quad_rod.name
ic2additions:gold250_uranium_rod, ic2.gold250_uranium_rod.name
ic2additions:gold250_uranium_dual_rod, ic2.gold250_uranium_dual_rod.name
ic2additions:gold250_uranium_quad_rod, ic2.gold250_uranium_quad_rod.name
ic2additions:gold250_mox_rod, ic2.gold250_mox_rod.name
ic2additions:gold250_mox_dual_rod, ic2.gold250_mox_dual_rod.name
ic2additions:gold250_mox_quad_rod, ic2.gold250_mox_quad_rod.name
ic2additions:gold250_plutonium_rod, ic2.gold250_plutonium_rod.name
ic2additions:gold250_plutonium_dual_rod, ic2.gold250_plutonium_dual_rod.name
ic2additions:gold250_plutonium_quad_rod, ic2.gold250_plutonium_quad_rod.name
ic2additions:gold250_neptunium_rod, ic2.gold250_neptunium_rod.name
ic2additions:gold250_neptunium_dual_rod, ic2.gold250_neptunium_dual_rod.name
ic2additions:gold250_neptunium_quad_rod, ic2.gold250_neptunium_quad_rod.name
ic2additions:gold250_californium_rod, ic2.gold250_californium_rod.name
ic2additions:gold250_californium_dual_rod, ic2.gold250_californium_dual_rod.name
ic2additions:gold250_californium_quad_rod, ic2.gold250_californium_quad_rod.name
ic2additions:music_disc_communism, Музыкальный Диск
ic2additions:raidens_vodka, Бутылка Водки(Перепёлка)
ic2additions:plasmatron_crystal, ic2.plasmatron_crystal.name
ic2additions:auraton_crystal, ic2.auraton_crystal.name
ic2additions:quantum_crystal, ic2.quantum_crystal.name
ic2additions:photon_crystal, ic2.photon_crystal.name
ic2additions:advanced_drill, ic2.advanced_drill.name
ic2additions:nano_drill, ic2.nano_drill.name
ic2additions:quantum_drill, ic2.quantum_drill.name
ic2additions:gravitool, item.ic2additions.gravitool.name
ic2additions:vajra, ic2.vajra.name
ic2additions:advanced_vajra, ic2.advanced_vajra.name
ic2additions:advanced_saber, ic2.advanced_saber.name
ic2additions:quantum_saber, ic2.quantum_saber.name
ic2additions:laser_rifle, LR-7 Лазерная Винтовка
ic2additions:automatic_laser_rifle, AR-9 Автоматическая Лазерная Винтовка
ic2additions:laser_shotgun, VX-12 Лазерный Дробовик
ic2additions:laser_rifle_mag, ic2.laser_rifle_mag.name
ic2additions:automatic_laser_rifle_mag, ic2.automatic_laser_rifle_mag.name
ic2additions:laser_shotgun_mag, ic2.laser_shotgun_mag.name
ic2additions:fire_proximity_helmet, Огнеупорный Шлем
ic2additions:fire_proximity_chest, Огнеупорный Нагрудник
ic2additions:fire_proximity_leggings, Огнеупорные Поножи
ic2additions:fire_proximity_boots, Огнеупорные Ботинки
ic2additions:thermo_hazmat_helmet, Огнеупорный-Защитный Шлем
ic2additions:thermo_hazmat_chest, Огнеупорный-Защитный Нагрудник
ic2additions:thermo_hazmat_leggings, Огнеупорные-Защитные Поножи
ic2additions:thermo_hazmat_boots, Огнеупорные-Защитные Ботинки
ic2additions:nano_new_helmet, ic2.nano_new_helmet.name
ic2additions:nano_new_chestplate, ic2.nano_new_chestplate.name
ic2additions:nano_new_leggings, ic2.nano_new_leggings.name
ic2additions:nano_new_boots, ic2.nano_new_boots.name
ic2additions:advanced_nano_helmet, item.ic2additions.advanced_nano_helmet.name
ic2additions:advanced_nano_chestplate, item.ic2additions.advanced_nano_chestplate.name
ic2additions:advanced_nano_leggings, item.ic2additions.advanced_nano_leggings.name
ic2additions:advanced_nano_boots, item.ic2additions.advanced_nano_boots.name
ic2additions:seraphim_mk2_helmet, item.ic2additions.seraphim_mk2_helmet.name
ic2additions:seraphim_mk2_chestplate, item.ic2additions.seraphim_mk2_chestplate.name
ic2additions:seraphim_mk2_leggings, item.ic2additions.seraphim_mk2_leggings.name
ic2additions:seraphim_mk2_boots, item.ic2additions.seraphim_mk2_boots.name
ic2additions:prototype_quant_helmet, item.ic2additions.prototype_quant_helmet.name
ic2additions:prototype_quant_chest, item.ic2additions.prototype_quant_chest.name
ic2additions:prototype_quant_leggings, item.ic2additions.prototype_quant_leggings.name
ic2additions:prototype_quant_boots, item.ic2additions.prototype_quant_boots.name
ic2additions:advanced_quantum_helmet, item.ic2additions.advanced_quantum_helmet.name
ic2additions:advanced_quantum_chestplate, item.ic2additions.advanced_quantum_chestplate.name
ic2additions:advanced_quantum_leggings, item.ic2additions.advanced_quantum_leggings.name
ic2additions:advanced_quantum_boots, item.ic2additions.advanced_quantum_boots.name
ic2additions:molecular_helmet, item.ic2additions.molecular_helmet.name
ic2additions:molecular_chestplate, item.ic2additions.molecular_chestplate.name
ic2additions:molecular_leggings, item.ic2additions.molecular_leggings.name
ic2additions:molecular_boots, item.ic2additions.molecular_boots.name
ic2additions:advanced_electric_jetpack, ic2.advanced_electric_jetpack.name
ic2additions:advanced_pack, item.ic2additions.advanced_pack.name
ic2additions:ultimate_pack, item.ic2additions.ultimate_pack.name
ic2additions:unreal_pack, item.ic2additions.unreal_pack.name
ic2additions:fusion_reactor_coil, Катушка Для Термоядерного Реактора
ic2additions:iridium_coil, Иридиевая Катушка
ic2additions:magnetic_ring, Магнитное Кольцо
ic2additions:heat_exchanger, Теплообменник
ic2additions:water_boiler, Бойлер
ic2additions:plasma_fabricator, Плазменный Синтезатор
ic2additions:deuterium_filter, Дейтериевый Фильтр
ic2additions:thorium_ore, Ториевая Руда
ic2additions:tritium_fluid, Тритий
ic2additions:deuterium_fluid, Дейтерий
ic2additions:hydrogen_peroxide, Пероксид Водорода
ic2additions:sulfuric_acid, Серная Кислота
ic2additions:composite_slurry, Обработанная Кислотой Композитная Суспензия
ic2additions:ultraheated_steam, Сверхгорячий Пар
ic2additions:plasma_fluid, Дейтериево-Тритиевая Плазма
mts:auweschveb.auweschveb_vehicle_jugo_blue, item.auweschveb.auweschveb_vehicle_jugo_blue.name
mts:auweschveb.auweschveb_vehicle_jugo_mustard, item.auweschveb.auweschveb_vehicle_jugo_mustard.name
mts:auweschveb.auweschveb_vehicle_jugo_navy, item.auweschveb.auweschveb_vehicle_jugo_navy.name
mts:auweschveb.auweschveb_vehicle_jugo_red, item.auweschveb.auweschveb_vehicle_jugo_red.name
mts:auweschveb.auweschveb_vehicle_jugo_white, item.auweschveb.auweschveb_vehicle_jugo_white.name
mts:auweschveb.auweschveb_vehicle_satellite_601, item.auweschveb.auweschveb_vehicle_satellite_601.name
mts:auweschveb.auweschveb_vehicle_satellite_601_kombi, item.auweschveb.auweschveb_vehicle_satellite_601_kombi.name
mts:auweschveb.auweschveb_vehicle_satellite_601_kombi_duotone_himmelblau, item.auweschveb.auweschveb_vehicle_satellite_601_kombi_duotone_himmelblau.name
mts:auweschveb.auweschveb_vehicle_satellite_601_kombi_duotone_rot, item.auweschveb.auweschveb_vehicle_satellite_601_kombi_duotone_rot.name
mts:auweschveb.auweschveb_vehicle_satellite_601_kombi_duotone_sennep, item.auweschveb.auweschveb_vehicle_satellite_601_kombi_duotone_sennep.name
mts:auweschveb.auweschveb_vehicle_satellite_601_kombi_grun, item.auweschveb.auweschveb_vehicle_satellite_601_kombi_grun.name
mts:auweschveb.auweschveb_vehicle_satellite_601_kombi_himmelblau, item.auweschveb.auweschveb_vehicle_satellite_601_kombi_himmelblau.name
mts:auweschveb.auweschveb_vehicle_satellite_601_kombi_sennep, item.auweschveb.auweschveb_vehicle_satellite_601_kombi_sennep.name
mts:auweschveb.auweschveb_vehicle_satellite_601_kombi_weiss, item.auweschveb.auweschveb_vehicle_satellite_601_kombi_weiss.name
mts:auweschveb.auweschveb_vehicle_satellite_601_limousine_duotone_himmelblau, item.auweschveb.auweschveb_vehicle_satellite_601_limousine_duotone_himmelblau.name
mts:auweschveb.auweschveb_vehicle_satellite_601_limousine_duotone_rot, item.auweschveb.auweschveb_vehicle_satellite_601_limousine_duotone_rot.name
mts:auweschveb.auweschveb_vehicle_satellite_601_limousine_duotone_sennep, item.auweschveb.auweschveb_vehicle_satellite_601_limousine_duotone_sennep.name
mts:auweschveb.auweschveb_vehicle_satellite_601_limousine_grun, item.auweschveb.auweschveb_vehicle_satellite_601_limousine_grun.name
mts:auweschveb.auweschveb_vehicle_satellite_601_limousine_himmelblau, item.auweschveb.auweschveb_vehicle_satellite_601_limousine_himmelblau.name
mts:auweschveb.auweschveb_vehicle_satellite_601_limousine_sennep, item.auweschveb.auweschveb_vehicle_satellite_601_limousine_sennep.name
mts:auweschveb.auweschveb_vehicle_satellite_601_limousine_weiss, item.auweschveb.auweschveb_vehicle_satellite_601_limousine_weiss.name
mts:auweschveb.auweschveb_vehicle_krakowiak_police, item.auweschveb.auweschveb_vehicle_krakowiak_police.name
mts:auweschveb.auweschveb_vehicle_krakowiak_police_2, item.auweschveb.auweschveb_vehicle_krakowiak_police_2.name
mts:auweschveb.auweschveb_vehicle_krakowiak_police_3, item.auweschveb.auweschveb_vehicle_krakowiak_police_3.name
mts:auweschveb.auweschveb_vehicle_krakowiak_red, item.auweschveb.auweschveb_vehicle_krakowiak_red.name
mts:auweschveb.auweschveb_vehicle_krakowiak_silver, item.auweschveb.auweschveb_vehicle_krakowiak_silver.name
mts:auweschveb.auweschveb_vehicle_krakowiak_white, item.auweschveb.auweschveb_vehicle_krakowiak_white.name
mts:auweschveb.auweschveb_vehicle_volgohod_black, item.auweschveb.auweschveb_vehicle_volgohod_black.name
mts:auweschveb.auweschveb_vehicle_volgohod_blue, item.auweschveb.auweschveb_vehicle_volgohod_blue.name
mts:auweschveb.auweschveb_vehicle_volgohod_green, item.auweschveb.auweschveb_vehicle_volgohod_green.name
mts:auweschveb.auweschveb_vehicle_volgohod_police, item.auweschveb.auweschveb_vehicle_volgohod_police.name
mts:auweschveb.auweschveb_vehicle_volgohod_police_2, item.auweschveb.auweschveb_vehicle_volgohod_police_2.name
mts:auweschveb.auweschveb_vehicle_volgohod_police_3, item.auweschveb.auweschveb_vehicle_volgohod_police_3.name
mts:auweschveb.auweschveb_vehicle_volgohod_red, item.auweschveb.auweschveb_vehicle_volgohod_red.name
mts:auweschveb.auweschveb_vehicle_volgohod_silver, item.auweschveb.auweschveb_vehicle_volgohod_silver.name
mts:auweschveb.auweschveb_vehicle_volgohod_taksi, item.auweschveb.auweschveb_vehicle_volgohod_taksi.name
mts:auweschveb.auweschveb_vehicle_volgohod_wagon_ambulance, item.auweschveb.auweschveb_vehicle_volgohod_wagon_ambulance.name
mts:auweschveb.auweschveb_vehicle_volgohod_wagon_black, item.auweschveb.auweschveb_vehicle_volgohod_wagon_black.name
mts:auweschveb.auweschveb_vehicle_volgohod_wagon_blue, item.auweschveb.auweschveb_vehicle_volgohod_wagon_blue.name
mts:auweschveb.auweschveb_vehicle_volgohod_wagon_green, item.auweschveb.auweschveb_vehicle_volgohod_wagon_green.name
mts:auweschveb.auweschveb_vehicle_volgohod_wagon_red, item.auweschveb.auweschveb_vehicle_volgohod_wagon_red.name
mts:auweschveb.auweschveb_vehicle_volgohod_wagon_silver, item.auweschveb.auweschveb_vehicle_volgohod_wagon_silver.name
mts:auweschveb.auweschveb_vehicle_volgohod_wagon_taksi, item.auweschveb.auweschveb_vehicle_volgohod_wagon_taksi.name
mts:auweschveb.auweschveb_vehicle_volgohod_wagon_white, item.auweschveb.auweschveb_vehicle_volgohod_wagon_white.name
mts:auweschveb.auweschveb_vehicle_volgohod_white, item.auweschveb.auweschveb_vehicle_volgohod_white.name
mts:auweschveb.auweschveb_vehicle_volgohodz_black, item.auweschveb.auweschveb_vehicle_volgohodz_black.name
mts:auweschveb.auweschveb_vehicle_volgohodz_blue, item.auweschveb.auweschveb_vehicle_volgohodz_blue.name
mts:auweschveb.auweschveb_vehicle_volgohodz_green, item.auweschveb.auweschveb_vehicle_volgohodz_green.name
mts:auweschveb.auweschveb_vehicle_volgohodz_police, item.auweschveb.auweschveb_vehicle_volgohodz_police.name
mts:auweschveb.auweschveb_vehicle_volgohodz_police_2, item.auweschveb.auweschveb_vehicle_volgohodz_police_2.name
mts:auweschveb.auweschveb_vehicle_volgohodz_police_3, item.auweschveb.auweschveb_vehicle_volgohodz_police_3.name
mts:auweschveb.auweschveb_vehicle_volgohodz_red, item.auweschveb.auweschveb_vehicle_volgohodz_red.name
mts:auweschveb.auweschveb_vehicle_volgohodz_silver, item.auweschveb.auweschveb_vehicle_volgohodz_silver.name
mts:auweschveb.auweschveb_vehicle_volgohodz_taksi, item.auweschveb.auweschveb_vehicle_volgohodz_taksi.name
mts:auweschveb.auweschveb_vehicle_volgohodz_white, item.auweschveb.auweschveb_vehicle_volgohodz_white.name
mts:auweschveb.auweschveb_vehicle_voron_black, item.auweschveb.auweschveb_vehicle_voron_black.name
mts:auweschveb.auweschveb_vehicle_a115_af, item.auweschveb.auweschveb_vehicle_a115_af.name
mts:auweschveb.auweschveb_vehicle_a115_fsavia, item.auweschveb.auweschveb_vehicle_a115_fsavia.name
mts:auweschveb.auweschveb_vehicle_a115_ip, item.auweschveb.auweschveb_vehicle_a115_ip.name
mts:auweschveb.auweschveb_vehicle_a115_mai, item.auweschveb.auweschveb_vehicle_a115_mai.name
mts:auweschveb.auweschveb_vehicle_khleb_ambulance, item.auweschveb.auweschveb_vehicle_khleb_ambulance.name
mts:auweschveb.auweschveb_vehicle_khleb_blue, item.auweschveb.auweschveb_vehicle_khleb_blue.name
mts:auweschveb.auweschveb_vehicle_khleb_drab, item.auweschveb.auweschveb_vehicle_khleb_drab.name
mts:auweschveb.auweschveb_vehicle_khleb_duotone_blue, item.auweschveb.auweschveb_vehicle_khleb_duotone_blue.name
mts:auweschveb.auweschveb_vehicle_khleb_duotone_green, item.auweschveb.auweschveb_vehicle_khleb_duotone_green.name
mts:auweschveb.auweschveb_vehicle_khleb_duotone_red, item.auweschveb.auweschveb_vehicle_khleb_duotone_red.name
mts:auweschveb.auweschveb_vehicle_khleb_fire, item.auweschveb.auweschveb_vehicle_khleb_fire.name
mts:auweschveb.auweschveb_vehicle_khleb_orange, item.auweschveb.auweschveb_vehicle_khleb_orange.name
mts:auweschveb.auweschveb_vehicle_khleb_police, item.auweschveb.auweschveb_vehicle_khleb_police.name
mts:auweschveb.auweschveb_vehicle_khleb_police_2, item.auweschveb.auweschveb_vehicle_khleb_police_2.name
mts:auweschveb.auweschveb_vehicle_khleb_police_3, item.auweschveb.auweschveb_vehicle_khleb_police_3.name
mts:auweschveb.auweschveb_vehicle_khleb_white, item.auweschveb.auweschveb_vehicle_khleb_white.name
mts:auweschveb.auweschveb_vehicle_naz_15tr, item.auweschveb.auweschveb_vehicle_naz_15tr.name
mts:auweschveb.auweschveb_rollingstock_shunter_diesel_2, item.auweschveb.auweschveb_rollingstock_shunter_diesel_2.name
mts:auweschveb.auweschveb_vehicle_tractor72_red, item.auweschveb.auweschveb_vehicle_tractor72_red.name
mts:auweschveb.auweschveb_vehicle_w50_blue, item.auweschveb.auweschveb_vehicle_w50_blue.name
mts:auweschveb.auweschveb_vehicle_w50_duotone, item.auweschveb.auweschveb_vehicle_w50_duotone.name
mts:auweschveb.auweschveb_vehicle_w50_gap, item.auweschveb.auweschveb_vehicle_w50_gap.name
mts:auweschveb.auweschveb_vehicle_w50_green, item.auweschveb.auweschveb_vehicle_w50_green.name
mts:auweschveb.auweschveb_vehicle_w50_green2, item.auweschveb.auweschveb_vehicle_w50_green2.name
mts:auweschveb.auweschveb_vehicle_w50_red, item.auweschveb.auweschveb_vehicle_w50_red.name
mts:auweschveb.auweschveb_vehicle_w50_smell, item.auweschveb.auweschveb_vehicle_w50_smell.name
mts:auweschveb.auweschveb_vehicle_w50_white, item.auweschveb.auweschveb_vehicle_w50_white.name
mts:auweschveb.auweschveb_vehicle_w50_yellow, item.auweschveb.auweschveb_vehicle_w50_yellow.name
mts:auweschveb.vehicle_satellite601_body, item.auweschveb.vehicle_satellite601_body.name
mts:auweschveb.vehicle_satellite601_body_ambulance, item.auweschveb.vehicle_satellite601_body_ambulance.name
mts:auweschveb.vehicle_satellite601_body_blue, item.auweschveb.vehicle_satellite601_body_blue.name
mts:auweschveb.vehicle_satellite601_body_fire, item.auweschveb.vehicle_satellite601_body_fire.name
mts:auweschveb.vehicle_satellite601_body_green, item.auweschveb.vehicle_satellite601_body_green.name
mts:auweschveb.vehicle_satellite601_body_police1, item.auweschveb.vehicle_satellite601_body_police1.name
mts:auweschveb.vehicle_satellite601_body_police2, item.auweschveb.vehicle_satellite601_body_police2.name
mts:auweschveb.vehicle_satellite601_body_police3, item.auweschveb.vehicle_satellite601_body_police3.name
mts:auweschveb.vehicle_satellite601_body_red, item.auweschveb.vehicle_satellite601_body_red.name
mts:auweschveb.vehicle_satellite601_body_taxi, item.auweschveb.vehicle_satellite601_body_taxi.name
mts:auweschveb.vehicle_satellite601_body_white, item.auweschveb.vehicle_satellite601_body_white.name
mts:auweschveb.vehicle_satellite601_body_yellow, item.auweschveb.vehicle_satellite601_body_yellow.name
mts:auweschveb.automobile_owner_manual, item.auweschveb.automobile_owner_manual.name
mts:auweschvebh.auweschveb_vehicle_airship_1, item.auweschvebh.auweschveb_vehicle_airship_1.name
mts:auweschvebh.auweschveb_vehicle_airship_1_mai, item.auweschvebh.auweschveb_vehicle_airship_1_mai.name
mts:auweschvebh.auweschveb_vehicle_gaz_a4, item.auweschvebh.auweschveb_vehicle_gaz_a4.name
mts:auweschvebh.auweschveb_vehicle_gaz_a4_caf, item.auweschvebh.auweschveb_vehicle_gaz_a4_caf.name
mts:auweschvebh.auweschveb_vehicle_gaz_a4_greenyellow, item.auweschvebh.auweschveb_vehicle_gaz_a4_greenyellow.name
mts:auweschvebh.auweschveb_vehicle_gaz_a4_horizontal, item.auweschvebh.auweschveb_vehicle_gaz_a4_horizontal.name
mts:auweschvebh.auweschveb_vehicle_gaz_a4_pin, item.auweschvebh.auweschveb_vehicle_gaz_a4_pin.name
mts:auweschvebh.auweschveb_vehicle_gaz_a4_redcommisar, item.auweschvebh.auweschveb_vehicle_gaz_a4_redcommisar.name
mts:auweschvebh.auweschveb_vehicle_gaz_a4_yellow, item.auweschvebh.auweschveb_vehicle_gaz_a4_yellow.name
mts:auweschvebh.auweschveb_vehicle_obj03_green, item.auweschvebh.auweschveb_vehicle_obj03_green.name
mts:auweschvebh.auweschveb_vehicle_obj04_green, item.auweschvebh.auweschveb_vehicle_obj04_green.name
mts:auweschvebh.auweschveb_vehicle_obj40_green, item.auweschvebh.auweschveb_vehicle_obj40_green.name
mts:auweschvebh.auweschveb_mem_red_baron, item.auweschvebh.auweschveb_mem_red_baron.name
mts:auweschvebh.auweschveb_part_turret_obj03_1, item.auweschvebh.auweschveb_part_turret_obj03_1.name
mts:auweschvebh.auweschveb_part_turret_obj03_2, item.auweschvebh.auweschveb_part_turret_obj03_2.name
mts:auweschvebh.auweschveb_part_turret_obj03_3, item.auweschvebh.auweschveb_part_turret_obj03_3.name
mts:auweschvebh.auweschveb_part_turret_obj04_2, item.auweschvebh.auweschveb_part_turret_obj04_2.name
mts:auweschvebh.auweschveb_part_turret_obj04_3, item.auweschvebh.auweschveb_part_turret_obj04_3.name
mts:auweschvebh.auweschveb_part_turret_obj40, item.auweschvebh.auweschveb_part_turret_obj40.name
mts:auweschvebh.auweschveb_part_x_obj_03, item.auweschvebh.auweschveb_part_x_obj_03.name
mts:auweschvebm.auweschveb_vehicle_a_heli_1_police, item.auweschvebm.auweschveb_vehicle_a_heli_1_police.name
mts:auweschvebm.auweschveb_vehicle_a_heli_1_standard, item.auweschvebm.auweschveb_vehicle_a_heli_1_standard.name
mts:auweschvebm.auweschveb_vehicle_a_yf20a_shsr, item.auweschvebm.auweschveb_vehicle_a_yf20a_shsr.name
mts:auweschvebm.auweschveb_vehicle_a_yf22_shsr, item.auweschvebm.auweschveb_vehicle_a_yf22_shsr.name
mts:auweschvebm.auweschveb_vehicle_a_yf22_shsrc, item.auweschvebm.auweschveb_vehicle_a_yf22_shsrc.name
mts:auweschvebm.auweschveb_vehicle_a_yf40_black, item.auweschvebm.auweschveb_vehicle_a_yf40_black.name
mts:auweschvebm.auweschveb_vehicle_a_yf40_camoflague, item.auweschvebm.auweschveb_vehicle_a_yf40_camoflague.name
mts:auweschvebm.auweschveb_vehicle_a_yf40_green, item.auweschvebm.auweschveb_vehicle_a_yf40_green.name
mts:auweschvebm.auweschveb_vehicle_art_0152_4, item.auweschvebm.auweschveb_vehicle_art_0152_4.name
mts:auweschvebm.auweschveb_vehicle_ba_1, item.auweschvebm.auweschveb_vehicle_ba_1.name
mts:auweschvebm.auweschveb_vehicle_ba_1_antarctic, item.auweschvebm.auweschveb_vehicle_ba_1_antarctic.name
mts:auweschvebm.auweschveb_vehicle_ba_1_antarctic2, item.auweschvebm.auweschveb_vehicle_ba_1_antarctic2.name
mts:auweschvebm.auweschveb_vehicle_bt11_green, item.auweschvebm.auweschveb_vehicle_bt11_green.name
mts:auweschvebm.auweschveb_vehicle_bt11_police, item.auweschvebm.auweschveb_vehicle_bt11_police.name
mts:auweschvebm.auweschveb_vehicle_bt1_green, item.auweschvebm.auweschveb_vehicle_bt1_green.name
mts:auweschvebm.auweschveb_vehicle_bt1_police, item.auweschvebm.auweschveb_vehicle_bt1_police.name
mts:auweschvebm.auweschveb_vehicle_bt2_green, item.auweschvebm.auweschveb_vehicle_bt2_green.name
mts:auweschvebm.auweschveb_vehicle_bt2_police, item.auweschvebm.auweschveb_vehicle_bt2_police.name
mts:auweschvebm.auweschveb_vehicle_bt3_green, item.auweschvebm.auweschveb_vehicle_bt3_green.name
mts:auweschvebm.auweschveb_vehicle_bt3_police, item.auweschvebm.auweschveb_vehicle_bt3_police.name
mts:auweschvebm.auweschveb_vehicle_bt6_green, item.auweschvebm.auweschveb_vehicle_bt6_green.name
mts:auweschvebm.auweschveb_vehicle_gromotuha, item.auweschvebm.auweschveb_vehicle_gromotuha.name
mts:auweschvebm.auweschveb_vehicle_obj56_cross, item.auweschvebm.auweschveb_vehicle_obj56_cross.name
mts:auweschvebm.auweschveb_vehicle_obj56_green, item.auweschvebm.auweschveb_vehicle_obj56_green.name
mts:auweschvebm.auweschveb_vehicle_obj70_cross, item.auweschvebm.auweschveb_vehicle_obj70_cross.name
mts:auweschvebm.auweschveb_vehicle_obj70_green, item.auweschvebm.auweschveb_vehicle_obj70_green.name
mts:auweschvebm.auweschveb_part_gun_152mm_4, item.auweschvebm.auweschveb_part_gun_152mm_4.name
mts:auweschvebm.auweschveb_part_turret_023mm_1, item.auweschvebm.auweschveb_part_turret_023mm_1.name
mts:auweschvebm.auweschveb_part_turret_014mm_0, item.auweschvebm.auweschveb_part_turret_014mm_0.name
mts:auweschvebm.auweschveb_part_turret_014mm_1, item.auweschvebm.auweschveb_part_turret_014mm_1.name
mts:auweschvebm.auweschveb_part_turret_bt6_1, item.auweschvebm.auweschveb_part_turret_bt6_1.name
mts:auweschvebm.auweschveb_part_turret_bt6_2, item.auweschvebm.auweschveb_part_turret_bt6_2.name
mts:auweschvebm.auweschveb_part_turret_gromotuha, item.auweschvebm.auweschveb_part_turret_gromotuha.name
mts:auweschvebm.auweschveb_part_turret_gromotuha_sam, item.auweschvebm.auweschveb_part_turret_gromotuha_sam.name
mts:auweschvebm.auweschveb_part_turret_115mm_1, item.auweschvebm.auweschveb_part_turret_115mm_1.name
mts:auweschvebm.auweschveb_part_turret_115mm_3, item.auweschvebm.auweschveb_part_turret_115mm_3.name
mts:auweschvebm.auweschveb_part_turret_125mm_1, item.auweschvebm.auweschveb_part_turret_125mm_1.name
mts:auweschvebm.auweschveb_part_turret_125mm_2, item.auweschvebm.auweschveb_part_turret_125mm_2.name
mts:auweschvebm.auweschveb_part_era_1, item.auweschvebm.auweschveb_part_era_1.name
mts:auweschvebm.auweschveb_part_era_2, item.auweschvebm.auweschveb_part_era_2.name
mts:auweschvebm.auweschveb_part_era_cage, item.auweschvebm.auweschveb_part_era_cage.name
mts:auweschvebm.auweschveb_part_era_composite, item.auweschvebm.auweschveb_part_era_composite.name
mts:auweschvebm.auweschveb_part_era_shtora, item.auweschvebm.auweschveb_part_era_shtora.name
mts:auweschvebm.auweschveb_part_era_skirts, item.auweschvebm.auweschveb_part_era_skirts.name
mts:auweschvebm.soldier1, item.auweschvebm.soldier1.name
mts:auweschvebm.soldier2, item.auweschvebm.soldier2.name
mts:auweschvebm.soldier2_parade_2, item.auweschvebm.soldier2_parade_2.name
mts:auweschvebm.soldier_nbc, item.auweschvebm.soldier_nbc.name
mts:auweschvebm.soldier_police_1, item.auweschvebm.soldier_police_1.name
mts:auweschvebm.soldier_police_2, item.auweschvebm.soldier_police_2.name
mts:auweschvebm.soldier_police_3, item.auweschvebm.soldier_police_3.name
mts:auweschvebx.auweschveb_vehicle_obj570_green, item.auweschvebx.auweschveb_vehicle_obj570_green.name
mts:auweschvebx.auweschveb_vehicle_volgohod_2000_black, item.auweschvebx.auweschveb_vehicle_volgohod_2000_black.name
mts:auweschvebx.auweschveb_vehicle_volgohod_2000_blue, item.auweschvebx.auweschveb_vehicle_volgohod_2000_blue.name
mts:auweschvebx.auweschveb_vehicle_volgohod_2000_green, item.auweschvebx.auweschveb_vehicle_volgohod_2000_green.name
mts:auweschvebx.auweschveb_vehicle_volgohod_2000_red, item.auweschvebx.auweschveb_vehicle_volgohod_2000_red.name
mts:auweschvebx.auweschveb_vehicle_volgohod_2000_silver, item.auweschvebx.auweschveb_vehicle_volgohod_2000_silver.name
mts:auweschvebx.auweschveb_part_era_obj550_hull_front, item.auweschvebx.auweschveb_part_era_obj550_hull_front.name
mts:auweschvebx.auweschveb_part_era_obj550_hull_side, item.auweschvebx.auweschveb_part_era_obj550_hull_side.name
mts:auweschvebx.auweschveb_part_era_obj550_turret, item.auweschvebx.auweschveb_part_era_obj550_turret.name
mts:auweschvebx.auweschveb_part_era_obj570_hull_front, item.auweschvebx.auweschveb_part_era_obj570_hull_front.name
mts:auweschvebx.auweschveb_part_era_obj570_hull_side, item.auweschvebx.auweschveb_part_era_obj570_hull_side.name
mts:auweschvebx.auweschveb_part_era_obj570_hull_top, item.auweschvebx.auweschveb_part_era_obj570_hull_top.name
mts:auweschvebx.auweschveb_part_era_obj570_turret_front, item.auweschvebx.auweschveb_part_era_obj570_turret_front.name
mts:auweschvebx.auweschveb_part_era_obj570_turret_side, item.auweschvebx.auweschveb_part_era_obj570_turret_side.name
mts:auweschvebx.auweschveb_part_era_obj570_turret_top, item.auweschvebx.auweschveb_part_era_obj570_turret_top.name
mts:auweschvebx.auweschveb_part_gun_obj570, item.auweschvebx.auweschveb_part_gun_obj570.name
mts:auweschvebx.auweschveb_part_turret_obj550, item.auweschvebx.auweschveb_part_turret_obj550.name
mts:auweschvebx.auweschveb_part_turret_obj570, item.auweschvebx.auweschveb_part_turret_obj570.name
mts:iav.iav_a_pallet, item.iav.iav_a_pallet.name
mts:iav.iav_trailer, item.iav.iav_trailer.name
mts:iav.wren_iavyellow, item.iav.wren_iavyellow.name
mts:iav.iav_rollingstock_boxcar, item.iav.iav_rollingstock_boxcar.name
mts:iav.iav_rollingstock_flatcar, item.iav.iav_rollingstock_flatcar.name
mts:iav.iav_a_aats2, item.iav.iav_a_aats2.name
mts:iav.iav_a_agi6, item.iav.iav_a_agi6.name
mts:iav.iav_a_aj01, item.iav.iav_a_aj01.name
mts:iav.iav_a_aj1, item.iav.iav_a_aj1.name
mts:iav.iav_a_aj2, item.iav.iav_a_aj2.name
mts:iav.iav_a_at1, item.iav.iav_a_at1.name
mts:iav.iav_a_ev_4, item.iav.iav_a_ev_4.name
mts:iav.iav_a_gi2hi, item.iav.iav_a_gi2hi.name
mts:iav.iav_a_gi4hi, item.iav.iav_a_gi4hi.name
mts:iav.iav_a_gi6hi, item.iav.iav_a_gi6hi.name
mts:iav.iav_a_gv8hi, item.iav.iav_a_gv8hi.name
mts:iav.iav_a_gi2low, item.iav.iav_a_gi2low.name
mts:iav.iav_a_gi4low, item.iav.iav_a_gi4low.name
mts:iav.iav_a_gi6low, item.iav.iav_a_gi6low.name
mts:iav.iav_a_di4, item.iav.iav_a_di4.name
mts:iav.iav_a_di6, item.iav.iav_a_di6.name
mts:iav.iav_a_di8, item.iav.iav_a_di8.name
mts:iav.iav_a_dv12, item.iav.iav_a_dv12.name
mts:iav.iav_a_hdv12, item.iav.iav_a_hdv12.name
mts:iav.iav_a_hdv16, item.iav.iav_a_hdv16.name
mts:iav.iav_a_gt_3, item.iav.iav_a_gt_3.name
mts:iav.iav_a_outboard, item.iav.iav_a_outboard.name
mts:iav.iav_a_trolleybus, item.iav.iav_a_trolleybus.name
mts:iav.iav_a_outboard_prop, item.iav.iav_a_outboard_prop.name
mts:iav.iav_b_propeller_counterrot1, item.iav.iav_b_propeller_counterrot1.name
mts:iav.iav_b_propeller_large1, item.iav.iav_b_propeller_large1.name
mts:iav.iav_b_propeller_large2, item.iav.iav_b_propeller_large2.name
mts:iav.iav_part_rotor_5, item.iav.iav_part_rotor_5.name
mts:iav.iav_headrest_1, item.iav.iav_headrest_1.name
mts:iav.iav_seat_bench, item.iav.iav_seat_bench.name
mts:iav.iav_seat_none, item.iav.iav_seat_none.name
mts:iav.iav_seat_none_stand, item.iav.iav_seat_none_stand.name
mts:iav.iav_seat_standard_beige, item.iav.iav_seat_standard_beige.name
mts:iav.iav_seat_standard_blue, item.iav.iav_seat_standard_blue.name
mts:iav.iav_seat_standard_brown, item.iav.iav_seat_standard_brown.name
mts:iav.iav_seat_standard_green, item.iav.iav_seat_standard_green.name
mts:iav.iav_seat_standard_grey, item.iav.iav_seat_standard_grey.name
mts:iav.iav_seat_standard_lightred, item.iav.iav_seat_standard_lightred.name
mts:iav.iav_seat_standard_red, item.iav.iav_seat_standard_red.name
mts:iav.iav_seat_double_beige, item.iav.iav_seat_double_beige.name
mts:iav.iav_seat_double_blue, item.iav.iav_seat_double_blue.name
mts:iav.iav_seat_double_brown, item.iav.iav_seat_double_brown.name
mts:iav.iav_seat_double_green, item.iav.iav_seat_double_green.name
mts:iav.iav_seat_double_grey, item.iav.iav_seat_double_grey.name
mts:iav.iav_seat_double_lightred, item.iav.iav_seat_double_lightred.name
mts:iav.iav_seat_double_red, item.iav.iav_seat_double_red.name
mts:iav.iav_seat_standard_bespoke_brown, item.iav.iav_seat_standard_bespoke_brown.name
mts:iav.iav_seat_standard_bespoke_double_brown, item.iav.iav_seat_standard_bespoke_double_brown.name
mts:iav.iav_seat_standard_bespoke_double_grey, item.iav.iav_seat_standard_bespoke_double_grey.name
mts:iav.iav_seat_standard_bespoke_double_greydark, item.iav.iav_seat_standard_bespoke_double_greydark.name
mts:iav.iav_seat_standard_bespoke_grey, item.iav.iav_seat_standard_bespoke_grey.name
mts:iav.iav_seat_standard_bespoke_greydark, item.iav.iav_seat_standard_bespoke_greydark.name
mts:iav.iav_seat_bus_blue, item.iav.iav_seat_bus_blue.name
mts:iav.iav_seat_bus_brown, item.iav.iav_seat_bus_brown.name
mts:iav.iav_seat_bus_gbo, item.iav.iav_seat_bus_gbo.name
mts:iav.iav_seat_bus_green, item.iav.iav_seat_bus_green.name
mts:iav.iav_wheel_aircraft_2, item.iav.iav_wheel_aircraft_2.name
mts:iav.iav_wheel_aircraft_4, item.iav.iav_wheel_aircraft_4.name
mts:iav.iav_wheel_aircraft_6, item.iav.iav_wheel_aircraft_6.name
mts:iav.iav_wheel_aircraft_biplane, item.iav.iav_wheel_aircraft_biplane.name
mts:iav.iav_wheel_invisible, item.iav.iav_wheel_invisible.name
mts:iav.iav_wheel_standard, item.iav.iav_wheel_standard.name
mts:iav.iav_wheel_standard_hubcap, item.iav.iav_wheel_standard_hubcap.name
mts:iav.iav_wheel_standard_hubcap_2, item.iav.iav_wheel_standard_hubcap_2.name
mts:iav.iav_wheel_standard_hubcap_whitewall, item.iav.iav_wheel_standard_hubcap_whitewall.name
mts:iav.iav_wheel_standard_hubcap_z_wide_1, item.iav.iav_wheel_standard_hubcap_z_wide_1.name
mts:iav.iav_wheel_standard_hubcap_z_wide_2, item.iav.iav_wheel_standard_hubcap_z_wide_2.name
mts:iav.iav_wheel_standard_hubcap_z_wide_3, item.iav.iav_wheel_standard_hubcap_z_wide_3.name
mts:iav.iav_wheel_standard_hubcap_z_wide_4, item.iav.iav_wheel_standard_hubcap_z_wide_4.name
mts:iav.iav_wheel_water, item.iav.iav_wheel_water.name
mts:iav.iav_a_tracklink, item.iav.iav_a_tracklink.name
mts:iav.iav_tracklink, item.iav.iav_tracklink.name
mts:iav.iav_tracklink_nato, item.iav.iav_tracklink_nato.name
mts:iav.iav_wheel_l_forklift, item.iav.iav_wheel_l_forklift.name
mts:iav.iav_wheel_large_1military, item.iav.iav_wheel_large_1military.name
mts:iav.iav_wheel_large_1military_green, item.iav.iav_wheel_large_1military_green.name
mts:iav.iav_wheel_large_military, item.iav.iav_wheel_large_military.name
mts:iav.iav_wheel_large_military_green, item.iav.iav_wheel_large_military_green.name
mts:iav.iav_wheel_tractor, item.iav.iav_wheel_tractor.name
mts:iav.iav_wheel_tractor_front, item.iav.iav_wheel_tractor_front.name
mts:iav.iav_wheel_tractor_front_2, item.iav.iav_wheel_tractor_front_2.name
mts:iav.iav_wheel_truck, item.iav.iav_wheel_truck.name
mts:iav.iav_storage_glovebox, item.iav.iav_storage_glovebox.name
mts:iav.iav_storage_groceries, item.iav.iav_storage_groceries.name
mts:iav.iav_storage_l_crate_2, item.iav.iav_storage_l_crate_2.name
mts:iav.iav_storage_l_crate_3, item.iav.iav_storage_l_crate_3.name
mts:iav.iav_storage_l_crate_5, item.iav.iav_storage_l_crate_5.name
mts:iav.iav_storage_l_crate_6, item.iav.iav_storage_l_crate_6.name
mts:iav.iav_storage_large_invisible, item.iav.iav_storage_large_invisible.name
mts:iav.iav_storage_luggage_1, item.iav.iav_storage_luggage_1.name
mts:iav.iav_storage_luggage_2, item.iav.iav_storage_luggage_2.name
mts:iav.iav_storage_luggage_3, item.iav.iav_storage_luggage_3.name
mts:iav.iav_storage_luggage_4, item.iav.iav_storage_luggage_4.name
mts:iav.iav_tanku, item.iav.iav_tanku.name
mts:iav.iav_truck_dumpbed, item.iav.iav_truck_dumpbed.name
mts:iav.iav_truck_flatbed, item.iav.iav_truck_flatbed.name
mts:iav.iav_truck_tank_gap, item.iav.iav_truck_tank_gap.name
mts:iav.iav_truck_tank_gazprom, item.iav.iav_truck_tank_gazprom.name
mts:iav.iav_truck_tank_grey, item.iav.iav_truck_tank_grey.name
mts:iav.iav_truck_tank_smell, item.iav.iav_truck_tank_smell.name
mts:iav.iav_tank_curtainside_fslogistics, item.iav.iav_tank_curtainside_fslogistics.name
mts:iav.iav_tank_curtainside_iavblue, item.iav.iav_tank_curtainside_iavblue.name
mts:iav.iav_tank_curtainside_iavred, item.iav.iav_tank_curtainside_iavred.name
mts:iav.iav_tank_curtainside_smell, item.iav.iav_tank_curtainside_smell.name
mts:iav.iav_tank_grain_gray, item.iav.iav_tank_grain_gray.name
mts:iav.iav_tank_grain_smell, item.iav.iav_tank_grain_smell.name
mts:iav.iav_tank_grain_yellow, item.iav.iav_tank_grain_yellow.name
mts:iav.iav_tank_trailer_gap, item.iav.iav_tank_trailer_gap.name
mts:iav.iav_tank_trailer_gazprom, item.iav.iav_tank_trailer_gazprom.name
mts:iav.iav_tank_trailer_gray, item.iav.iav_tank_trailer_gray.name
mts:iav.iav_tank_trailer_milk, item.iav.iav_tank_trailer_milk.name
mts:iav.iav_tank_trailer_smell, item.iav.iav_tank_trailer_smell.name
mts:iav.iav_trailermount, item.iav.iav_trailermount.name
mts:iav.iav_b_plate_shsr1, item.iav.iav_b_plate_shsr1.name
mts:iav.iav_b_plate_shsr2, item.iav.iav_b_plate_shsr2.name
mts:iav.iav_c_lamp, item.iav.iav_c_lamp.name
mts:iav.iav_c_lamp_cover_black_1, item.iav.iav_c_lamp_cover_black_1.name
mts:iav.iav_c_lamp_cover_black_2, item.iav.iav_c_lamp_cover_black_2.name
mts:iav.iav_c_lamp_cover_white_1, item.iav.iav_c_lamp_cover_white_1.name
mts:iav.iav_c_lamp_cover_white_2, item.iav.iav_c_lamp_cover_white_2.name
mts:iav.iav_car_roundel, item.iav.iav_car_roundel.name
mts:iav.iav_emergency_brake, item.iav.iav_emergency_brake.name
mts:iav.iav_emergencylamp_blue, item.iav.iav_emergencylamp_blue.name
mts:iav.iav_emergencylamp_red, item.iav.iav_emergencylamp_red.name
mts:iav.iav_flag_car_shsr, item.iav.iav_flag_car_shsr.name
mts:iav.iav_hazard_sign, item.iav.iav_hazard_sign.name
mts:iav.iav_roofrack_generic, item.iav.iav_roofrack_generic.name
mts:iav.iav_roofrack_long, item.iav.iav_roofrack_long.name
mts:iav.iav_roofsign_taxi_ru, item.iav.iav_roofsign_taxi_ru.name
mts:iav.iav_sirenmodern, item.iav.iav_sirenmodern.name
mts:iav.iav_sirenmount, item.iav.iav_sirenmount.name
mts:iav.iav_snowchain, item.iav.iav_snowchain.name
mts:iav.iav_x_canvas, item.iav.iav_x_canvas.name
mts:iav.iav_x_cropduster, item.iav.iav_x_cropduster.name
mts:iav.iav_x_floats, item.iav.iav_x_floats.name
mts:iav.iav_x_hardpanel, item.iav.iav_x_hardpanel.name
mts:iav.iav_x_hardroof, item.iav.iav_x_hardroof.name
mts:iav.iav_x_sunshade, item.iav.iav_x_sunshade.name
mts:iav.iav_x_upgradekit, item.iav.iav_x_upgradekit.name
mts:iav.iav_xx_bullbar, item.iav.iav_xx_bullbar.name
mts:iav.iav_xx_forks, item.iav.iav_xx_forks.name
mts:iav.iav_xx_p_mooring, item.iav.iav_xx_p_mooring.name
mts:iav.iav_xx_threepoint, item.iav.iav_xx_threepoint.name
mts:iav.otsh-3, item.iav.otsh-3.name
mts:iav.co2, item.iav.co2.name
mts:iav.iav_z_fuel_pump_charger, item.iav.iav_z_fuel_pump_charger.name
mts:iav.iav_z_fuel_pump_modern, item.iav.iav_z_fuel_pump_modern.name
mts:iav.iav_z_fuel_pump_smell, item.iav.iav_z_fuel_pump_smell.name
mts:iav.iav_z_fuel_pump_smell_gn, item.iav.iav_z_fuel_pump_smell_gn.name
mts:iav.iav_z_fuel_pump_smell_ps, item.iav.iav_z_fuel_pump_smell_ps.name
mts:iav.iav_z_fuel_pump_smell_vp, item.iav.iav_z_fuel_pump_smell_vp.name
mts:iav.iav_z_aluminiumpanel, item.iav.iav_z_aluminiumpanel.name
mts:iav.iav_z_avionics, item.iav.iav_z_avionics.name
mts:iav.iav_z_bogie, item.iav.iav_z_bogie.name
mts:iav.iav_z_bogiewheel, item.iav.iav_z_bogiewheel.name
mts:iav.iav_z_brake_disk, item.iav.iav_z_brake_disk.name
mts:iav.iav_z_brake_drum, item.iav.iav_z_brake_drum.name
mts:iav.iav_z_car_radio, item.iav.iav_z_car_radio.name
mts:iav.iav_z_cctv, item.iav.iav_z_cctv.name
mts:iav.iav_z_coil_spring, item.iav.iav_z_coil_spring.name
mts:iav.iav_z_composite, item.iav.iav_z_composite.name
mts:iav.iav_z_composite2, item.iav.iav_z_composite2.name
mts:iav.iav_z_crankshaft, item.iav.iav_z_crankshaft.name
mts:iav.iav_z_crankshaft_heavy, item.iav.iav_z_crankshaft_heavy.name
mts:iav.iav_z_crt, item.iav.iav_z_crt.name
mts:iav.iav_z_decor_reel, item.iav.iav_z_decor_reel.name
mts:iav.iav_z_decor_terminal1, item.iav.iav_z_decor_terminal1.name
mts:iav.iav_z_door_duroplast, item.iav.iav_z_door_duroplast.name
mts:iav.iav_z_door_steel, item.iav.iav_z_door_steel.name
mts:iav.iav_z_duroplastpanel, item.iav.iav_z_duroplastpanel.name
mts:iav.iav_z_electricengine, item.iav.iav_z_electricengine.name
mts:iav.iav_z_framing_aluminium, item.iav.iav_z_framing_aluminium.name
mts:iav.iav_z_framing_steel, item.iav.iav_z_framing_steel.name
mts:iav.iav_z_generator, item.iav.iav_z_generator.name
mts:iav.iav_z_guncomputer_1, item.iav.iav_z_guncomputer_1.name
mts:iav.iav_z_guncomputer_2, item.iav.iav_z_guncomputer_2.name
mts:iav.iav_z_hydraulics, item.iav.iav_z_hydraulics.name
mts:iav.iav_z_leaf_springs, item.iav.iav_z_leaf_springs.name
mts:iav.iav_z_military_radio, item.iav.iav_z_military_radio.name
mts:iav.iav_z_military_radio_2, item.iav.iav_z_military_radio_2.name
mts:iav.iav_z_piston, item.iav.iav_z_piston.name
mts:iav.iav_z_piston_heavy, item.iav.iav_z_piston_heavy.name
mts:iav.iav_z_powersteering_el, item.iav.iav_z_powersteering_el.name
mts:iav.iav_z_powersteering_hyd, item.iav.iav_z_powersteering_hyd.name
mts:iav.iav_z_radar1, item.iav.iav_z_radar1.name
mts:iav.iav_z_radar2, item.iav.iav_z_radar2.name
mts:iav.iav_z_sparkplugs, item.iav.iav_z_sparkplugs.name
mts:iav.iav_z_steelpanel, item.iav.iav_z_steelpanel.name
mts:iav.iav_z_tractionmotor, item.iav.iav_z_tractionmotor.name
mts:iav.iav_z_transmission_tank_1, item.iav.iav_z_transmission_tank_1.name
mts:iav.iav_z_transmission_tank_2, item.iav.iav_z_transmission_tank_2.name
mts:iav.iav_z_transmission_tank_3, item.iav.iav_z_transmission_tank_3.name
mts:iav.iav_rail_concrete_narrow, item.iav.iav_rail_concrete_narrow.name
mts:iav.iav_rail_tram, item.iav.iav_rail_tram.name
mts:iav.iav_rail_wood_narrow, item.iav.iav_rail_wood_narrow.name
mts:iav.iav_item_gastorch, item.iav.iav_item_gastorch.name
mts:iav.iav_item_toolbox, item.iav.iav_item_toolbox.name
mts:iav.iav_gague_electric_modern, item.iav.iav_gague_electric_modern.name
mts:iav.iav_gague_electric_standard, item.iav.iav_gague_electric_standard.name
mts:iav.iav_gague_fuel_modern, item.iav.iav_gague_fuel_modern.name
mts:iav.iav_gague_fuel_standard, item.iav.iav_gague_fuel_standard.name
mts:iav.iav_gague_oilpressure_modern, item.iav.iav_gague_oilpressure_modern.name
mts:iav.iav_gague_oilpressure_standard, item.iav.iav_gague_oilpressure_standard.name
mts:iav.iav_gague_speed_kmh_modern, item.iav.iav_gague_speed_kmh_modern.name
mts:iav.iav_gague_speed_kmh_standard, item.iav.iav_gague_speed_kmh_standard.name
mts:iav.iav_gague_speed_mph_standard, item.iav.iav_gague_speed_mph_standard.name
mts:iav.iav_gague_tachometer_modern, item.iav.iav_gague_tachometer_modern.name
mts:iav.iav_gague_tachometer_standard, item.iav.iav_gague_tachometer_standard.name
mts:iav.iav_gague_temperature_modern, item.iav.iav_gague_temperature_modern.name
mts:iav.iav_gague_temperature_standard, item.iav.iav_gague_temperature_standard.name
mts:iav.iav_gauge_a_adf, item.iav.iav_gauge_a_adf.name
mts:iav.iav_gauge_a_airspeed, item.iav.iav_gauge_a_airspeed.name
mts:iav.iav_gauge_a_altimeter, item.iav.iav_gauge_a_altimeter.name
mts:iav.iav_gauge_a_attitude, item.iav.iav_gauge_a_attitude.name
mts:iav.iav_gauge_a_electric, item.iav.iav_gauge_a_electric.name
mts:iav.iav_gauge_a_enginetemp, item.iav.iav_gauge_a_enginetemp.name
mts:iav.iav_gauge_a_flaps, item.iav.iav_gauge_a_flaps.name
mts:iav.iav_gauge_a_fuelflow, item.iav.iav_gauge_a_fuelflow.name
mts:iav.iav_gauge_a_fuelqnt, item.iav.iav_gauge_a_fuelqnt.name
mts:iav.iav_gauge_a_heading, item.iav.iav_gauge_a_heading.name
mts:iav.iav_gauge_a_ils, item.iav.iav_gauge_a_ils.name
mts:iav.iav_gauge_a_liftreserve, item.iav.iav_gauge_a_liftreserve.name
mts:iav.iav_gauge_a_oilpressure, item.iav.iav_gauge_a_oilpressure.name
mts:iav.iav_gauge_a_tachometer, item.iav.iav_gauge_a_tachometer.name
mts:iav.iav_gauge_a_verticalspeed, item.iav.iav_gauge_a_verticalspeed.name
mts:iavm.19r34, item.iavm.19r34.name
mts:iavm.epmt82, item.iavm.epmt82.name
mts:iavm.flamethrower, item.iavm.flamethrower.name
mts:iavm.kam55, item.iavm.kam55.name
mts:iavm.kam55u, item.iavm.kam55u.name
mts:iavm.psv63, item.iavm.psv63.name
mts:iavm.rpg, item.iavm.rpg.name
mts:iavm.rpgm, item.iavm.rpgm.name
mts:iavm.iav_aa_weapon_gun_07mm_1, item.iavm.iav_aa_weapon_gun_07mm_1.name
mts:iavm.iav_aa_weapon_gun_23mm_1, item.iavm.iav_aa_weapon_gun_23mm_1.name
mts:iavm.iav_aa_weapon_gun_23mm_3, item.iavm.iav_aa_weapon_gun_23mm_3.name
mts:iavm.iav_aa_weapon_gun_30mm_3, item.iavm.iav_aa_weapon_gun_30mm_3.name
mts:iavm.iav_weapon_topmg, item.iavm.iav_weapon_topmg.name
mts:iavm.iav_aa_weapon_atgm_1, item.iavm.iav_aa_weapon_atgm_1.name
mts:iavm.iav_aa_weapon_atgm_2, item.iavm.iav_aa_weapon_atgm_2.name
mts:iavm.iav_aa_weapon_atgm_3, item.iavm.iav_aa_weapon_atgm_3.name
mts:iavm.iav_aa_weapon_pylon_atgm_4, item.iavm.iav_aa_weapon_pylon_atgm_4.name
mts:iavm.iav_aa_weapon_pylon_bomb_0250_4, item.iavm.iav_aa_weapon_pylon_bomb_0250_4.name
mts:iavm.iav_aa_weapon_pylon_bomb_0500_1, item.iavm.iav_aa_weapon_pylon_bomb_0500_1.name
mts:iavm.iav_aa_weapon_pylon_missile_gr6, item.iavm.iav_aa_weapon_pylon_missile_gr6.name
mts:iavm.iav_aa_weapon_pylon_missile_r1, item.iavm.iav_aa_weapon_pylon_missile_r1.name
mts:iavm.iav_aa_weapon_pylon_missile_r1a, item.iavm.iav_aa_weapon_pylon_missile_r1a.name
mts:iavm.iav_aa_weapon_pylon_missile_r2, item.iavm.iav_aa_weapon_pylon_missile_r2.name
mts:iavm.iav_aa_weapon_pylon_missile_r2a, item.iavm.iav_aa_weapon_pylon_missile_r2a.name
mts:iavm.iav_aa_weapon_pylon_missile_r3, item.iavm.iav_aa_weapon_pylon_missile_r3.name
mts:iavm.iav_aa_weapon_pylon_pod_gun23mm, item.iavm.iav_aa_weapon_pylon_pod_gun23mm.name
mts:iavm.iav_aa_weapon_pylon_pod_rocket32, item.iavm.iav_aa_weapon_pylon_pod_rocket32.name
mts:iavm.iav_b_ammunition_arack, item.iavm.iav_b_ammunition_arack.name
mts:iavm.iav_b_ammunition_loader, item.iavm.iav_b_ammunition_loader.name
mts:iavm.tanker_rus, item.iavm.tanker_rus.name
mts:iavm.tanker_rus_salute, item.iavm.tanker_rus_salute.name
mts:iavm.tanker_rus_standing, item.iavm.tanker_rus_standing.name
mts:iavm.tanker_us, item.iavm.tanker_us.name
mts:iavm.tanker_us_salute, item.iavm.tanker_us_salute.name
mts:iavm.tanker_us_standing, item.iavm.tanker_us_standing.name
mts:iavm.flame, item.iavm.flame.name
mts:iavm.iav_ammo_005mm, item.iavm.iav_ammo_005mm.name
mts:iavm.iav_ammo_007mm, item.iavm.iav_ammo_007mm.name
mts:iavm.iav_ammo_007x38mm, item.iavm.iav_ammo_007x38mm.name
mts:iavm.iav_ammo_007x39mm, item.iavm.iav_ammo_007x39mm.name
mts:iavm.iav_ammo_014mm, item.iavm.iav_ammo_014mm.name
mts:iavm.iav_ammo_023mm, item.iavm.iav_ammo_023mm.name
mts:iavm.iav_ammo_023mm_he, item.iavm.iav_ammo_023mm_he.name
mts:iavm.iav_ammo_030mm, item.iavm.iav_ammo_030mm.name
mts:iavm.iav_ammo_030mm_he, item.iavm.iav_ammo_030mm_he.name
mts:iavm.iav_ammo_037mm_he, item.iavm.iav_ammo_037mm_he.name
mts:iavm.iav_ammo_075mm_he, item.iavm.iav_ammo_075mm_he.name
mts:iavm.iav_ammo_085mm_apcbc, item.iavm.iav_ammo_085mm_apcbc.name
mts:iavm.iav_ammo_0a63mm, item.iavm.iav_ammo_0a63mm.name
mts:iavm.iav_ammo_0a64mm, item.iavm.iav_ammo_0a64mm.name
mts:iavm.iav_ammo_0a73mm, item.iavm.iav_ammo_0a73mm.name
mts:iavm.iav_ammo_115mm_apfsds, item.iavm.iav_ammo_115mm_apfsds.name
mts:iavm.iav_ammo_115mm_heatfs, item.iavm.iav_ammo_115mm_heatfs.name
mts:iavm.iav_ammo_115mm_heffs, item.iavm.iav_ammo_115mm_heffs.name
mts:iavm.iav_ammo_125mm_apfsds, item.iavm.iav_ammo_125mm_apfsds.name
mts:iavm.iav_ammo_125mm_heatfs, item.iavm.iav_ammo_125mm_heatfs.name
mts:iavm.iav_ammo_125mm_heffs, item.iavm.iav_ammo_125mm_heffs.name
mts:iavm.iav_ammo_152mm_he, item.iavm.iav_ammo_152mm_he.name
mts:iavm.iav_ammo_152mm_n, item.iavm.iav_ammo_152mm_n.name
mts:iavm.iav_ammo_aa_atgm_6, item.iavm.iav_ammo_aa_atgm_6.name
mts:iavm.iav_ammo_aa_bomb_0250, item.iavm.iav_ammo_aa_bomb_0250.name
mts:iavm.iav_ammo_aa_bomb_0500, item.iavm.iav_ammo_aa_bomb_0500.name
mts:iavm.iav_ammo_aa_missile_gr6, item.iavm.iav_ammo_aa_missile_gr6.name
mts:iavm.iav_ammo_aa_missile_r1, item.iavm.iav_ammo_aa_missile_r1.name
mts:iavm.iav_ammo_aa_missile_r2, item.iavm.iav_ammo_aa_missile_r2.name
mts:iavm.iav_ammo_aa_missile_r3, item.iavm.iav_ammo_aa_missile_r3.name
mts:iavm.iav_ammo_aa_rocket_1, item.iavm.iav_ammo_aa_rocket_1.name
mts:iavm.iav_ammo_atgm_1, item.iavm.iav_ammo_atgm_1.name
mts:iavm.iav_ammo_atgm_11, item.iavm.iav_ammo_atgm_11.name
mts:iavm.iav_ammo_atgm_2, item.iavm.iav_ammo_atgm_2.name
mts:iavm.iav_ammo_atgm_3, item.iavm.iav_ammo_atgm_3.name
mts:iavm.iav_ammo_sam_1, item.iavm.iav_ammo_sam_1.name
mts:iavm.iav_military_fuel_pump, item.iavm.iav_military_fuel_pump.name
mts:iavm.instrument_aircraft_chaingun, item.iavm.instrument_aircraft_chaingun.name
mts:iavm.instrument_aircraft_pfd, item.iavm.instrument_aircraft_pfd.name
mts:iavm.instrument_aircraft_rockets, item.iavm.instrument_aircraft_rockets.name
mts:iavm.instrument_ammo_3, item.iavm.instrument_ammo_3.name
mts:iavm.instrument_ammo_3_4, item.iavm.instrument_ammo_3_4.name
mts:iavm.instrument_ammo_5_6, item.iavm.instrument_ammo_5_6.name
mts:iavm.instrument_ammo_display, item.iavm.instrument_ammo_display.name
mts:iavm.instrument_ammo_secondary, item.iavm.instrument_ammo_secondary.name
mts:iavm.instrument_enginefueldisplay, item.iavm.instrument_enginefueldisplay.name
mts:iavm.instrument_hud1, item.iavm.instrument_hud1.name
mts:iavm.instrument_hud2, item.iavm.instrument_hud2.name
mts:iavm.instrument_missile_direction, item.iavm.instrument_missile_direction.name
mts:iavm.instrument_park, item.iavm.instrument_park.name
mts:iavm.instrument_pfd, item.iavm.instrument_pfd.name
mts:iavm.instrument_radar_display, item.iavm.instrument_radar_display.name
mts:iavm.instrument_weapon_select, item.iavm.instrument_weapon_select.name
mts:mai.canary_black, item.mai.canary_black.name
mts:mai.canary_blue, item.mai.canary_blue.name
mts:mai.canary_green, item.mai.canary_green.name
mts:mai.canary_red, item.mai.canary_red.name
mts:mai.canary_white, item.mai.canary_white.name
mts:mai.heron_convertible_black, item.mai.heron_convertible_black.name
mts:mai.heron_convertible_blue, item.mai.heron_convertible_blue.name
mts:mai.heron_convertible_green, item.mai.heron_convertible_green.name
mts:mai.heron_convertible_red, item.mai.heron_convertible_red.name
mts:mai.heron_convertible_white, item.mai.heron_convertible_white.name
mts:mai.heron_estate_black, item.mai.heron_estate_black.name
mts:mai.heron_estate_blue, item.mai.heron_estate_blue.name
mts:mai.heron_estate_green, item.mai.heron_estate_green.name
mts:mai.heron_estate_red, item.mai.heron_estate_red.name
mts:mai.heron_estate_white, item.mai.heron_estate_white.name
mts:mai.heron_van_black, item.mai.heron_van_black.name
mts:mai.heron_van_blue, item.mai.heron_van_blue.name
mts:mai.heron_van_dustred, item.mai.heron_van_dustred.name
mts:mai.heron_van_green, item.mai.heron_van_green.name
mts:mai.heron_van_lblue, item.mai.heron_van_lblue.name
mts:mai.heron_van_mackrelautomotive, item.mai.heron_van_mackrelautomotive.name
mts:mai.heron_van_red, item.mai.heron_van_red.name
mts:mai.heron_van_smell, item.mai.heron_van_smell.name
mts:mai.heron_van_white, item.mai.heron_van_white.name
mts:mai.hummingbird_black, item.mai.hummingbird_black.name
mts:mai.hummingbird_blue, item.mai.hummingbird_blue.name
mts:mai.hummingbird_green, item.mai.hummingbird_green.name
mts:mai.hummingbird_red, item.mai.hummingbird_red.name
mts:mai.hummingbird_white, item.mai.hummingbird_white.name
mts:mai.kiwi_black, item.mai.kiwi_black.name
mts:mai.kiwi_blue, item.mai.kiwi_blue.name
mts:mai.kiwi_green, item.mai.kiwi_green.name
mts:mai.kiwi_red, item.mai.kiwi_red.name
mts:mai.kiwi_white, item.mai.kiwi_white.name
mts:mai.owl_black, item.mai.owl_black.name
mts:mai.owl_blue, item.mai.owl_blue.name
mts:mai.owl_green, item.mai.owl_green.name
mts:mai.owl_red, item.mai.owl_red.name
mts:mai.owl_white, item.mai.owl_white.name
mts:mai.penguin_black, item.mai.penguin_black.name
mts:mai.penguin_blue, item.mai.penguin_blue.name
mts:mai.penguin_dustred, item.mai.penguin_dustred.name
mts:mai.penguin_green, item.mai.penguin_green.name
mts:mai.penguin_lblue, item.mai.penguin_lblue.name
mts:mai.penguin_red, item.mai.penguin_red.name
mts:mai.penguin_white, item.mai.penguin_white.name
mts:mai.peregrine_black, item.mai.peregrine_black.name
mts:mai.peregrine_blue, item.mai.peregrine_blue.name
mts:mai.peregrine_dustred, item.mai.peregrine_dustred.name
mts:mai.peregrine_green, item.mai.peregrine_green.name
mts:mai.peregrine_lblue, item.mai.peregrine_lblue.name
mts:mai.peregrine_red, item.mai.peregrine_red.name
mts:mai.peregrine_silver, item.mai.peregrine_silver.name
mts:mai.peregrine_white, item.mai.peregrine_white.name
mts:mai.pigeon_jeep_black, item.mai.pigeon_jeep_black.name
mts:mai.pigeon_jeep_blue, item.mai.pigeon_jeep_blue.name
mts:mai.pigeon_jeep_dustred, item.mai.pigeon_jeep_dustred.name
mts:mai.pigeon_jeep_green, item.mai.pigeon_jeep_green.name
mts:mai.pigeon_jeep_lblue, item.mai.pigeon_jeep_lblue.name
mts:mai.pigeon_jeep_red, item.mai.pigeon_jeep_red.name
mts:mai.pigeon_jeep_white, item.mai.pigeon_jeep_white.name
mts:mai.pigeon_pickup_black, item.mai.pigeon_pickup_black.name
mts:mai.pigeon_pickup_blue, item.mai.pigeon_pickup_blue.name
mts:mai.pigeon_pickup_dustred, item.mai.pigeon_pickup_dustred.name
mts:mai.pigeon_pickup_green, item.mai.pigeon_pickup_green.name
mts:mai.pigeon_pickup_lblue, item.mai.pigeon_pickup_lblue.name
mts:mai.pigeon_pickup_red, item.mai.pigeon_pickup_red.name
mts:mai.pigeon_pickup_white, item.mai.pigeon_pickup_white.name
mts:mai.rooster_black, item.mai.rooster_black.name
mts:mai.rooster_blue, item.mai.rooster_blue.name
mts:mai.rooster_green, item.mai.rooster_green.name
mts:mai.rooster_red, item.mai.rooster_red.name
mts:mai.rooster_white, item.mai.rooster_white.name
mts:mai.seagull_black, item.mai.seagull_black.name
mts:mai.seagull_blue, item.mai.seagull_blue.name
mts:mai.seagull_green, item.mai.seagull_green.name
mts:mai.seagull_red, item.mai.seagull_red.name
mts:mai.seagull_white, item.mai.seagull_white.name
mts:mai.stork_black, item.mai.stork_black.name
mts:mai.stork_blue, item.mai.stork_blue.name
mts:mai.stork_dustred, item.mai.stork_dustred.name
mts:mai.stork_gap, item.mai.stork_gap.name
mts:mai.stork_green, item.mai.stork_green.name
mts:mai.stork_lblue, item.mai.stork_lblue.name
mts:mai.stork_red, item.mai.stork_red.name
mts:mai.stork_smell, item.mai.stork_smell.name
mts:mai.stork_white, item.mai.stork_white.name
mts:mai.swan_convertible_black, item.mai.swan_convertible_black.name
mts:mai.swan_convertible_blue, item.mai.swan_convertible_blue.name
mts:mai.swan_convertible_green, item.mai.swan_convertible_green.name
mts:mai.swan_convertible_red, item.mai.swan_convertible_red.name
mts:mai.swan_convertible_white, item.mai.swan_convertible_white.name
mts:mai.swan_roadster_black, item.mai.swan_roadster_black.name
mts:mai.swan_roadster_blue, item.mai.swan_roadster_blue.name
mts:mai.swan_roadster_green, item.mai.swan_roadster_green.name
mts:mai.swan_roadster_red, item.mai.swan_roadster_red.name
mts:mai.swan_roadster_white, item.mai.swan_roadster_white.name
mts:mai.plate_zv_2x7, item.mai.plate_zv_2x7.name
mts:mai.plate_zv_3x5, item.mai.plate_zv_3x5.name
mts:maiag.rooster_black, item.maiag.rooster_black.name
mts:maiag.rooster_blue, item.maiag.rooster_blue.name
mts:maiag.rooster_green, item.maiag.rooster_green.name
mts:maiag.rooster_red, item.maiag.rooster_red.name
mts:maiag.rooster_white, item.maiag.rooster_white.name
mts:maiag.plate_zv_2x7, item.maiag.plate_zv_2x7.name
mts:maiag.plate_zv_3x5, item.maiag.plate_zv_3x5.name
mts:mts.invisible_seat, item.mts.invisible_seat.name
mts:mts.invisible_standing, item.mts.invisible_standing.name
mts:mts.invisible_wheel, item.mts.invisible_wheel.name
mts:mts.jerrycan, item.mts.jerrycan.name
mts:mts.charger, item.mts.charger.name
mts:mts.custombench, item.mts.custombench.name
mts:mts.decorbench, item.mts.decorbench.name
mts:mts.enginebench, item.mts.enginebench.name
mts:mts.fuelpump, item.mts.fuelpump.name
mts:mts.gunbench, item.mts.gunbench.name
mts:mts.instrumentbench, item.mts.instrumentbench.name
mts:mts.itembench, item.mts.itembench.name
mts:mts.propellerbench, item.mts.propellerbench.name
mts:mts.seatbench, item.mts.seatbench.name
mts:mts.vehiclebench, item.mts.vehiclebench.name
mts:mts.wheelbench, item.mts.wheelbench.name
mts:mts.fuelhose, item.mts.fuelhose.name
mts:mts.handbook_car, item.mts.handbook_car.name
mts:mts.handbook_plane, item.mts.handbook_plane.name
mts:mts.jumpercable, item.mts.jumpercable.name
mts:mts.jumperpack, item.mts.jumperpack.name
mts:mts.key, item.mts.key.name
mts:mts.paintgun, item.mts.paintgun.name
mts:mts.partscanner, item.mts.partscanner.name
mts:mts.ticket, item.mts.ticket.name
mts:mts.wrench, item.mts.wrench.name
mts:mts.y2kbutton, item.mts.y2kbutton.name
mts:mtsofficialpack.bell206_black, item.mtsofficialpack.bell206_black.name
mts:mtsofficialpack.bell206_blackstripe, item.mtsofficialpack.bell206_blackstripe.name
mts:mtsofficialpack.bell206_blue, item.mtsofficialpack.bell206_blue.name
mts:mtsofficialpack.bell206_brown, item.mtsofficialpack.bell206_brown.name
mts:mtsofficialpack.bell206_festive, item.mtsofficialpack.bell206_festive.name
mts:mtsofficialpack.bell206_gray, item.mtsofficialpack.bell206_gray.name
mts:mtsofficialpack.bell206_green, item.mtsofficialpack.bell206_green.name
mts:mtsofficialpack.bell206_olive, item.mtsofficialpack.bell206_olive.name
mts:mtsofficialpack.bell206_orange, item.mtsofficialpack.bell206_orange.name
mts:mtsofficialpack.bell206_police, item.mtsofficialpack.bell206_police.name
mts:mtsofficialpack.bell206_red, item.mtsofficialpack.bell206_red.name
mts:mtsofficialpack.bell206_seagreen, item.mtsofficialpack.bell206_seagreen.name
mts:mtsofficialpack.bell206_skyblue, item.mtsofficialpack.bell206_skyblue.name
mts:mtsofficialpack.bell206_yellow, item.mtsofficialpack.bell206_yellow.name
mts:mtsofficialpack.bell47g, item.mtsofficialpack.bell47g.name
mts:mtsofficialpack.bell47g_black, item.mtsofficialpack.bell47g_black.name
mts:mtsofficialpack.bell47g_blue, item.mtsofficialpack.bell47g_blue.name
mts:mtsofficialpack.bell47g_olive, item.mtsofficialpack.bell47g_olive.name
mts:mtsofficialpack.comanche_blackred, item.mtsofficialpack.comanche_blackred.name
mts:mtsofficialpack.comanche_blackredstripe, item.mtsofficialpack.comanche_blackredstripe.name
mts:mtsofficialpack.comanche_blue, item.mtsofficialpack.comanche_blue.name
mts:mtsofficialpack.comanche_orangebrown, item.mtsofficialpack.comanche_orangebrown.name
mts:mtsofficialpack.comanche_red, item.mtsofficialpack.comanche_red.name
mts:mtsofficialpack.comanche_seagreen, item.mtsofficialpack.comanche_seagreen.name
mts:mtsofficialpack.comanche_yellow, item.mtsofficialpack.comanche_yellow.name
mts:mtsofficialpack.e500_blackred, item.mtsofficialpack.e500_blackred.name
mts:mtsofficialpack.e500_blue, item.mtsofficialpack.e500_blue.name
mts:mtsofficialpack.e500_extravagant, item.mtsofficialpack.e500_extravagant.name
mts:mtsofficialpack.e500_green, item.mtsofficialpack.e500_green.name
mts:mtsofficialpack.e500_red, item.mtsofficialpack.e500_red.name
mts:mtsofficialpack.e500_silver, item.mtsofficialpack.e500_silver.name
mts:mtsofficialpack.e500_yellow, item.mtsofficialpack.e500_yellow.name
mts:mtsofficialpack.firetruck, item.mtsofficialpack.firetruck.name
mts:mtsofficialpack.fordmustang69_black, item.mtsofficialpack.fordmustang69_black.name
mts:mtsofficialpack.fordmustang69_bluestripe, item.mtsofficialpack.fordmustang69_bluestripe.name
mts:mtsofficialpack.fordmustang69_extravagant, item.mtsofficialpack.fordmustang69_extravagant.name
mts:mtsofficialpack.fordmustang69_lime, item.mtsofficialpack.fordmustang69_lime.name
mts:mtsofficialpack.fordmustang69_orange, item.mtsofficialpack.fordmustang69_orange.name
mts:mtsofficialpack.fordmustang69_police, item.mtsofficialpack.fordmustang69_police.name
mts:mtsofficialpack.fordmustang69_red, item.mtsofficialpack.fordmustang69_red.name
mts:mtsofficialpack.fordmustang69_redstripe, item.mtsofficialpack.fordmustang69_redstripe.name
mts:mtsofficialpack.fordmustang69_seagreen, item.mtsofficialpack.fordmustang69_seagreen.name
mts:mtsofficialpack.fordmustang69_silver, item.mtsofficialpack.fordmustang69_silver.name
mts:mtsofficialpack.fordmustang69_white, item.mtsofficialpack.fordmustang69_white.name
mts:mtsofficialpack.fordmustang69_whitestripe, item.mtsofficialpack.fordmustang69_whitestripe.name
mts:mtsofficialpack.fordmustang69_yellow, item.mtsofficialpack.fordmustang69_yellow.name
mts:mtsofficialpack.ft17_blue, item.mtsofficialpack.ft17_blue.name
mts:mtsofficialpack.ft17_gray, item.mtsofficialpack.ft17_gray.name
mts:mtsofficialpack.ft17_olive, item.mtsofficialpack.ft17_olive.name
mts:mtsofficialpack.ft17_tan, item.mtsofficialpack.ft17_tan.name
mts:mtsofficialpack.gmcbrig_black, item.mtsofficialpack.gmcbrig_black.name
mts:mtsofficialpack.gmcbrig_blackwhite, item.mtsofficialpack.gmcbrig_blackwhite.name
mts:mtsofficialpack.gmcbrig_blue, item.mtsofficialpack.gmcbrig_blue.name
mts:mtsofficialpack.gmcbrig_brown, item.mtsofficialpack.gmcbrig_brown.name
mts:mtsofficialpack.gmcbrig_cream, item.mtsofficialpack.gmcbrig_cream.name
mts:mtsofficialpack.gmcbrig_gray, item.mtsofficialpack.gmcbrig_gray.name
mts:mtsofficialpack.gmcbrig_green, item.mtsofficialpack.gmcbrig_green.name
mts:mtsofficialpack.gmcbrig_maroon, item.mtsofficialpack.gmcbrig_maroon.name
mts:mtsofficialpack.gmcbrig_red, item.mtsofficialpack.gmcbrig_red.name
mts:mtsofficialpack.gmcbrig_tan, item.mtsofficialpack.gmcbrig_tan.name
mts:mtsofficialpack.gmcbrig_white, item.mtsofficialpack.gmcbrig_white.name
mts:mtsofficialpack.mc172_acacia, item.mtsofficialpack.mc172_acacia.name
mts:mtsofficialpack.mc172_bamboo, item.mtsofficialpack.mc172_bamboo.name
mts:mtsofficialpack.mc172_birch, item.mtsofficialpack.mc172_birch.name
mts:mtsofficialpack.mc172_cherry, item.mtsofficialpack.mc172_cherry.name
mts:mtsofficialpack.mc172_crimson, item.mtsofficialpack.mc172_crimson.name
mts:mtsofficialpack.mc172_darkoak, item.mtsofficialpack.mc172_darkoak.name
mts:mtsofficialpack.mc172_jungle, item.mtsofficialpack.mc172_jungle.name
mts:mtsofficialpack.mc172_mangrove, item.mtsofficialpack.mc172_mangrove.name
mts:mtsofficialpack.mc172_oak, item.mtsofficialpack.mc172_oak.name
mts:mtsofficialpack.mc172_spruce, item.mtsofficialpack.mc172_spruce.name
mts:mtsofficialpack.mc172_warped, item.mtsofficialpack.mc172_warped.name
mts:mtsofficialpack.merc230_beige, item.mtsofficialpack.merc230_beige.name
mts:mtsofficialpack.merc230_black, item.mtsofficialpack.merc230_black.name
mts:mtsofficialpack.merc230_blue, item.mtsofficialpack.merc230_blue.name
mts:mtsofficialpack.merc230_brown, item.mtsofficialpack.merc230_brown.name
mts:mtsofficialpack.merc230_extravagant, item.mtsofficialpack.merc230_extravagant.name
mts:mtsofficialpack.merc230_gray, item.mtsofficialpack.merc230_gray.name
mts:mtsofficialpack.merc230_green, item.mtsofficialpack.merc230_green.name
mts:mtsofficialpack.merc230_maroon, item.mtsofficialpack.merc230_maroon.name
mts:mtsofficialpack.merc230_olive, item.mtsofficialpack.merc230_olive.name
mts:mtsofficialpack.merc230_police, item.mtsofficialpack.merc230_police.name
mts:mtsofficialpack.merc230_police2, item.mtsofficialpack.merc230_police2.name
mts:mtsofficialpack.merc230_red, item.mtsofficialpack.merc230_red.name
mts:mtsofficialpack.merc230_salmon, item.mtsofficialpack.merc230_salmon.name
mts:mtsofficialpack.merc230_seagreen, item.mtsofficialpack.merc230_seagreen.name
mts:mtsofficialpack.merc230_silver, item.mtsofficialpack.merc230_silver.name
mts:mtsofficialpack.merc230_white, item.mtsofficialpack.merc230_white.name
mts:mtsofficialpack.merc230_yellow, item.mtsofficialpack.merc230_yellow.name
mts:mtsofficialpack.pzl37los, item.mtsofficialpack.pzl37los.name
mts:mtsofficialpack.pzl37los_arctic, item.mtsofficialpack.pzl37los_arctic.name
mts:mtsofficialpack.pzl37los_brown, item.mtsofficialpack.pzl37los_brown.name
mts:mtsofficialpack.pzl37los_green, item.mtsofficialpack.pzl37los_green.name
mts:mtsofficialpack.pzl37los_tan, item.mtsofficialpack.pzl37los_tan.name
mts:mtsofficialpack.pzlp11, item.mtsofficialpack.pzlp11.name
mts:mtsofficialpack.pzlp11_brown, item.mtsofficialpack.pzlp11_brown.name
mts:mtsofficialpack.pzlp11_green, item.mtsofficialpack.pzlp11_green.name
mts:mtsofficialpack.pzlp11_tan, item.mtsofficialpack.pzlp11_tan.name
mts:mtsofficialpack.quad_gray, item.mtsofficialpack.quad_gray.name
mts:mtsofficialpack.quad_green, item.mtsofficialpack.quad_green.name
mts:mtsofficialpack.quad_olive, item.mtsofficialpack.quad_olive.name
mts:mtsofficialpack.quad_orange, item.mtsofficialpack.quad_orange.name
mts:mtsofficialpack.quad_red, item.mtsofficialpack.quad_red.name
mts:mtsofficialpack.quad_tan, item.mtsofficialpack.quad_tan.name
mts:mtsofficialpack.quad_white, item.mtsofficialpack.quad_white.name
mts:mtsofficialpack.quad_yellow, item.mtsofficialpack.quad_yellow.name
mts:mtsofficialpack.scout_black, item.mtsofficialpack.scout_black.name
mts:mtsofficialpack.scout_blue, item.mtsofficialpack.scout_blue.name
mts:mtsofficialpack.scout_brown, item.mtsofficialpack.scout_brown.name
mts:mtsofficialpack.scout_gold, item.mtsofficialpack.scout_gold.name
mts:mtsofficialpack.scout_gray, item.mtsofficialpack.scout_gray.name
mts:mtsofficialpack.scout_maroon, item.mtsofficialpack.scout_maroon.name
mts:mtsofficialpack.scout_olive, item.mtsofficialpack.scout_olive.name
mts:mtsofficialpack.scout_orange, item.mtsofficialpack.scout_orange.name
mts:mtsofficialpack.scout_red, item.mtsofficialpack.scout_red.name
mts:mtsofficialpack.scout_seagreen, item.mtsofficialpack.scout_seagreen.name
mts:mtsofficialpack.scout_tan, item.mtsofficialpack.scout_tan.name
mts:mtsofficialpack.scout_white, item.mtsofficialpack.scout_white.name
mts:mtsofficialpack.scout_yellow, item.mtsofficialpack.scout_yellow.name
mts:mtsofficialpack.scout_yellowwhite, item.mtsofficialpack.scout_yellowwhite.name
mts:mtsofficialpack.skyhawk_blackorange, item.mtsofficialpack.skyhawk_blackorange.name
mts:mtsofficialpack.skyhawk_blackred, item.mtsofficialpack.skyhawk_blackred.name
mts:mtsofficialpack.skyhawk_blackyellow, item.mtsofficialpack.skyhawk_blackyellow.name
mts:mtsofficialpack.skyhawk_blue, item.mtsofficialpack.skyhawk_blue.name
mts:mtsofficialpack.skyhawk_bluered, item.mtsofficialpack.skyhawk_bluered.name
mts:mtsofficialpack.skyhawk_bluestripe, item.mtsofficialpack.skyhawk_bluestripe.name
mts:mtsofficialpack.skyhawk_brown, item.mtsofficialpack.skyhawk_brown.name
mts:mtsofficialpack.skyhawk_butter, item.mtsofficialpack.skyhawk_butter.name
mts:mtsofficialpack.skyhawk_coffee, item.mtsofficialpack.skyhawk_coffee.name
mts:mtsofficialpack.skyhawk_green, item.mtsofficialpack.skyhawk_green.name
mts:mtsofficialpack.skyhawk_red, item.mtsofficialpack.skyhawk_red.name
mts:mtsofficialpack.skyhawk_red2, item.mtsofficialpack.skyhawk_red2.name
mts:mtsofficialpack.trimotor_black, item.mtsofficialpack.trimotor_black.name
mts:mtsofficialpack.trimotor_blue, item.mtsofficialpack.trimotor_blue.name
mts:mtsofficialpack.trimotor_mai, item.mtsofficialpack.trimotor_mai.name
mts:mtsofficialpack.trimotor_red, item.mtsofficialpack.trimotor_red.name
mts:mtsofficialpack.trimotor_white, item.mtsofficialpack.trimotor_white.name
mts:mtsofficialpack.vulcanair_blackred, item.mtsofficialpack.vulcanair_blackred.name
mts:mtsofficialpack.vulcanair_blackyellow, item.mtsofficialpack.vulcanair_blackyellow.name
mts:mtsofficialpack.vulcanair_blue, item.mtsofficialpack.vulcanair_blue.name
mts:mtsofficialpack.vulcanair_bluestripe, item.mtsofficialpack.vulcanair_bluestripe.name
mts:mtsofficialpack.vulcanair_cow, item.mtsofficialpack.vulcanair_cow.name
mts:mtsofficialpack.vulcanair_gray, item.mtsofficialpack.vulcanair_gray.name
mts:mtsofficialpack.vulcanair_green, item.mtsofficialpack.vulcanair_green.name
mts:mtsofficialpack.vulcanair_orange, item.mtsofficialpack.vulcanair_orange.name
mts:mtsofficialpack.vulcanair_police, item.mtsofficialpack.vulcanair_police.name
mts:mtsofficialpack.vulcanair_red, item.mtsofficialpack.vulcanair_red.name
mts:mtsofficialpack.vulcanair_redsnail, item.mtsofficialpack.vulcanair_redsnail.name
mts:mtsofficialpack.vulcanair_redyellow, item.mtsofficialpack.vulcanair_redyellow.name
mts:mtsofficialpack.vulcanair_seagreen, item.mtsofficialpack.vulcanair_seagreen.name
mts:mtsofficialpack.vulcanair_white, item.mtsofficialpack.vulcanair_white.name
mts:mtsofficialpack.vulcanair_winged, item.mtsofficialpack.vulcanair_winged.name
mts:mtsofficialpack.vulcanair_yellow, item.mtsofficialpack.vulcanair_yellow.name
mts:mtsofficialpack.aa_base, item.mtsofficialpack.aa_base.name
mts:mtsofficialpack.aa_turret_37, item.mtsofficialpack.aa_turret_37.name
mts:mtsofficialpack.aa_turret_762, item.mtsofficialpack.aa_turret_762.name
mts:mtsofficialpack.ammocrate_bomb_250, item.mtsofficialpack.ammocrate_bomb_250.name
mts:mtsofficialpack.ammocrate_rocket, item.mtsofficialpack.ammocrate_rocket.name
mts:mtsofficialpack.ammocrate_shell37_ap, item.mtsofficialpack.ammocrate_shell37_ap.name
mts:mtsofficialpack.ammocrate_shell37_he, item.mtsofficialpack.ammocrate_shell37_he.name
mts:mtsofficialpack.ammocrate_shell37_prox, item.mtsofficialpack.ammocrate_shell37_prox.name
mts:mtsofficialpack.auxiliary_tank, item.mtsofficialpack.auxiliary_tank.name
mts:mtsofficialpack.barrel, item.mtsofficialpack.barrel.name
mts:mtsofficialpack.barrel_black, item.mtsofficialpack.barrel_black.name
mts:mtsofficialpack.barrel_blank, item.mtsofficialpack.barrel_blank.name
mts:mtsofficialpack.barrel_blue, item.mtsofficialpack.barrel_blue.name
mts:mtsofficialpack.barrel_yellow, item.mtsofficialpack.barrel_yellow.name
mts:mtsofficialpack.barrelbell47g, item.mtsofficialpack.barrelbell47g.name
mts:mtsofficialpack.basicbomb_hardpoint, item.mtsofficialpack.basicbomb_hardpoint.name
mts:mtsofficialpack.bomblet_bombrack, item.mtsofficialpack.bomblet_bombrack.name
mts:mtsofficialpack.brigbedbox, item.mtsofficialpack.brigbedbox.name
mts:mtsofficialpack.brigbeddump, item.mtsofficialpack.brigbeddump.name
mts:mtsofficialpack.brigbeddump_coal, item.mtsofficialpack.brigbeddump_coal.name
mts:mtsofficialpack.brigbeddump_cobble, item.mtsofficialpack.brigbeddump_cobble.name
mts:mtsofficialpack.brigbeddump_copper, item.mtsofficialpack.brigbeddump_copper.name
mts:mtsofficialpack.brigbeddump_dirt, item.mtsofficialpack.brigbeddump_dirt.name
mts:mtsofficialpack.brigbeddump_gold, item.mtsofficialpack.brigbeddump_gold.name
mts:mtsofficialpack.brigbeddump_hay, item.mtsofficialpack.brigbeddump_hay.name
mts:mtsofficialpack.brigbeddump_iron, item.mtsofficialpack.brigbeddump_iron.name
mts:mtsofficialpack.brigbeddump_moss, item.mtsofficialpack.brigbeddump_moss.name
mts:mtsofficialpack.brigbeddump_nether, item.mtsofficialpack.brigbeddump_nether.name
mts:mtsofficialpack.brigbeddump_podzol, item.mtsofficialpack.brigbeddump_podzol.name
mts:mtsofficialpack.brigbeddump_sand, item.mtsofficialpack.brigbeddump_sand.name
mts:mtsofficialpack.brigbedflat, item.mtsofficialpack.brigbedflat.name
mts:mtsofficialpack.brigbedlogs, item.mtsofficialpack.brigbedlogs.name
mts:mtsofficialpack.brigbedstake, item.mtsofficialpack.brigbedstake.name
mts:mtsofficialpack.brigbedtanker_blackred, item.mtsofficialpack.brigbedtanker_blackred.name
mts:mtsofficialpack.brigbedtanker_blank, item.mtsofficialpack.brigbedtanker_blank.name
mts:mtsofficialpack.brigbedtanker_blueorange, item.mtsofficialpack.brigbedtanker_blueorange.name
mts:mtsofficialpack.brigbedtanker_greenred, item.mtsofficialpack.brigbedtanker_greenred.name
mts:mtsofficialpack.brigbedtanker_grey, item.mtsofficialpack.brigbedtanker_grey.name
mts:mtsofficialpack.brigbedtransport, item.mtsofficialpack.brigbedtransport.name
mts:mtsofficialpack.brigbedtransport_brown, item.mtsofficialpack.brigbedtransport_brown.name
mts:mtsofficialpack.brigbedtransport_green, item.mtsofficialpack.brigbedtransport_green.name
mts:mtsofficialpack.brigbedtransport_tan, item.mtsofficialpack.brigbedtransport_tan.name
mts:mtsofficialpack.bumpersticker_roostair, item.mtsofficialpack.bumpersticker_roostair.name
mts:mtsofficialpack.camera_vulcanair, item.mtsofficialpack.camera_vulcanair.name
mts:mtsofficialpack.carseat_black, item.mtsofficialpack.carseat_black.name
mts:mtsofficialpack.carseat_brown, item.mtsofficialpack.carseat_brown.name
mts:mtsofficialpack.carseat_grey, item.mtsofficialpack.carseat_grey.name
mts:mtsofficialpack.carseat_maroon, item.mtsofficialpack.carseat_maroon.name
mts:mtsofficialpack.carseat_red, item.mtsofficialpack.carseat_red.name
mts:mtsofficialpack.carseat_tan, item.mtsofficialpack.carseat_tan.name
mts:mtsofficialpack.carseat_white, item.mtsofficialpack.carseat_white.name
mts:mtsofficialpack.crate, item.mtsofficialpack.crate.name
mts:mtsofficialpack.crate_blue, item.mtsofficialpack.crate_blue.name
mts:mtsofficialpack.crate_green, item.mtsofficialpack.crate_green.name
mts:mtsofficialpack.crate_red, item.mtsofficialpack.crate_red.name
mts:mtsofficialpack.crate_white, item.mtsofficialpack.crate_white.name
mts:mtsofficialpack.cratebell47g, item.mtsofficialpack.cratebell47g.name
mts:mtsofficialpack.don_icon, item.mtsofficialpack.don_icon.name
mts:mtsofficialpack.double_bombrack, item.mtsofficialpack.double_bombrack.name
mts:mtsofficialpack.drill, item.mtsofficialpack.drill.name
mts:mtsofficialpack.dump_dropper, item.mtsofficialpack.dump_dropper.name
mts:mtsofficialpack.dump_hopper, item.mtsofficialpack.dump_hopper.name
mts:mtsofficialpack.dump_placer, item.mtsofficialpack.dump_placer.name
mts:mtsofficialpack.dump_storage, item.mtsofficialpack.dump_storage.name
mts:mtsofficialpack.engineallison250, item.mtsofficialpack.engineallison250.name
mts:mtsofficialpack.engineamci4, item.mtsofficialpack.engineamci4.name
mts:mtsofficialpack.enginebristolmercury, item.mtsofficialpack.enginebristolmercury.name
mts:mtsofficialpack.enginedetroitdiesel, item.mtsofficialpack.enginedetroitdiesel.name
mts:mtsofficialpack.enginefordfe428, item.mtsofficialpack.enginefordfe428.name
mts:mtsofficialpack.enginefranklin0335, item.mtsofficialpack.enginefranklin0335.name
mts:mtsofficialpack.enginelycomingo360, item.mtsofficialpack.enginelycomingo360.name
mts:mtsofficialpack.enginemercedesm102, item.mtsofficialpack.enginemercedesm102.name
mts:mtsofficialpack.enginepw610f, item.mtsofficialpack.enginepw610f.name
mts:mtsofficialpack.enginequad, item.mtsofficialpack.enginequad.name
mts:mtsofficialpack.ft17track, item.mtsofficialpack.ft17track.name
mts:mtsofficialpack.glovebox_skyhawk, item.mtsofficialpack.glovebox_skyhawk.name
mts:mtsofficialpack.gloveboxscout, item.mtsofficialpack.gloveboxscout.name
mts:mtsofficialpack.grilleornament_cowskull, item.mtsofficialpack.grilleornament_cowskull.name
mts:mtsofficialpack.grilleornament_horns, item.mtsofficialpack.grilleornament_horns.name
mts:mtsofficialpack.grilleornament_moustache, item.mtsofficialpack.grilleornament_moustache.name
mts:mtsofficialpack.grilleornament_snail, item.mtsofficialpack.grilleornament_snail.name
mts:mtsofficialpack.gunconfetti, item.mtsofficialpack.gunconfetti.name
mts:mtsofficialpack.gunfireextinguisher, item.mtsofficialpack.gunfireextinguisher.name
mts:mtsofficialpack.gunflaregun, item.mtsofficialpack.gunflaregun.name
mts:mtsofficialpack.gunft17turret, item.mtsofficialpack.gunft17turret.name
mts:mtsofficialpack.gunm1919, item.mtsofficialpack.gunm1919.name
mts:mtsofficialpack.gunobserver, item.mtsofficialpack.gunobserver.name
mts:mtsofficialpack.gunrocketlauncher, item.mtsofficialpack.gunrocketlauncher.name
mts:mtsofficialpack.gunrocketpod, item.mtsofficialpack.gunrocketpod.name
mts:mtsofficialpack.heavy_bombrack, item.mtsofficialpack.heavy_bombrack.name
mts:mtsofficialpack.hoist_bell206, item.mtsofficialpack.hoist_bell206.name
mts:mtsofficialpack.mirrorornament, item.mtsofficialpack.mirrorornament.name
mts:mtsofficialpack.mirrorornament_1911black, item.mtsofficialpack.mirrorornament_1911black.name
mts:mtsofficialpack.mirrorornament_1911gold, item.mtsofficialpack.mirrorornament_1911gold.name
mts:mtsofficialpack.mirrorornament_1911gray, item.mtsofficialpack.mirrorornament_1911gray.name
mts:mtsofficialpack.mirrorornament_anvil, item.mtsofficialpack.mirrorornament_anvil.name
mts:mtsofficialpack.mirrorornament_aviators, item.mtsofficialpack.mirrorornament_aviators.name
mts:mtsofficialpack.mirrorornament_blockacacia, item.mtsofficialpack.mirrorornament_blockacacia.name
mts:mtsofficialpack.mirrorornament_blockgold, item.mtsofficialpack.mirrorornament_blockgold.name
mts:mtsofficialpack.mirrorornament_blockgrass, item.mtsofficialpack.mirrorornament_blockgrass.name
mts:mtsofficialpack.mirrorornament_blocktnt, item.mtsofficialpack.mirrorornament_blocktnt.name
mts:mtsofficialpack.mirrorornament_butter, item.mtsofficialpack.mirrorornament_butter.name
mts:mtsofficialpack.mirrorornament_cactus, item.mtsofficialpack.mirrorornament_cactus.name
mts:mtsofficialpack.mirrorornament_car, item.mtsofficialpack.mirrorornament_car.name
mts:mtsofficialpack.mirrorornament_cat, item.mtsofficialpack.mirrorornament_cat.name
mts:mtsofficialpack.mirrorornament_clock, item.mtsofficialpack.mirrorornament_clock.name
mts:mtsofficialpack.mirrorornament_creeper, item.mtsofficialpack.mirrorornament_creeper.name
mts:mtsofficialpack.mirrorornament_diamond, item.mtsofficialpack.mirrorornament_diamond.name
mts:mtsofficialpack.mirrorornament_emerald, item.mtsofficialpack.mirrorornament_emerald.name
mts:mtsofficialpack.mirrorornament_gapple, item.mtsofficialpack.mirrorornament_gapple.name
mts:mtsofficialpack.mirrorornament_gmc, item.mtsofficialpack.mirrorornament_gmc.name
mts:mtsofficialpack.mirrorornament_hc, item.mtsofficialpack.mirrorornament_hc.name
mts:mtsofficialpack.mirrorornament_heart, item.mtsofficialpack.mirrorornament_heart.name
mts:mtsofficialpack.mirrorornament_joystick, item.mtsofficialpack.mirrorornament_joystick.name
mts:mtsofficialpack.mirrorornament_mogus, item.mtsofficialpack.mirrorornament_mogus.name
mts:mtsofficialpack.mirrorornament_nstar, item.mtsofficialpack.mirrorornament_nstar.name
mts:mtsofficialpack.mirrorornament_nuts, item.mtsofficialpack.mirrorornament_nuts.name
mts:mtsofficialpack.mirrorornament_pine, item.mtsofficialpack.mirrorornament_pine.name
mts:mtsofficialpack.mirrorornament_piston, item.mtsofficialpack.mirrorornament_piston.name
mts:mtsofficialpack.mirrorornament_potato, item.mtsofficialpack.mirrorornament_potato.name
mts:mtsofficialpack.mirrorornament_rubix, item.mtsofficialpack.mirrorornament_rubix.name
mts:mtsofficialpack.mirrorornament_saturn, item.mtsofficialpack.mirrorornament_saturn.name
mts:mtsofficialpack.mirrorornament_skull, item.mtsofficialpack.mirrorornament_skull.name
mts:mtsofficialpack.mirrorornament_snail, item.mtsofficialpack.mirrorornament_snail.name
mts:mtsofficialpack.mirrorornament_steak, item.mtsofficialpack.mirrorornament_steak.name
mts:mtsofficialpack.mirrorornament_totem, item.mtsofficialpack.mirrorornament_totem.name
mts:mtsofficialpack.mirrorornament_wheel, item.mtsofficialpack.mirrorornament_wheel.name
mts:mtsofficialpack.pontoon, item.mtsofficialpack.pontoon.name
mts:mtsofficialpack.propellerlarge2blade, item.mtsofficialpack.propellerlarge2blade.name
mts:mtsofficialpack.propellerrotor, item.mtsofficialpack.propellerrotor.name
mts:mtsofficialpack.propellerrotor206, item.mtsofficialpack.propellerrotor206.name
mts:mtsofficialpack.propellersmall2blade, item.mtsofficialpack.propellersmall2blade.name
mts:mtsofficialpack.propellersmall3blade, item.mtsofficialpack.propellersmall3blade.name
mts:mtsofficialpack.pzl37_bombrack, item.mtsofficialpack.pzl37_bombrack.name
mts:mtsofficialpack.salesign, item.mtsofficialpack.salesign.name
mts:mtsofficialpack.salesign_black, item.mtsofficialpack.salesign_black.name
mts:mtsofficialpack.scoutbedpickup, item.mtsofficialpack.scoutbedpickup.name
mts:mtsofficialpack.scouthardtop, item.mtsofficialpack.scouthardtop.name
mts:mtsofficialpack.scouthardtop_vinyl, item.mtsofficialpack.scouthardtop_vinyl.name
mts:mtsofficialpack.scoutpickuproof, item.mtsofficialpack.scoutpickuproof.name
mts:mtsofficialpack.seat_harness, item.mtsofficialpack.seat_harness.name
mts:mtsofficialpack.seatblack, item.mtsofficialpack.seatblack.name
mts:mtsofficialpack.seatblue, item.mtsofficialpack.seatblue.name
mts:mtsofficialpack.seatbrown, item.mtsofficialpack.seatbrown.name
mts:mtsofficialpack.seatcyan, item.mtsofficialpack.seatcyan.name
mts:mtsofficialpack.seatgrey, item.mtsofficialpack.seatgrey.name
mts:mtsofficialpack.seatolive, item.mtsofficialpack.seatolive.name
mts:mtsofficialpack.seatpink, item.mtsofficialpack.seatpink.name
mts:mtsofficialpack.seatred, item.mtsofficialpack.seatred.name
mts:mtsofficialpack.seatwhite, item.mtsofficialpack.seatwhite.name
mts:mtsofficialpack.seatyellow, item.mtsofficialpack.seatyellow.name
mts:mtsofficialpack.skidhelicopter, item.mtsofficialpack.skidhelicopter.name
mts:mtsofficialpack.smokecan_blue, item.mtsofficialpack.smokecan_blue.name
mts:mtsofficialpack.smokecan_green, item.mtsofficialpack.smokecan_green.name
mts:mtsofficialpack.smokecan_polychrome, item.mtsofficialpack.smokecan_polychrome.name
mts:mtsofficialpack.smokecan_red, item.mtsofficialpack.smokecan_red.name
mts:mtsofficialpack.smokecan_white, item.mtsofficialpack.smokecan_white.name
mts:mtsofficialpack.snail_sculpture, item.mtsofficialpack.snail_sculpture.name
mts:mtsofficialpack.spotlight, item.mtsofficialpack.spotlight.name
mts:mtsofficialpack.spotlight_bell206, item.mtsofficialpack.spotlight_bell206.name
mts:mtsofficialpack.spraycan_black, item.mtsofficialpack.spraycan_black.name
mts:mtsofficialpack.spraycan_blue, item.mtsofficialpack.spraycan_blue.name
mts:mtsofficialpack.spraycan_glow, item.mtsofficialpack.spraycan_glow.name
mts:mtsofficialpack.spraycan_red, item.mtsofficialpack.spraycan_red.name
mts:mtsofficialpack.spraycan_yellow, item.mtsofficialpack.spraycan_yellow.name
mts:mtsofficialpack.testingmodule1, item.mtsofficialpack.testingmodule1.name
mts:mtsofficialpack.watercannon, item.mtsofficialpack.watercannon.name
mts:mtsofficialpack.wheelhuge, item.mtsofficialpack.wheelhuge.name
mts:mtsofficialpack.wheellarge, item.mtsofficialpack.wheellarge.name
mts:mtsofficialpack.wheellarge_chain, item.mtsofficialpack.wheellarge_chain.name
mts:mtsofficialpack.wheellarge_gold, item.mtsofficialpack.wheellarge_gold.name
mts:mtsofficialpack.wheellarge_goth, item.mtsofficialpack.wheellarge_goth.name
mts:mtsofficialpack.wheellarge_holering, item.mtsofficialpack.wheellarge_holering.name
mts:mtsofficialpack.wheellarge_holes, item.mtsofficialpack.wheellarge_holes.name
mts:mtsofficialpack.wheellarge_legacy, item.mtsofficialpack.wheellarge_legacy.name
mts:mtsofficialpack.wheellarge_police, item.mtsofficialpack.wheellarge_police.name
mts:mtsofficialpack.wheellarge_rusty, item.mtsofficialpack.wheellarge_rusty.name
mts:mtsofficialpack.wheellarge_spokes, item.mtsofficialpack.wheellarge_spokes.name
mts:mtsofficialpack.wheellarge_spokes2, item.mtsofficialpack.wheellarge_spokes2.name
mts:mtsofficialpack.wheellarge_spokescopper, item.mtsofficialpack.wheellarge_spokescopper.name
mts:mtsofficialpack.wheellarge_whiterim, item.mtsofficialpack.wheellarge_whiterim.name
mts:mtsofficialpack.wheellarge_whitewall, item.mtsofficialpack.wheellarge_whitewall.name
mts:mtsofficialpack.wheelmedium, item.mtsofficialpack.wheelmedium.name
mts:mtsofficialpack.wheelmedium_legacy, item.mtsofficialpack.wheelmedium_legacy.name
mts:mtsofficialpack.wheelsmall, item.mtsofficialpack.wheelsmall.name
mts:mtsofficialpack.wheelsmall_legacy, item.mtsofficialpack.wheelsmall_legacy.name
mts:mtsofficialpack.basicbomb, item.mtsofficialpack.basicbomb.name
mts:mtsofficialpack.bomblet, item.mtsofficialpack.bomblet.name
mts:mtsofficialpack.bullet3700he, item.mtsofficialpack.bullet3700he.name
mts:mtsofficialpack.bullet3700he_mag, item.mtsofficialpack.bullet3700he_mag.name
mts:mtsofficialpack.bullet3700proxy, item.mtsofficialpack.bullet3700proxy.name
mts:mtsofficialpack.bullet3700proxy_mag, item.mtsofficialpack.bullet3700proxy_mag.name
mts:mtsofficialpack.bullet3700solid, item.mtsofficialpack.bullet3700solid.name
mts:mtsofficialpack.bullet3700solid_mag, item.mtsofficialpack.bullet3700solid_mag.name
mts:mtsofficialpack.bullet762, item.mtsofficialpack.bullet762.name
mts:mtsofficialpack.bulletflare_blue, item.mtsofficialpack.bulletflare_blue.name
mts:mtsofficialpack.bulletflare_green, item.mtsofficialpack.bulletflare_green.name
mts:mtsofficialpack.bulletflare_rainbow, item.mtsofficialpack.bulletflare_rainbow.name
mts:mtsofficialpack.bulletflare_red, item.mtsofficialpack.bulletflare_red.name
mts:mtsofficialpack.bulletflare_white, item.mtsofficialpack.bulletflare_white.name
mts:mtsofficialpack.bulletflare_yellow, item.mtsofficialpack.bulletflare_yellow.name
mts:mtsofficialpack.bulletrocket, item.mtsofficialpack.bulletrocket.name
mts:mtsofficialpack.extinguisherfoam, item.mtsofficialpack.extinguisherfoam.name
mts:mtsofficialpack.heavy_bomb, item.mtsofficialpack.heavy_bomb.name
mts:mtsofficialpack.paint_black, item.mtsofficialpack.paint_black.name
mts:mtsofficialpack.paint_blue, item.mtsofficialpack.paint_blue.name
mts:mtsofficialpack.paint_glow, item.mtsofficialpack.paint_glow.name
mts:mtsofficialpack.paint_red, item.mtsofficialpack.paint_red.name
mts:mtsofficialpack.paint_yellow, item.mtsofficialpack.paint_yellow.name
mts:mtsofficialpack.watercannon_proj, item.mtsofficialpack.watercannon_proj.name
mts:mtsofficialpack.beacon_top, item.mtsofficialpack.beacon_top.name
mts:mtsofficialpack.beacon_tower_inverted, item.mtsofficialpack.beacon_tower_inverted.name
mts:mtsofficialpack.beacon_tower_standard, item.mtsofficialpack.beacon_tower_standard.name
mts:mtsofficialpack.crashbarrier, item.mtsofficialpack.crashbarrier.name
mts:mtsofficialpack.fluidloader, item.mtsofficialpack.fluidloader.name
mts:mtsofficialpack.fluidunloader, item.mtsofficialpack.fluidunloader.name
mts:mtsofficialpack.fuelpump, item.mtsofficialpack.fuelpump.name
mts:mtsofficialpack.itemloader, item.mtsofficialpack.itemloader.name
mts:mtsofficialpack.itemunloader, item.mtsofficialpack.itemunloader.name
mts:mtsofficialpack.prop1, item.mtsofficialpack.prop1.name
mts:mtsofficialpack.prop2, item.mtsofficialpack.prop2.name
mts:mtsofficialpack.prop3, item.mtsofficialpack.prop3.name
mts:mtsofficialpack.prop4, item.mtsofficialpack.prop4.name
mts:mtsofficialpack.prop5, item.mtsofficialpack.prop5.name
mts:mtsofficialpack.signalcontroller, item.mtsofficialpack.signalcontroller.name
mts:mtsofficialpack.telephonebooth, item.mtsofficialpack.telephonebooth.name
mts:mtsofficialpack.trafficcone, item.mtsofficialpack.trafficcone.name
mts:mtsofficialpack.pole_core, item.mtsofficialpack.pole_core.name
mts:mtsofficialpack.pole_crossingsignal, item.mtsofficialpack.pole_crossingsignal.name
mts:mtsofficialpack.pole_flashingsignal_red, item.mtsofficialpack.pole_flashingsignal_red.name
mts:mtsofficialpack.pole_flashingsignal_yellow, item.mtsofficialpack.pole_flashingsignal_yellow.name
mts:mtsofficialpack.pole_streetlight, item.mtsofficialpack.pole_streetlight.name
mts:mtsofficialpack.pole_trafficsignal, item.mtsofficialpack.pole_trafficsignal.name
mts:mtsofficialpack.sign_bump, item.mtsofficialpack.sign_bump.name
mts:mtsofficialpack.sign_cow, item.mtsofficialpack.sign_cow.name
mts:mtsofficialpack.sign_crosswalk, item.mtsofficialpack.sign_crosswalk.name
mts:mtsofficialpack.sign_deadend, item.mtsofficialpack.sign_deadend.name
mts:mtsofficialpack.sign_donotenter, item.mtsofficialpack.sign_donotenter.name
mts:mtsofficialpack.sign_entryforbidden, item.mtsofficialpack.sign_entryforbidden.name
mts:mtsofficialpack.sign_highway, item.mtsofficialpack.sign_highway.name
mts:mtsofficialpack.sign_highwayend, item.mtsofficialpack.sign_highwayend.name
mts:mtsofficialpack.sign_left_direction, item.mtsofficialpack.sign_left_direction.name
mts:mtsofficialpack.sign_mts, item.mtsofficialpack.sign_mts.name
mts:mtsofficialpack.sign_noparking, item.mtsofficialpack.sign_noparking.name
mts:mtsofficialpack.sign_oneway_left, item.mtsofficialpack.sign_oneway_left.name
mts:mtsofficialpack.sign_oneway_right, item.mtsofficialpack.sign_oneway_right.name
mts:mtsofficialpack.sign_priority, item.mtsofficialpack.sign_priority.name
mts:mtsofficialpack.sign_priorityend, item.mtsofficialpack.sign_priorityend.name
mts:mtsofficialpack.sign_restrictionsend, item.mtsofficialpack.sign_restrictionsend.name
mts:mtsofficialpack.sign_right_direction, item.mtsofficialpack.sign_right_direction.name
mts:mtsofficialpack.sign_route, item.mtsofficialpack.sign_route.name
mts:mtsofficialpack.sign_speedlimit, item.mtsofficialpack.sign_speedlimit.name
mts:mtsofficialpack.sign_stop, item.mtsofficialpack.sign_stop.name
mts:mtsofficialpack.sign_turn_left, item.mtsofficialpack.sign_turn_left.name
mts:mtsofficialpack.sign_turn_right, item.mtsofficialpack.sign_turn_right.name
mts:mtsofficialpack.sign_wrongway, item.mtsofficialpack.sign_wrongway.name
mts:mtsofficialpack.sign_yield, item.mtsofficialpack.sign_yield.name
mts:mtsofficialpack.armorplate, item.mtsofficialpack.armorplate.name
mts:mtsofficialpack.basecartridge, item.mtsofficialpack.basecartridge.name
mts:mtsofficialpack.blowtorch, item.mtsofficialpack.blowtorch.name
mts:mtsofficialpack.circuit, item.mtsofficialpack.circuit.name
mts:mtsofficialpack.copperwire, item.mtsofficialpack.copperwire.name
mts:mtsofficialpack.explosives, item.mtsofficialpack.explosives.name
mts:mtsofficialpack.fuzeimpact, item.mtsofficialpack.fuzeimpact.name
mts:mtsofficialpack.fuzeproxy, item.mtsofficialpack.fuzeproxy.name
mts:mtsofficialpack.headlight, item.mtsofficialpack.headlight.name
mts:mtsofficialpack.hydraulics, item.mtsofficialpack.hydraulics.name
mts:mtsofficialpack.irsensor, item.mtsofficialpack.irsensor.name
mts:mtsofficialpack.manual_skyhawk, item.mtsofficialpack.manual_skyhawk.name
mts:mtsofficialpack.metaltube, item.mtsofficialpack.metaltube.name
mts:mtsofficialpack.mre, item.mtsofficialpack.mre.name
mts:mtsofficialpack.nuts, item.mtsofficialpack.nuts.name
mts:mtsofficialpack.ocpbutter, item.mtsofficialpack.ocpbutter.name
mts:mtsofficialpack.piston, item.mtsofficialpack.piston.name
mts:mtsofficialpack.plastic, item.mtsofficialpack.plastic.name
mts:mtsofficialpack.plating, item.mtsofficialpack.plating.name
mts:mtsofficialpack.processor, item.mtsofficialpack.processor.name
mts:mtsofficialpack.repairkit, item.mtsofficialpack.repairkit.name
mts:mtsofficialpack.rods, item.mtsofficialpack.rods.name
mts:mtsofficialpack.screws, item.mtsofficialpack.screws.name
mts:mtsofficialpack.smallarmscartridge, item.mtsofficialpack.smallarmscartridge.name
mts:mtsofficialpack.solidfuel, item.mtsofficialpack.solidfuel.name
mts:mtsofficialpack.sparkplug, item.mtsofficialpack.sparkplug.name
mts:mtsofficialpack.spring, item.mtsofficialpack.spring.name
mts:mtsofficialpack.instrument_aircraft_adf, item.mtsofficialpack.instrument_aircraft_adf.name
mts:mtsofficialpack.instrument_aircraft_airspeed, item.mtsofficialpack.instrument_aircraft_airspeed.name
mts:mtsofficialpack.instrument_aircraft_altimeter, item.mtsofficialpack.instrument_aircraft_altimeter.name
mts:mtsofficialpack.instrument_aircraft_attitude, item.mtsofficialpack.instrument_aircraft_attitude.name
mts:mtsofficialpack.instrument_aircraft_beacon_distance, item.mtsofficialpack.instrument_aircraft_beacon_distance.name
mts:mtsofficialpack.instrument_aircraft_clock, item.mtsofficialpack.instrument_aircraft_clock.name
mts:mtsofficialpack.instrument_aircraft_coordinate, item.mtsofficialpack.instrument_aircraft_coordinate.name
mts:mtsofficialpack.instrument_aircraft_electric, item.mtsofficialpack.instrument_aircraft_electric.name
mts:mtsofficialpack.instrument_aircraft_enginetemp, item.mtsofficialpack.instrument_aircraft_enginetemp.name
mts:mtsofficialpack.instrument_aircraft_flaps, item.mtsofficialpack.instrument_aircraft_flaps.name
mts:mtsofficialpack.instrument_aircraft_fuelflow, item.mtsofficialpack.instrument_aircraft_fuelflow.name
mts:mtsofficialpack.instrument_aircraft_fuelqty, item.mtsofficialpack.instrument_aircraft_fuelqty.name
mts:mtsofficialpack.instrument_aircraft_heading, item.mtsofficialpack.instrument_aircraft_heading.name
mts:mtsofficialpack.instrument_aircraft_ils, item.mtsofficialpack.instrument_aircraft_ils.name
mts:mtsofficialpack.instrument_aircraft_liftreserve, item.mtsofficialpack.instrument_aircraft_liftreserve.name
mts:mtsofficialpack.instrument_aircraft_oilpressure, item.mtsofficialpack.instrument_aircraft_oilpressure.name
mts:mtsofficialpack.instrument_aircraft_tachometer, item.mtsofficialpack.instrument_aircraft_tachometer.name
mts:mtsofficialpack.instrument_aircraft_trim, item.mtsofficialpack.instrument_aircraft_trim.name
mts:mtsofficialpack.instrument_aircraft_turncoord, item.mtsofficialpack.instrument_aircraft_turncoord.name
mts:mtsofficialpack.instrument_aircraft_turnslip, item.mtsofficialpack.instrument_aircraft_turnslip.name
mts:mtsofficialpack.instrument_aircraft_verticalspeed, item.mtsofficialpack.instrument_aircraft_verticalspeed.name
mts:mtsofficialpack.instrument_car_clock, item.mtsofficialpack.instrument_car_clock.name
mts:mtsofficialpack.instrument_car_electric, item.mtsofficialpack.instrument_car_electric.name
mts:mtsofficialpack.instrument_car_enginetemp_c, item.mtsofficialpack.instrument_car_enginetemp_c.name
mts:mtsofficialpack.instrument_car_enginetemp_f, item.mtsofficialpack.instrument_car_enginetemp_f.name
mts:mtsofficialpack.instrument_car_fuelqty, item.mtsofficialpack.instrument_car_fuelqty.name
mts:mtsofficialpack.instrument_car_gear, item.mtsofficialpack.instrument_car_gear.name
mts:mtsofficialpack.instrument_car_oilpressure_b, item.mtsofficialpack.instrument_car_oilpressure_b.name
mts:mtsofficialpack.instrument_car_oilpressure_p, item.mtsofficialpack.instrument_car_oilpressure_p.name
mts:mtsofficialpack.instrument_car_spedometer_blk, item.mtsofficialpack.instrument_car_spedometer_blk.name
mts:mtsofficialpack.instrument_car_spedometer_kph, item.mtsofficialpack.instrument_car_spedometer_kph.name
mts:mtsofficialpack.instrument_car_spedometer_mph, item.mtsofficialpack.instrument_car_spedometer_mph.name
mts:mtsofficialpack.instrument_car_tachometer, item.mtsofficialpack.instrument_car_tachometer.name
mts:mtsofficialpack.instrument_misc_mud, item.mtsofficialpack.instrument_misc_mud.name
mts:randallag.gizzard157_primer, item.randallag.gizzard157_primer.name
mts:randallag.randall4400_allis, item.randallag.randall4400_allis.name
mts:randallag.randall4400_deere, item.randallag.randall4400_deere.name
mts:randallag.randall4400_holland, item.randallag.randall4400_holland.name
mts:randallag.randall4400_randall, item.randallag.randall4400_randall.name
mts:randallag.randalla_allis, item.randallag.randalla_allis.name
mts:randallag.randalla_deere, item.randallag.randalla_deere.name
mts:randallag.randalla_ferguson, item.randallag.randalla_ferguson.name
mts:randallag.randalla_fordson, item.randallag.randalla_fordson.name
mts:randallag.randalla_moline, item.randallag.randalla_moline.name
mts:randallag.randalla_randall, item.randallag.randalla_randall.name
mts:randallag.randalla_zetor, item.randallag.randalla_zetor.name
mts:randallag.randallballplanter2_allis, item.randallag.randallballplanter2_allis.name
mts:randallag.randallballplanter2_cervidea, item.randallag.randallballplanter2_cervidea.name
mts:randallag.randallballplanter2_holtlant, item.randallag.randallballplanter2_holtlant.name
mts:randallag.randallballplanter2_randall, item.randallag.randallballplanter2_randall.name
mts:randallag.randallboxplanter6_allis, item.randallag.randallboxplanter6_allis.name
mts:randallag.randallboxplanter6_deere, item.randallag.randallboxplanter6_deere.name
mts:randallag.randallboxplanter6_holland, item.randallag.randallboxplanter6_holland.name
mts:randallag.randallboxplanter6_randall, item.randallag.randallboxplanter6_randall.name
mts:randallag.randallcenturion_allis, item.randallag.randallcenturion_allis.name
mts:randallag.randallcenturion_cervidea, item.randallag.randallcenturion_cervidea.name
mts:randallag.randallcenturion_holtlant, item.randallag.randallcenturion_holtlant.name
mts:randallag.randallcenturion_randall, item.randallag.randallcenturion_randall.name
mts:randallag.randallchiselplow3_allis, item.randallag.randallchiselplow3_allis.name
mts:randallag.randallchiselplow3_cervidea, item.randallag.randallchiselplow3_cervidea.name
mts:randallag.randallchiselplow3_holtlant, item.randallag.randallchiselplow3_holtlant.name
mts:randallag.randallchiselplow3_randall, item.randallag.randallchiselplow3_randall.name
mts:randallag.randallfarm_allis, item.randallag.randallfarm_allis.name
mts:randallag.randallfarm_deere, item.randallag.randallfarm_deere.name
mts:randallag.randallfarm_ferguson, item.randallag.randallfarm_ferguson.name
mts:randallag.randallfarm_fordson, item.randallag.randallfarm_fordson.name
mts:randallag.randallfarm_moline, item.randallag.randallfarm_moline.name
mts:randallag.randallfarm_randall, item.randallag.randallfarm_randall.name
mts:randallag.randallfarm_zetor, item.randallag.randallfarm_zetor.name
mts:randallag.randallharvester30_allis, item.randallag.randallharvester30_allis.name
mts:randallag.randallharvester30_cervidea, item.randallag.randallharvester30_cervidea.name
mts:randallag.randallharvester30_holtlant, item.randallag.randallharvester30_holtlant.name
mts:randallag.randallharvester30_randall, item.randallag.randallharvester30_randall.name
mts:randallag.4m_reel_allis, item.randallag.4m_reel_allis.name
mts:randallag.4m_reel_black, item.randallag.4m_reel_black.name
mts:randallag.4m_reel_white, item.randallag.4m_reel_white.name
mts:randallag.4m_reel_yellow, item.randallag.4m_reel_yellow.name
mts:randallag.4mheader_allis, item.randallag.4mheader_allis.name
mts:randallag.4mheader_deere, item.randallag.4mheader_deere.name
mts:randallag.4mheader_deereblack, item.randallag.4mheader_deereblack.name
mts:randallag.4mheader_holland, item.randallag.4mheader_holland.name
mts:randallag.4mheader_randall, item.randallag.4mheader_randall.name
mts:randallag.chiselplowunit, item.randallag.chiselplowunit.name
mts:randallag.frontloaderbucket_allis, item.randallag.frontloaderbucket_allis.name
mts:randallag.frontloaderbucket_deere, item.randallag.frontloaderbucket_deere.name
mts:randallag.frontloaderbucket_ferguson, item.randallag.frontloaderbucket_ferguson.name
mts:randallag.frontloaderbucket_fordson, item.randallag.frontloaderbucket_fordson.name
mts:randallag.frontloaderbucket_moline, item.randallag.frontloaderbucket_moline.name
mts:randallag.frontloaderbucket_randall, item.randallag.frontloaderbucket_randall.name
mts:randallag.frontloaderbucket_zetor, item.randallag.frontloaderbucket_zetor.name
mts:randallag.header30_white, item.randallag.header30_white.name
mts:randallag.header30_yellow, item.randallag.header30_yellow.name
mts:randallag.invisicollector, item.randallag.invisicollector.name
mts:randallag.invisidropper, item.randallag.invisidropper.name
mts:randallag.invisihopper_large, item.randallag.invisihopper_large.name
mts:randallag.invisihopper_medium, item.randallag.invisihopper_medium.name
mts:randallag.invisihopper_small, item.randallag.invisihopper_small.name
mts:randallag.mowerblade, item.randallag.mowerblade.name
mts:randallag.planterrowunit_blue, item.randallag.planterrowunit_blue.name
mts:randallag.planterrowunit_green, item.randallag.planterrowunit_green.name
mts:randallag.planterrowunit_orange, item.randallag.planterrowunit_orange.name
mts:randallag.planterrowunit_red, item.randallag.planterrowunit_red.name
mts:randallag.randallafrontloader_allis, item.randallag.randallafrontloader_allis.name
mts:randallag.randallafrontloader_deere, item.randallag.randallafrontloader_deere.name
mts:randallag.randallafrontloader_ferguson, item.randallag.randallafrontloader_ferguson.name
mts:randallag.randallafrontloader_fordson, item.randallag.randallafrontloader_fordson.name
mts:randallag.randallafrontloader_moline, item.randallag.randallafrontloader_moline.name
mts:randallag.randallafrontloader_randall, item.randallag.randallafrontloader_randall.name
mts:randallag.randallafrontloader_zetor, item.randallag.randallafrontloader_zetor.name
mts:randallag.seedhopper_white, item.randallag.seedhopper_white.name
mts:randallag.seedhopper_yellow, item.randallag.seedhopper_yellow.name
mts:randallag.effectorbench, item.randallag.effectorbench.name
mts:randallag.ivpartsmanual, item.randallag.ivpartsmanual.name
mts:warkfarming.isolated_trailer_blue, item.warkfarming.isolated_trailer_blue.name
mts:warkfarming.isolated_trailer_green, item.warkfarming.isolated_trailer_green.name
mts:warkfarming.isolated_trailer_greenyellow, item.warkfarming.isolated_trailer_greenyellow.name
mts:warkfarming.isolated_trailer_orange, item.warkfarming.isolated_trailer_orange.name
mts:warkfarming.isolated_trailer_red, item.warkfarming.isolated_trailer_red.name
mts:warkfarming.isolated_trailer_yellow, item.warkfarming.isolated_trailer_yellow.name
mts:warkfarming.tractor_explorer_blue, item.warkfarming.tractor_explorer_blue.name
mts:warkfarming.tractor_explorer_green, item.warkfarming.tractor_explorer_green.name
mts:warkfarming.tractor_explorer_orange, item.warkfarming.tractor_explorer_orange.name
mts:warkfarming.tractor_explorer_red, item.warkfarming.tractor_explorer_red.name
mts:warkfarming.wark_4row_seeder_blue, item.warkfarming.wark_4row_seeder_blue.name
mts:warkfarming.wark_4row_seeder_green, item.warkfarming.wark_4row_seeder_green.name
mts:warkfarming.wark_4row_seeder_orange, item.warkfarming.wark_4row_seeder_orange.name
mts:warkfarming.wark_4row_seeder_red, item.warkfarming.wark_4row_seeder_red.name
mts:warkfarming.wark_chemical_spreader, item.warkfarming.wark_chemical_spreader.name
mts:warkfarming.wark_diskplow_blue, item.warkfarming.wark_diskplow_blue.name
mts:warkfarming.wark_diskplow_green, item.warkfarming.wark_diskplow_green.name
mts:warkfarming.wark_diskplow_orange, item.warkfarming.wark_diskplow_orange.name
mts:warkfarming.wark_diskplow_red, item.warkfarming.wark_diskplow_red.name
mts:warkfarming.wark_harvester_blue, item.warkfarming.wark_harvester_blue.name
mts:warkfarming.wark_harvester_green, item.warkfarming.wark_harvester_green.name
mts:warkfarming.wark_harvester_orange, item.warkfarming.wark_harvester_orange.name
mts:warkfarming.wark_harvester_red, item.warkfarming.wark_harvester_red.name
mts:warkfarming.wark_harvester_yellow, item.warkfarming.wark_harvester_yellow.name
mts:warkfarming.blade_plow, item.warkfarming.blade_plow.name
mts:warkfarming.wark_header_blue, item.warkfarming.wark_header_blue.name
mts:warkfarming.wark_header_green, item.warkfarming.wark_header_green.name
mts:warkfarming.wark_header_orange, item.warkfarming.wark_header_orange.name
mts:warkfarming.wark_header_red, item.warkfarming.wark_header_red.name
mts:warkfarming.wark_header_yellow, item.warkfarming.wark_header_yellow.name
mts:warkfarming.wark_invisible_crate, item.warkfarming.wark_invisible_crate.name
mts:warkfarming.wark_invisible_crate12x, item.warkfarming.wark_invisible_crate12x.name
mts:warkfarming.wark_invisible_crate6x, item.warkfarming.wark_invisible_crate6x.name
mts:warkfarming.wark_invisible_dropper, item.warkfarming.wark_invisible_dropper.name
mts:warkfarming.wark_invisible_fertilizer, item.warkfarming.wark_invisible_fertilizer.name
mts:warkfarming.wark_invisible_isolated_collector, item.warkfarming.wark_invisible_isolated_collector.name
mts:warkfarming.wark_invisible_plowunit, item.warkfarming.wark_invisible_plowunit.name
mts:warkfarming.wark_invisible_seeder, item.warkfarming.wark_invisible_seeder.name
mts:warkfarming.wheat_load, item.warkfarming.wheat_load.name
irontanks:iron_tank, Железная цистерна
irontanks:gold_tank, Золотая цистерна
irontanks:diamond_tank, Алмазная цистерна
irontanks:obsidian_tank, Обсидиановая цистерна
irontanks:silver_tank, Серебряная цистерна
irontanks:copper_tank, Медная цистерна
irontanks:emerald_tank, Изумрудная цистерна
irontanks:aluminium_tank, Алюминиевая цистерна
irontanks:stainlesssteel_tank, Нержавеющая стальная цистерна
irontanks:titanium_tank, Титановая цистерна
irontanks:tungstensteel_tank, Вольфрамостальная цистерна
irontanks:void_tank, Пустотная цистерна
irontanks:creative_tank, Творческая цистерна
irontanks:copper_iron_upgrade, Улучшение из медной в железную цистерну
irontanks:copper_silver_upgrade, Улучшение из медной в серебряную цистерну
irontanks:diamond_obsidian_upgrade, Улучшение из алмазной в обсидиановую цистерну
irontanks:glass_copper_upgrade, Улучшение из стеклянной в медную цистерну
irontanks:glass_iron_upgrade, Улучшение из стеклянной в железную цистерну
irontanks:gold_diamond_upgrade, Улучшение из золотой в алмазную цистерну
irontanks:iron_gold_upgrade, Улучшение из железной в золотую цистерну
irontanks:silver_gold_upgrade, Улучшение из серебряной в золотую цистерну
irontanks:diamond_emerald_upgrade, Улучшение из алмазной в изумрудную цистерну
irontanks:diamond_aluminium_upgrade, Улучшение из алмазной в алюминиевую цистерну
irontanks:emerald_stainlesssteel_upgrade, Улучшение из изумрудной в нержавеющую стальную цистерну
irontanks:aluminium_stainlesssteel_upgrade, Улучшение из алюминиевой в нержавеющую стальную цистерну
irontanks:stainlesssteel_titanium_upgrade, Улучшение из нержавеющей стальной в титановую цистерну
irontanks:titanium_tungstensteel_upgrade, Улучшение из титановой в вольфрамостальную цистерну
lootr:lootr_chest, Loot Chest
lootr:lootr_trapped_chest, Loot Chest
lootr:lootr_shulker, Loot Shulker
lootr:trophy, Centennial Trophy
mcwbridges:most1, Iron Bridge Middle
mcwbridges:most2, Iron Bridge End
mcwbridges:oak_log_bridge_middle, Oak Bridge Middle
mcwbridges:oak_log_bridge_end, Oak Bridge End
mcwbridges:birch_log_bridge_end, Birch Bridge End
mcwbridges:birch_log_bridge_middle, Birch Bridge Middle
mcwbridges:acacia_log_bridge_end, Acacia Bridge End
mcwbridges:acacia_log_bridge_middle, Acacia Bridge Middle
mcwbridges:spruce_log_bridge_end, Spruce Bridge End
mcwbridges:spruce_log_bridge_middle, Spruce Bridge Middle
mcwbridges:jungle_log_bridge_end, Jungle Bridge End
mcwbridges:jungle_log_bridge_middle, Jungle Bridge Middle
mcwbridges:dark_oak_log_bridge_end, Dark Oak Bridge End
mcwbridges:dark_oak_log_bridge_middle, Dark Oak Bridge Middle
mcwbridges:rope_oak_bridge, Rope Oak Bridge
mcwbridges:rope_oak_bridge_end, Rope Oak Bridge End
mcwbridges:rope_birch_bridge, Rope Birch Bridge
mcwbridges:rope_birch_bridge_end, Rope Birch Bridge End
mcwbridges:rope_spruce_bridge, Rope Spruce Bridge
mcwbridges:rope_spruce_bridge_end, Rope Spruce Bridge End
mcwbridges:rope_jungle_bridge, Rope Jungle Bridge
mcwbridges:rope_jungle_bridge_end, Rope Jungle Bridge End
mcwbridges:rope_acacia_bridge, Rope Acacia Bridge
mcwbridges:rope_acacia_bridge_end, Rope Acacia Bridge End
mcwbridges:rope_dark_oak_bridge, Rope Dark Oak Bridge
mcwbridges:rope_dark_oak_bridge_end, Rope Dark Oak Bridge End
mcwbridges:stone_brick_bridge, Stone Brick Bridge
mcwbridges:stone_brick_bridge_end, Stone Brick Bridge End
mcwbridges:brick_bridge, Brick Bridge
mcwbridges:brick_bridge_end, Brick Bridge End
mcwbridges:sandstone_bridge, Sandstone Bridge
mcwbridges:sandstone_bridge_end, Sandstone Bridge End
mcwbridges:orange_sandstone_bridge, Red Sandstone Bridge
mcwbridges:orange_sandstone_bridge_end, Red Sandstone Bridge End
mcwbridges:mossy_stone_brick_bridge, Mossy Stone Brick Bridge
mcwbridges:mossy_stone_brick_bridge_end, Mossy Stone Brick Bridge End
mcwbridges:oak_rail_bridge, Oak Rail Bridge
mcwbridges:oak_rail_bridge_end, Oak Rail Bridge End
mcwbridges:spruce_rail_bridge, Spruce Rail Bridge
mcwbridges:spruce_rail_bridge_end, Spruce Rail Bridge End
mcwbridges:birch_rail_bridge, Birch Rail Bridge
mcwbridges:birch_rail_bridge_end, Birch Rail Bridge End
mcwbridges:jungle_rail_bridge, Jungle Rail Bridge
mcwbridges:jungle_rail_bridge_end, Jungle Rail Bridge End
mcwbridges:acacia_rail_bridge, Acacia Rail Bridge
mcwbridges:acacia_rail_bridge_end, Acacia Rail Bridge End
mcwbridges:dark_oak_rail_bridge, Dark Oak Rail Bridge
mcwbridges:dark_oak_rail_bridge_end, Dark Oak Rail Bridge End
mcwbridges:bamboo_bridge, Bamboo Bridge
mcwbridges:bamboo_bridge_end, Bamboo Bridge End
mcwbridges:dry_bamboo_bridge, Dry Bamboo Bridge
mcwbridges:dry_bamboo_bridge_end, Dry Bamboo Bridge End
tinker_io:cd_lonesome_avenue, Music Disc
tinker_io:upg:0, Base Upgrade
tinker_io:upg:1, Slot Upgrade I
tinker_io:upg:2, Slot Upgrade II
tinker_io:upg:3, Slot Upgrade III
tinker_io:upg:4, Slot Upgrade IV
tinker_io:upg:5, Redstone Upgrade
tinker_io:upg:6, Fortune Upgrade
tinker_io:upg:7, Basin Upgrade
tinker_io:solidfuel, Solid Fuel
tinker_io:speedupg, Speed Upgrade
tinker_io:crushed_ore, Crushed Ore
tinker_io:fuel_input_machine, Fuel Input Machine
tinker_io:smart_output, Smart Output
tinker_io:what_a_beautiful_block, What a beautiful block
tinker_io:ore_crusher, Ore Crusher
tinker_io:stirling_engine, Stirling Engine
immersiveengineering:ore:0, Медная руда
immersiveengineering:ore:1, Бокситовая руда
immersiveengineering:ore:2, Свинцовая руда
immersiveengineering:ore:3, Серебряная руда
immersiveengineering:ore:4, Никелевая руда
immersiveengineering:ore:5, Урановая руда
immersiveengineering:storage:0, Медный блок
immersiveengineering:storage:1, Алюминиевый блок
immersiveengineering:storage:2, Свинцовый блок
immersiveengineering:storage:3, Серебряный блок
immersiveengineering:storage:4, Никелевый блок
immersiveengineering:storage:5, Урановый блок
immersiveengineering:storage:6, Константановый блок
immersiveengineering:storage:7, Электрумовый блок
immersiveengineering:storage:8, Стальной блок
immersiveengineering:storage_slab:0, Медная плита
immersiveengineering:storage_slab:1, Алюминиевая плита
immersiveengineering:storage_slab:2, Свинцовая плита
immersiveengineering:storage_slab:3, Серебряная плита
immersiveengineering:storage_slab:4, Никелевая плита
immersiveengineering:storage_slab:5, Урановая плита
immersiveengineering:storage_slab:6, Константановая плита
immersiveengineering:storage_slab:7, Электрумовая плита
immersiveengineering:storage_slab:8, Стальная плита
immersiveengineering:stone_decoration:0, Кирпич коксовой печи
immersiveengineering:stone_decoration:1, Кирпич доменной печи
immersiveengineering:stone_decoration:2, Кирпич продвинутой доменной печи
immersiveengineering:stone_decoration:3, Блок коксового угля
immersiveengineering:stone_decoration:4, Костробетон
immersiveengineering:stone_decoration:5, Бетон
immersiveengineering:stone_decoration:6, Кафельный бетон
immersiveengineering:stone_decoration:7, Свинцовый бетон
immersiveengineering:stone_decoration:8, Стеклоизоляция
immersiveengineering:stone_decoration:10, Печной кирпич
immersiveengineering:stone_decoration_slab:0, Плита из коксового кирпича
immersiveengineering:stone_decoration_slab:1, Плита из доменного кирпича
immersiveengineering:stone_decoration_slab:2, Плита из кирпича продвинутой доменной печи
immersiveengineering:stone_decoration_slab:4, Плита из костробетона
immersiveengineering:stone_decoration_slab:5, Плита из бетона
immersiveengineering:stone_decoration_slab:6, Плита из кафельного бетона
immersiveengineering:stone_decoration_slab:7, Плита из свинцового бетона
immersiveengineering:stone_decoration_slab:10, Плита из печного кирпича
immersiveengineering:stone_decoration_stairs_hempcrete, Ступени из костробетона
immersiveengineering:stone_decoration_stairs_concrete, Ступени из бетона
immersiveengineering:stone_decoration_stairs_concrete_tile, Ступени из кафельного бетона
immersiveengineering:stone_decoration_stairs_concrete_leaded, Ступени из свинцового бетона
immersiveengineering:stone_device:3, Бетонный лист
immersiveengineering:stone_device:4, Бетонная панель
immersiveengineering:stone_device:5, Бетонный кусок
immersiveengineering:treated_wood:0, Доски из обработанного дерева
immersiveengineering:treated_wood:1, Доски из обработанного дерева
immersiveengineering:treated_wood:2, Доски из обработанного дерева
immersiveengineering:treated_wood_slab:0, Плита из обработанного дерева
immersiveengineering:treated_wood_slab:1, Плита из обработанного дерева
immersiveengineering:treated_wood_slab:2, Плита из обработанного дерева
immersiveengineering:treated_wood_stairs0, Ступени из обработанного дерева
immersiveengineering:treated_wood_stairs1, Ступени из обработанного дерева
immersiveengineering:treated_wood_stairs2, Ступени из обработанного дерева
immersiveengineering:wooden_decoration:0, Забор из обработанного дерева
immersiveengineering:wooden_decoration:1, Леса из обработанного дерева
immersiveengineering:wooden_device0:0, Деревянный чемодан
immersiveengineering:wooden_device0:1, Деревянная бочка
immersiveengineering:wooden_device0:2, Верстак инженера
immersiveengineering:wooden_device0:3, Сортировщик предметов
immersiveengineering:wooden_device0:4, Пороховая бочка
immersiveengineering:wooden_device0:5, Усиленный чемодан
immersiveengineering:wooden_device0:6, Поворотный стол
immersiveengineering:wooden_device0:7, Сортировщик жидкостей
immersiveengineering:wooden_device1:0, Водяное колесо
immersiveengineering:wooden_device1:1, Ветряная мельница
immersiveengineering:wooden_device1:3, Деревянный столб
immersiveengineering:wooden_device1:4, Крепление из обработанного дерева
immersiveengineering:hemp, Промышленная конопля
immersiveengineering:cloth_device:0, Спасательная подушка
immersiveengineering:cloth_device:1, Воздушный шар
immersiveengineering:cloth_device:2, Занавес
immersiveengineering:fake_light, tile.immersiveengineering.fake_light.name
immersiveengineering:sheetmetal:0, Медный листовой металл
immersiveengineering:sheetmetal:1, Алюминиевый листовой металл
immersiveengineering:sheetmetal:2, Свинцовый листовой металл
immersiveengineering:sheetmetal:3, Серебряный листовой металл
immersiveengineering:sheetmetal:4, Никелевый листовой металл
immersiveengineering:sheetmetal:5, Урановый листовой металл
immersiveengineering:sheetmetal:6, Константановый листовой металл
immersiveengineering:sheetmetal:7, Электрумовый листовой металл
immersiveengineering:sheetmetal:8, Стальной листовой металл
immersiveengineering:sheetmetal:9, Железный листовой металл
immersiveengineering:sheetmetal:10, Золотой листовой металл
immersiveengineering:sheetmetal_slab:0, Плита из листовой меди
immersiveengineering:sheetmetal_slab:1, Плита из листового алюминия
immersiveengineering:sheetmetal_slab:2, Плита из листового свинца
immersiveengineering:sheetmetal_slab:3, Плита из листового серебра
immersiveengineering:sheetmetal_slab:4, Плита из листового никеля
immersiveengineering:sheetmetal_slab:5, Плита из листового урана
immersiveengineering:sheetmetal_slab:6, Плита из листового константана
immersiveengineering:sheetmetal_slab:7, Плита из листового электрума
immersiveengineering:sheetmetal_slab:8, Плита из листовой стали
immersiveengineering:sheetmetal_slab:9, Плита из листового железа
immersiveengineering:sheetmetal_slab:10, Плита из листового золота
immersiveengineering:metal_decoration0:0, Блок медного провода
immersiveengineering:metal_decoration0:1, Блок электрумового провода
immersiveengineering:metal_decoration0:2, Блок высоковольтного провода
immersiveengineering:metal_decoration0:3, Краснокаменный инженерный блок
immersiveengineering:metal_decoration0:4, Лёгкий инженерный блок
immersiveengineering:metal_decoration0:5, Тяжёлый инженерный блок
immersiveengineering:metal_decoration0:6, Блок генератора
immersiveengineering:metal_decoration0:7, Блок радиатора
immersiveengineering:metal_decoration1:0, Стальной забор
immersiveengineering:metal_decoration1:1, Стальные леса
immersiveengineering:metal_decoration1:2, Стальные леса
immersiveengineering:metal_decoration1:3, Стальные леса
immersiveengineering:metal_decoration1:4, Алюминиевый забор
immersiveengineering:metal_decoration1:5, Алюминиевые леса
immersiveengineering:metal_decoration1:6, Алюминиевые леса
immersiveengineering:metal_decoration1:7, Алюминиевые леса
immersiveengineering:metal_decoration2:0, Стальной столб
immersiveengineering:metal_decoration2:1, Стальной крепёж
immersiveengineering:metal_decoration2:2, Алюминиевый столб
immersiveengineering:metal_decoration2:3, Алюминиевый крепёж
immersiveengineering:metal_decoration2:4, Фонарь
immersiveengineering:metal_decoration2:5, Колючая проволока
immersiveengineering:metal_decoration2:7, Стальная опора
immersiveengineering:metal_decoration2:8, Алюминиевая опора
immersiveengineering:metal_decoration1_slab:1, Плита из стальных лесов
immersiveengineering:metal_decoration1_slab:2, Плита из стальных лесов
immersiveengineering:metal_decoration1_slab:3, Плита из стальных лесов
immersiveengineering:metal_decoration1_slab:5, Плита из алюминиевых лесов
immersiveengineering:metal_decoration1_slab:6, Плита из алюминиевых лесов
immersiveengineering:metal_decoration1_slab:7, Плита из алюминиевых лесов
immersiveengineering:steel_scaffolding_stairs0, Ступени из стальных лесов
immersiveengineering:steel_scaffolding_stairs1, Ступени из стальных лесов
immersiveengineering:steel_scaffolding_stairs2, Ступени из стальных лесов
immersiveengineering:aluminum_scaffolding_stairs0, Ступени из алюминиевых лесов
immersiveengineering:aluminum_scaffolding_stairs1, Ступени из алюминиевых лесов
immersiveengineering:aluminum_scaffolding_stairs2, Ступени из алюминиевых лесов
immersiveengineering:metal_ladder:0, Металлическая лестница
immersiveengineering:metal_ladder:1, Лестница покрытая лесами
immersiveengineering:metal_ladder:2, Лестница покрытая лесами
immersiveengineering:connector:0, Низковольтный коннектор
immersiveengineering:connector:1, Низковольтное реле
immersiveengineering:connector:2, Средневольтный коннектор
immersiveengineering:connector:3, Средневольтное реле
immersiveengineering:connector:4, Высоковольтный коннектор
immersiveengineering:connector:5, Высоковольтное реле
immersiveengineering:connector:6, Строительный коннектор
immersiveengineering:connector:7, Трансформатор
immersiveengineering:connector:8, Высоковольтный трансформатор
immersiveengineering:connector:9, Рубильник
immersiveengineering:connector:10, Краснокаменный рубильник
immersiveengineering:connector:11, Трансформатор тока
immersiveengineering:connector:12, Краснокаменный коннектор
immersiveengineering:connector:13, Коннектор краснокаменного зонда
immersiveengineering:metal_device0:0, Низковольтный конденсатор
immersiveengineering:metal_device0:1, Средневольтный конденсатор
immersiveengineering:metal_device0:2, Высоковольтный конденсатор
immersiveengineering:metal_device0:3, Конденсатор для творческого режима
immersiveengineering:metal_device0:4, Металлическая бочка
immersiveengineering:metal_device0:5, Насос
immersiveengineering:metal_device0:6, Слив
immersiveengineering:metal_device1:0, Воздухонагреватель доменной печи
immersiveengineering:metal_device1:1, Внешний нагреватель
immersiveengineering:metal_device1:2, Кинетический генератор
immersiveengineering:metal_device1:3, Термоэлектрогенератор
immersiveengineering:metal_device1:4, Электрический фонарь
immersiveengineering:metal_device1:5, Зарядная станция
immersiveengineering:metal_device1:6, Труба для жидкостей
immersiveengineering:metal_device1:7, Буровая установка
immersiveengineering:metal_device1:8, Катушка Тесла
immersiveengineering:metal_device1:9, Прожектор
immersiveengineering:metal_device1:10, Жидкостная турель
immersiveengineering:metal_device1:11, Оружейная турель
immersiveengineering:metal_device1:13, Садовая теплица
immersiveengineering:conveyor, tile.immersiveengineering.conveyor.name
immersiveengineering:material:0, Обработанная палка
immersiveengineering:material:1, Железный прут
immersiveengineering:material:2, Стальной прут
immersiveengineering:material:3, Алюминиевый прут
immersiveengineering:material:4, Волокно промышленной конопли
immersiveengineering:material:5, Прочная ткань
immersiveengineering:material:6, Коксовый уголь
immersiveengineering:material:7, Шлак
immersiveengineering:material:8, Железный механический компонент
immersiveengineering:material:9, Стальной механический компонент
immersiveengineering:material:10, Часть водяного колеса
immersiveengineering:material:11, Лопасть ветряной мельницы
immersiveengineering:material:12, Парус ветряной мельницы
immersiveengineering:material:13, Деревянная рукоятка
immersiveengineering:material:14, Ствол револьвера
immersiveengineering:material:15, Барабан револьвера
immersiveengineering:material:16, Корпус револьвера
immersiveengineering:material:17, Коксовая пыль
immersiveengineering:material:18, Пыль ВОП-графита
immersiveengineering:material:19, Слиток ВОП-графита
immersiveengineering:material:20, Медный провод
immersiveengineering:material:21, Электрумовый провод
immersiveengineering:material:22, Алюминиевый провод
immersiveengineering:material:23, Стальной трос
immersiveengineering:material:24, Нитратная пыль
immersiveengineering:material:25, Серная пыль
immersiveengineering:material:26, Электронная лампа
immersiveengineering:material:27, Монтажная плата
immersiveengineering:metal:0, Медный слиток
immersiveengineering:metal:1, Алюминиевый слиток
immersiveengineering:metal:2, Свинцовый слиток
immersiveengineering:metal:3, Серебряный слиток
immersiveengineering:metal:4, Никелевый слиток
immersiveengineering:metal:5, Урановый слиток
immersiveengineering:metal:6, Константановый слиток
immersiveengineering:metal:7, Электрумовый слиток
immersiveengineering:metal:8, Стальной слиток
immersiveengineering:metal:9, Медная пыль
immersiveengineering:metal:10, Алюминиевая пыль
immersiveengineering:metal:11, Свинцовая пыль
immersiveengineering:metal:12, Серебряная пыль
immersiveengineering:metal:13, Никелевая пыль
immersiveengineering:metal:14, Урановая пыль
immersiveengineering:metal:15, Константановая пыль
immersiveengineering:metal:16, Электрумовая пыль
immersiveengineering:metal:17, Стальная пыль
immersiveengineering:metal:18, Железная пыль
immersiveengineering:metal:19, Золотая пыль
immersiveengineering:metal:20, Медный самородок
immersiveengineering:metal:21, Алюминиевый самородок
immersiveengineering:metal:22, Свинцовый самородок
immersiveengineering:metal:23, Серебряный самородок
immersiveengineering:metal:24, Никелевый самородок
immersiveengineering:metal:25, Урановый самородок
immersiveengineering:metal:26, Константановый самородок
immersiveengineering:metal:27, Электрумовый самородок
immersiveengineering:metal:28, Стальной самородок
immersiveengineering:metal:29, Железный самородок
immersiveengineering:metal:30, Медная пластина
immersiveengineering:metal:31, Алюминиевая пластина
immersiveengineering:metal:32, Свинцовая пластина
immersiveengineering:metal:33, Серебряная пластина
immersiveengineering:metal:34, Никелевая пластина
immersiveengineering:metal:35, Урановая пластина
immersiveengineering:metal:36, Константановая пластина
immersiveengineering:metal:37, Электрумовая пластина
immersiveengineering:metal:38, Стальная пластина
immersiveengineering:metal:39, Железная пластина
immersiveengineering:metal:40, Золотая пластина
immersiveengineering:tool:0, Молот инженера
immersiveengineering:tool:1, Кусачки инженера
immersiveengineering:tool:2, Вольтметр инженера
immersiveengineering:tool:3, Руководство инженера
immersiveengineering:pickaxe_steel, Стальная кирка
immersiveengineering:shovel_steel, Стальная лопата
immersiveengineering:axe_steel, Стальной топор
immersiveengineering:hoe_steel, Steel Hoe
immersiveengineering:sword_steel, Стальной меч
immersiveengineering:toolbox, Ящик для инструментов
immersiveengineering:wirecoil:0, Моток низковольтного провода
immersiveengineering:wirecoil:1, Моток средневольтного провода
immersiveengineering:wirecoil:2, Моток высоковольтного провода
immersiveengineering:wirecoil:3, Моток пенькового каната
immersiveengineering:wirecoil:4, Моток стального троса
immersiveengineering:wirecoil:5, Моток краснокаменного провода
immersiveengineering:wirecoil:6, Моток низковольтного провода с изоляцией
immersiveengineering:wirecoil:7, Моток средневольтного провода с изоляцией
immersiveengineering:seed:0, Семена промышленной конопли
immersiveengineering:drill:0, Шахтёрский бур
immersiveengineering:drillhead:0, Стальное буровое долото
immersiveengineering:drillhead:1, Железное буровое долото
immersiveengineering:jerrycan, Канистра
immersiveengineering:mold:0, Пресс-форма "Пластина"
immersiveengineering:mold:1, Пресс-форма "Шестерня"
immersiveengineering:mold:2, Пресс-форма "Прут"
immersiveengineering:mold:3, Пресс-форма "Патрон"
immersiveengineering:mold:4, Пресс-форма "Провод"
immersiveengineering:mold:5, Пресс-форма "Упаковка 2x2"
immersiveengineering:mold:6, Пресс-форма "Упаковка 3x3"
immersiveengineering:mold:7, Пресс-форма "Распаковка"
immersiveengineering:blueprint, Инженерный чертёж
immersiveengineering:revolver, Револьвер
immersiveengineering:speedloader, Ускоритель заряжания
immersiveengineering:bullet:0, Металлическая гильза
immersiveengineering:bullet:1, Гильза
immersiveengineering:bullet:2, Простой патрон
immersiveengineering:bullet:2, Бронебойный патрон
immersiveengineering:bullet:2, Картечь
immersiveengineering:bullet:2, Фугасный патрон
immersiveengineering:bullet:2, Серебряный патрон
immersiveengineering:bullet:2, Патрон "Дыхание дракона"
immersiveengineering:bullet:2, Патрон с зельем
immersiveengineering:bullet:2, Сигнальный патрон
immersiveengineering:chemthrower, Жидкомёт
immersiveengineering:railgun, Рельсотрон
immersiveengineering:skyhook, Небесный крюк
immersiveengineering:toolupgrade:0, Баллон со сжатым воздухом
immersiveengineering:toolupgrade:1, Продвинутая смазочная система
immersiveengineering:toolupgrade:2, Дополнительные шнеки
immersiveengineering:toolupgrade:3, Большой баллон
immersiveengineering:toolupgrade:4, Штык
immersiveengineering:toolupgrade:5, Расширенный магазин
immersiveengineering:toolupgrade:6, Усиливающие электронные лампы
immersiveengineering:toolupgrade:7, Направленное сопло
immersiveengineering:toolupgrade:8, Точный прицел
immersiveengineering:toolupgrade:9, Дополнительные конденсаторы
immersiveengineering:toolupgrade:10, Лампа-вспышка
immersiveengineering:toolupgrade:11, Шокоизлучатели
immersiveengineering:toolupgrade:12, Магнитная перчатка
immersiveengineering:toolupgrade:13, Мультибаллон
immersiveengineering:shader, Шейдер
immersiveengineering:shader_bag, Мешок шейдеров
immersiveengineering:earmuffs, Защитные наушники
immersiveengineering:coresample, Образец породы
immersiveengineering:graphite_electrode, Графитовый электрод
immersiveengineering:faraday_suit_feet, Сапоги Фарадея
immersiveengineering:faraday_suit_legs, Поножи Фарадея
immersiveengineering:faraday_suit_chest, Нагрудник Фарадея
immersiveengineering:faraday_suit_head, Шлем Фарадея
immersiveengineering:fluorescent_tube, Флуоресцентная лампа
immersiveengineering:powerpack, Конденсаторный рюкзак
immersiveengineering:shield, Тяжёлый крытый щит
immersiveengineering:maintenance_kit, Комплект для обслуживания
immersiveengineering:steel_armor_feet, Steel Boots
immersiveengineering:steel_armor_legs, Steel Leggings
immersiveengineering:steel_armor_chest, Steel Chestplate
immersiveengineering:steel_armor_head, Steel Helmet
buildcraftcore:spring:0, Источник воды
buildcraftcore:spring:1, Источник нефти
buildcraftcore:decorated:0, tile.decorated.destroy.name
buildcraftcore:decorated:1, Чертёж (декорация)
buildcraftcore:decorated:2, Шаблон (декорация)
buildcraftcore:decorated:3, tile.decorated.paper.name
buildcraftcore:decorated:4, tile.decorated.leather.name
buildcraftcore:decorated:5, Лазер (декорация)
buildcraftcore:marker_volume, Метка
buildcraftcore:marker_path, Направляющая метка
buildcraftcore:engine:0, Двигатель на красном камне
buildcraftcore:engine:1, Двигатель Стирлинга
buildcraftcore:engine:2, Двигатель внутреннего сгорания
buildcraftcore:engine:3, Двигатель для творческого режима
buildcraftcore:wrench, Гаечный ключ
buildcraftcore:gear_wood, Деревянная шестерня
buildcraftcore:gear_stone, Каменная шестерня
buildcraftcore:gear_iron, Железная шестерня
buildcraftcore:gear_gold, Золотая шестерня
buildcraftcore:gear_diamond, Алмазная шестерня
buildcraftcore:paintbrush:64, Кисточка
buildcraftcore:paintbrush:0, §z§0§fБелый§r Кисточка
buildcraftcore:paintbrush:0, §z§1§6Оранжевый§r Кисточка
buildcraftcore:paintbrush:0, §z§2§dПурпурный§r Кисточка
buildcraftcore:paintbrush:0, §z§3§bГолубой§r Кисточка
buildcraftcore:paintbrush:0, §z§4§eЖёлтый§r Кисточка
buildcraftcore:paintbrush:0, §z§5§aЛаймовый§r Кисточка
buildcraftcore:paintbrush:0, §z§6§dРозовый§r Кисточка
buildcraftcore:paintbrush:0, §z§7§7Серый§r Кисточка
buildcraftcore:paintbrush:0, §z§8§7Светло-серый§r Кисточка
buildcraftcore:paintbrush:0, §z§9§3Бирюзовый§r Кисточка
buildcraftcore:paintbrush:0, §z§a§dФиолетовый§r Кисточка
buildcraftcore:paintbrush:0, §9§9Синий§r Кисточка
buildcraftcore:paintbrush:0, §z§c§6Коричневый§r Кисточка
buildcraftcore:paintbrush:0, §z§d§aЗелёный§r Кисточка
buildcraftcore:paintbrush:0, §z§e§cКрасный§r Кисточка
buildcraftcore:paintbrush:0, §0§7Чёрный§r Кисточка
buildcraftcore:list, Список
buildcraftcore:map_location:0, Карта расположения
buildcraftcore:marker_connector, Разъем маркера
buildcraftcore:volume_box, item.volume_box.name
buildcraftcore:fragile_fluid_shard, Хрупкий %s осколок
buildcraftbuilders:snapshot:2, Строительный проект
buildcraftbuilders:snapshot:0, Чертёж
buildcraftbuilders:schematic_single:0, Схема одного блока
buildcraftbuilders:filler_planner, Планировщик заполнения
buildcraftbuilders:filler, Заполнитель
buildcraftbuilders:builder, Строитель
buildcraftbuilders:architect, Стол архитектора
buildcraftbuilders:library, Библиотека проектов
buildcraftbuilders:replacer, tile.replacerBlock.name
buildcraftbuilders:frame, Каркас
buildcraftbuilders:quarry, Карьер
buildcrafttransport:pipe_structure:0, Структурная труба
buildcrafttransport:pipe_wood_item:0, Деревянная транспортная труба
buildcrafttransport:pipe_cobble_item:0, Булыжниковая транспортная труба
buildcrafttransport:pipe_stone_item:0, Каменная транспортная труба
buildcrafttransport:pipe_quartz_item:0, Кварцевая транспортная труба
buildcrafttransport:pipe_iron_item:0, Железная транспортная труба
buildcrafttransport:pipe_gold_item:0, Золотая транспортная труба
buildcrafttransport:pipe_clay_item:0, Глиняная транспортная труба
buildcrafttransport:pipe_sandstone_item:0, Песчаниковая транспортная труба
buildcrafttransport:pipe_void_item:0, Пустотная транспортная труба
buildcrafttransport:pipe_obsidian_item:0, Обсидиановая транспортная труба
buildcrafttransport:pipe_diamond_item:0, Алмазная транспортная труба
buildcrafttransport:pipe_diamond_wood_item:0, Wooden Diamond Transport Pipe
buildcrafttransport:pipe_lapis_item:0, Лазуритовая транспортная труба
buildcrafttransport:pipe_daizuli_item:0, Алмазуритовая транспортная труба
buildcrafttransport:pipe_emzuli_item:0, Изумуритовая транспортная труба
buildcrafttransport:pipe_stripes_item:0, Активная транспортная труба
buildcrafttransport:pipe_wood_fluid:0, Деревянная жидкостная труба
buildcrafttransport:pipe_cobble_fluid:0, Булыжниковая жидкостная труба
buildcrafttransport:pipe_stone_fluid:0, Каменная жидкостная труба
buildcrafttransport:pipe_quartz_fluid:0, Кварцевая жидкостная труба
buildcrafttransport:pipe_gold_fluid:0, Золотая жидкостная труба
buildcrafttransport:pipe_iron_fluid:0, Железная жидкостная труба
buildcrafttransport:pipe_clay_fluid:0, Глиняная жидкостная труба
buildcrafttransport:pipe_sandstone_fluid:0, Песчаниковая жидкостная труба
buildcrafttransport:pipe_void_fluid:0, Пустотная жидкостная труба
buildcrafttransport:pipe_diamond_fluid:0, Алмазная жидкостная труба
buildcrafttransport:pipe_diamond_wood_fluid:0, Wooden Diamond Fluid Pipe
buildcrafttransport:pipe_wood_power:0, Деревянная энергетическая труба
buildcrafttransport:pipe_cobble_power:0, Булыжниковая энергетическая труба
buildcrafttransport:pipe_stone_power:0, Каменная энергетическая труба
buildcrafttransport:pipe_quartz_power:0, Кварцевая энергетическая труба
buildcrafttransport:pipe_iron_power:0, Железная энергетическая труба
buildcrafttransport:pipe_gold_power:0, Золотая энергетическая труба
buildcrafttransport:pipe_sandstone_power:0, Песчаниковая энергетическая труба
buildcrafttransport:pipe_diamond_power:0, Алмазная энергетическая труба
buildcrafttransport:pipe_diamond_wood_power:0, Wooden Diamond Kinesis Pipe
buildcrafttransport:pipe_wood_rf:0, Wooden Redstone Flux Pipe
buildcrafttransport:pipe_cobble_rf:0, Cobblestone Redstone Flux Pipe
buildcrafttransport:pipe_stone_rf:0, Stone Redstone Flux Pipe
buildcrafttransport:pipe_quartz_rf:0, Quartz Redstone Flux Pipe
buildcrafttransport:pipe_iron_rf:0, Iron Redstone Flux Pipe
buildcrafttransport:pipe_gold_rf:0, Golden Redstone Flux Pipe
buildcrafttransport:pipe_sandstone_rf:0, item.PipeRedstoneFluxSandstone.name
buildcrafttransport:pipe_diamond_rf:0, Diamond Redstone Flux Pipe
buildcrafttransport:pipe_diamond_wood_rf:0, Wooden Diamond Redstone Flux Pipe
buildcrafttransport:filtered_buffer, Фильтр
buildcrafttransport:waterproof, Уплотнитель для труб
buildcrafttransport:plug_blocker, Заглушка для труб
buildcrafttransport:plug_power_adaptor, Энергетический адаптер
buildcrafttransport:wire:0, §z§0§fБелый§r Провод трубы
buildcrafttransport:wire:1, §z§1§6Оранжевый§r Провод трубы
buildcrafttransport:wire:2, §z§2§dПурпурный§r Провод трубы
buildcrafttransport:wire:3, §z§3§bГолубой§r Провод трубы
buildcrafttransport:wire:4, §z§4§eЖёлтый§r Провод трубы
buildcrafttransport:wire:5, §z§5§aЛаймовый§r Провод трубы
buildcrafttransport:wire:6, §z§6§dРозовый§r Провод трубы
buildcrafttransport:wire:7, §z§7§7Серый§r Провод трубы
buildcrafttransport:wire:8, §z§8§7Светло-серый§r Провод трубы
buildcrafttransport:wire:9, §z§9§3Бирюзовый§r Провод трубы
buildcrafttransport:wire:10, §z§a§dФиолетовый§r Провод трубы
buildcrafttransport:wire:11, §9§9Синий§r Провод трубы
buildcrafttransport:wire:12, §z§c§6Коричневый§r Провод трубы
buildcrafttransport:wire:13, §z§d§aЗелёный§r Провод трубы
buildcrafttransport:wire:14, §z§e§cКрасный§r Провод трубы
buildcrafttransport:wire:15, §0§7Чёрный§r Провод трубы
buildcraftsilicon:laser, Лазер
buildcraftsilicon:assembly_table, Сборочный стол
buildcraftsilicon:advanced_crafting_table, Сборочный верстак
buildcraftsilicon:integration_table, Стол интеграции
buildcraftsilicon:redstone_chipset:0, Микросхема из красного камня
buildcraftsilicon:redstone_chipset:1, Железная микросхема
buildcraftsilicon:redstone_chipset:2, Золотая микросхема
buildcraftsilicon:redstone_chipset:3, Кварцевая микросхема
buildcraftsilicon:redstone_chipset:4, Алмазная микросхема
buildcraftsilicon:gate_copier, Копировальщик гейтов
buildcraftsilicon:plug_gate, item.gate.name
buildcraftsilicon:plug_lens:0, §0§7Чёрный§r Линза
buildcraftsilicon:plug_lens:1, §z§e§cКрасный§r Линза
buildcraftsilicon:plug_lens:2, §z§d§aЗелёный§r Линза
buildcraftsilicon:plug_lens:3, §z§c§6Коричневый§r Линза
buildcraftsilicon:plug_lens:4, §9§9Синий§r Линза
buildcraftsilicon:plug_lens:5, §z§a§dФиолетовый§r Линза
buildcraftsilicon:plug_lens:6, §z§9§3Бирюзовый§r Линза
buildcraftsilicon:plug_lens:7, §z§8§7Светло-серый§r Линза
buildcraftsilicon:plug_lens:8, §z§7§7Серый§r Линза
buildcraftsilicon:plug_lens:9, §z§6§dРозовый§r Линза
buildcraftsilicon:plug_lens:10, §z§5§aЛаймовый§r Линза
buildcraftsilicon:plug_lens:11, §z§4§eЖёлтый§r Линза
buildcraftsilicon:plug_lens:12, §z§3§bГолубой§r Линза
buildcraftsilicon:plug_lens:13, §z§2§dПурпурный§r Линза
buildcraftsilicon:plug_lens:14, §z§1§6Оранжевый§r Линза
buildcraftsilicon:plug_lens:15, §z§0§fБелый§r Линза
buildcraftsilicon:plug_lens:16, §0§7Чёрный§r Фильтр
buildcraftsilicon:plug_lens:17, §z§e§cКрасный§r Фильтр
buildcraftsilicon:plug_lens:18, §z§d§aЗелёный§r Фильтр
buildcraftsilicon:plug_lens:19, §z§c§6Коричневый§r Фильтр
buildcraftsilicon:plug_lens:20, §9§9Синий§r Фильтр
buildcraftsilicon:plug_lens:21, §z§a§dФиолетовый§r Фильтр
buildcraftsilicon:plug_lens:22, §z§9§3Бирюзовый§r Фильтр
buildcraftsilicon:plug_lens:23, §z§8§7Светло-серый§r Фильтр
buildcraftsilicon:plug_lens:24, §z§7§7Серый§r Фильтр
buildcraftsilicon:plug_lens:25, §z§6§dРозовый§r Фильтр
buildcraftsilicon:plug_lens:26, §z§5§aЛаймовый§r Фильтр
buildcraftsilicon:plug_lens:27, §z§4§eЖёлтый§r Фильтр
buildcraftsilicon:plug_lens:28, §z§3§bГолубой§r Фильтр
buildcraftsilicon:plug_lens:29, §z§2§dПурпурный§r Фильтр
buildcraftsilicon:plug_lens:30, §z§1§6Оранжевый§r Фильтр
buildcraftsilicon:plug_lens:31, §z§0§fБелый§r Фильтр
buildcraftsilicon:plug_lens:32, Чистый Линза
buildcraftsilicon:plug_lens:33, Чистый Фильтр
buildcraftsilicon:plug_pulsar, Труба пульсар
buildcraftsilicon:plug_light_sensor, Световой датчик
buildcraftsilicon:plug_timer, Timer
buildcraftenergy:glob_of_oil, item.globOil.name
buildcraftfactory:autoworkbench_item, Автоматический верстак
buildcraftfactory:mining_well, Буровая установка
buildcraftfactory:pump, Помпа
buildcraftfactory:flood_gate, Шлюз
buildcraftfactory:tank, Цистерна
buildcraftfactory:chute, Воронка
buildcraftfactory:distiller, Дистиллятор
buildcraftfactory:heat_exchange, Теплообменник
buildcraftfactory:water_gel_spawn, Увлажнённая вода
buildcraftfactory:gel, Гелевая вода
buildcraftrobotics:zone_planner, Zone Planner
extendedae:infinity_cell, ME Infinity %s Cell